Activations_Trial1_Task1
version=1
nRows=4000
nColumns=9
DataType=double
endheader
time	/forceset/APL	/forceset/FCR	/forceset/FDS	/forceset/FDP	/forceset/ED	/forceset/EI	/forceset/ECU	/forceset/ECR
0.00000000	0.85548156	0.96902613	0.93371207	0.96288605	0.96288605	0.84037068	0.90938843	0.97470558
0.00500000	0.85565724	0.96904275	0.93383844	0.96301377	0.96301377	0.84041962	0.90946781	0.97478714
0.01000000	0.85599131	0.96907435	0.93407874	0.96325657	0.96325657	0.84051264	0.90961874	0.97494220
0.01500000	0.85646756	0.96911938	0.93442126	0.96360251	0.96360252	0.84064511	0.90983388	0.97516321
0.02000000	0.85707083	0.96917636	0.93485508	0.96404035	0.96404035	0.84081263	0.91010635	0.97544301
0.02500000	0.85778698	0.96924392	0.93536994	0.96455948	0.96455949	0.84101108	0.91042967	0.97577493
0.03000000	0.85860280	0.96932077	0.93595630	0.96514996	0.96514996	0.84123652	0.91079784	0.97615268
0.03500000	0.85950605	0.96940570	0.93660527	0.96580245	0.96580245	0.84148527	0.91120522	0.97657040
0.04000000	0.86048536	0.96949758	0.93730859	0.96650822	0.96650822	0.84175387	0.91164660	0.97702260
0.04500000	0.86153023	0.96959535	0.93805862	0.96725913	0.96725914	0.84203907	0.91211711	0.97750418
0.05000000	0.86263097	0.96969804	0.93884832	0.96804764	0.96804765	0.84233783	0.91261230	0.97801041
0.05500000	0.86377871	0.96980475	0.93967122	0.96886674	0.96886675	0.84264736	0.91312801	0.97853692
0.06000000	0.86496529	0.96991465	0.94052135	0.96970996	0.96970996	0.84296506	0.91366045	0.97907964
0.06500000	0.86618325	0.97002698	0.94139330	0.97057135	0.97057136	0.84328852	0.91420614	0.97963487
0.07000000	0.86742580	0.97014105	0.94228208	0.97144546	0.97144547	0.84361556	0.91476189	0.98019918
0.07500000	0.86868676	0.97025622	0.94318319	0.97232730	0.97232731	0.84394419	0.91532479	0.98076942
0.08000000	0.86996049	0.97037192	0.94409253	0.97321233	0.97321234	0.84427259	0.91589218	0.98134274
0.08500000	0.87124189	0.97048764	0.94500637	0.97409642	0.97409643	0.84459912	0.91646165	0.98191651
0.09000000	0.87252630	0.97060291	0.94592132	0.97497583	0.97497585	0.84492233	0.91703099	0.98248834
0.09500000	0.87380950	0.97071731	0.94683434	0.97584719	0.97584721	0.84524090	0.91759822	0.98305604
0.10000000	0.87508766	0.97083048	0.94774265	0.97670744	0.97670746	0.84555367	0.91816152	0.98361763
0.10500000	0.87635729	0.97094207	0.94864373	0.97755384	0.97755386	0.84585964	0.91871923	0.98417129
0.11000000	0.87761518	0.97105180	0.94953531	0.97838394	0.97838396	0.84615791	0.91926985	0.98471537
0.11500000	0.87885842	0.97115940	0.95041529	0.97919552	0.97919554	0.84644771	0.91981201	0.98524836
0.12000000	0.88008432	0.97126465	0.95128180	0.97998661	0.97998664	0.84672838	0.92034447	0.98576888
0.12500000	0.88129043	0.97136735	0.95213311	0.98075545	0.98075548	0.84699935	0.92086607	0.98627566
0.13000000	0.88247446	0.97146731	0.95296762	0.98150048	0.98150051	0.84726016	0.92137578	0.98676755
0.13500000	0.88363431	0.97156439	0.95378391	0.98222029	0.98222032	0.84751042	0.92187264	0.98724348
0.14000000	0.88476804	0.97165846	0.95458063	0.98291365	0.98291368	0.84774982	0.92235579	0.98770250
0.14500000	0.88587382	0.97174939	0.95535658	0.98357948	0.98357951	0.84797812	0.92282443	0.98814371
0.15000000	0.88695000	0.97183710	0.95611063	0.98421682	0.98421685	0.84819513	0.92327783	0.98856630
0.15500000	0.88799500	0.97192151	0.95684176	0.98482485	0.98482489	0.84840073	0.92371534	0.98896954
0.16000000	0.88900740	0.97200255	0.95754905	0.98540286	0.98540290	0.84859485	0.92413636	0.98935276
0.16500000	0.88998588	0.97208018	0.95823164	0.98595026	0.98595030	0.84877747	0.92454038	0.98971535
0.17000000	0.89092924	0.97215434	0.95888879	0.98646656	0.98646661	0.84894861	0.92492693	0.99005678
0.17500000	0.89183637	0.97222503	0.95951981	0.98695139	0.98695143	0.84910832	0.92529560	0.99037658
0.18000000	0.89270629	0.97229223	0.96012412	0.98740445	0.98740450	0.84925670	0.92564606	0.99067435
0.18500000	0.89353814	0.97235594	0.96070120	0.98782557	0.98782562	0.84939390	0.92597803	0.99094974
0.19000000	0.89433117	0.97241616	0.96125063	0.98821465	0.98821470	0.84952006	0.92629129	0.99120247
0.19500000	0.89508472	0.97247293	0.96177207	0.98857170	0.98857176	0.84963540	0.92658569	0.99143233
0.20000000	0.89579828	0.97252627	0.96226527	0.98889682	0.98889688	0.84974013	0.92686114	0.99163918
0.20500000	0.89647145	0.97257623	0.96273004	0.98919020	0.98919025	0.84983450	0.92711762	0.99182292
0.21000000	0.89710393	0.97262286	0.96316630	0.98945211	0.98945216	0.84991880	0.92735515	0.99198353
0.21500000	0.89769555	0.97266623	0.96357404	0.98968291	0.98968297	0.84999332	0.92757383	0.99212107
0.22000000	0.89824625	0.97270640	0.96395334	0.98988305	0.98988311	0.85005839	0.92777382	0.99223564
0.22500000	0.89875610	0.97274347	0.96430436	0.99005307	0.99005313	0.85011434	0.92795533	0.99232741
0.23000000	0.89922524	0.97277752	0.96462732	0.99019355	0.99019362	0.85016155	0.92811863	0.99239661
0.23500000	0.89965396	0.97280866	0.96492254	0.99030520	0.99030526	0.85020039	0.92826405	0.99244355
0.24000000	0.90004264	0.97283698	0.96519040	0.99038875	0.99038882	0.85023124	0.92839197	0.99246856
0.24500000	0.90039176	0.97286261	0.96543136	0.99044502	0.99044509	0.85025452	0.92850281	0.99247206
0.25000000	0.90070187	0.97288566	0.96564593	0.99047489	0.99047496	0.85027065	0.92859705	0.99246109
0.25500000	0.90097366	0.97290626	0.96583469	0.99047930	0.99047937	0.85028003	0.92867521	0.99243688
0.26000000	0.90120785	0.97292455	0.96599828	0.99046675	0.99046682	0.85028311	0.92873784	0.99239931
0.26500000	0.90140528	0.97294064	0.96613739	0.99043907	0.99043914	0.85028137	0.92878553	0.99234836
0.27000000	0.90156685	0.97295469	0.96625276	0.99039642	0.99039649	0.85027616	0.92881891	0.99228406
0.27500000	0.90169350	0.97296684	0.96634517	0.99033901	0.99033908	0.85026763	0.92883862	0.99220650
0.28000000	0.90178626	0.97297722	0.96641543	0.99026715	0.99026722	0.85025595	0.92884535	0.99211584
0.28500000	0.90184622	0.97298598	0.96646441	0.99018120	0.99018127	0.85024130	0.92884188	0.99201229
0.29000000	0.90187448	0.97299326	0.96649299	0.99008160	0.99008167	0.85022387	0.92883103	0.99189610
0.29500000	0.90187306	0.97299922	0.96650206	0.98996882	0.98996889	0.85020385	0.92881299	0.99176760
0.30000000	0.90185326	0.97300398	0.96649613	0.98984339	0.98984347	0.85018145	0.92878800	0.99162714
0.30500000	0.90181517	0.97300769	0.96647895	0.98970590	0.98970597	0.85015688	0.92875631	0.99147512
0.31000000	0.90175895	0.97301048	0.96645074	0.98955695	0.98955702	0.85013036	0.92871822	0.99131197
0.31500000	0.90168486	0.97301250	0.96641172	0.98939718	0.98939725	0.85010209	0.92867402	0.99113817
0.32000000	0.90159323	0.97301387	0.96636221	0.98922727	0.98922734	0.85007230	0.92862408	0.99095421
0.32500000	0.90148446	0.97301472	0.96630254	0.98904790	0.98904797	0.85004119	0.92856873	0.99076064
0.33000000	0.90135900	0.97301516	0.96623308	0.98885980	0.98885987	0.85000896	0.92850836	0.99055800
0.33500000	0.90121737	0.97301532	0.96615425	0.98866369	0.98866376	0.84997583	0.92844335	0.99034688
0.34000000	0.90106014	0.97301532	0.96606647	0.98846030	0.98846037	0.84994197	0.92837409	0.99012787
0.34500000	0.90088790	0.97301526	0.96597021	0.98825038	0.98825045	0.84990758	0.92830097	0.98990159
0.35000000	0.90070132	0.97301522	0.96586595	0.98803467	0.98803474	0.84987284	0.92822441	0.98966867
0.35500000	0.90050108	0.97301528	0.96575420	0.98781391	0.98781398	0.84983791	0.92814479	0.98942975
0.36000000	0.90028789	0.97301553	0.96563545	0.98758884	0.98758891	0.84980295	0.92806252	0.98918547
0.36500000	0.90006251	0.97301607	0.96551025	0.98736021	0.98736027	0.84976812	0.92797799	0.98893649
0.37000000	0.89982570	0.97301695	0.96537912	0.98712872	0.98712878	0.84973353	0.92789160	0.98868347
0.37500000	0.89957824	0.97301824	0.96524260	0.98689509	0.98689515	0.84969933	0.92780371	0.98842707
0.38000000	0.89932094	0.97302000	0.96510123	0.98666002	0.98666008	0.84966561	0.92771470	0.98816794
0.38500000	0.89905461	0.97302226	0.96495554	0.98642419	0.98642425	0.84963249	0.92762492	0.98790674
0.39000000	0.89878007	0.97302508	0.96480608	0.98618826	0.98618832	0.84960004	0.92753472	0.98764413
0.39500000	0.89849815	0.97302847	0.96465337	0.98595288	0.98595294	0.84956836	0.92744441	0.98738074
0.40000000	0.89820968	0.97303247	0.96449795	0.98571867	0.98571873	0.84953749	0.92735432	0.98711722
0.40500000	0.89791548	0.97303709	0.96434032	0.98548622	0.98548628	0.84950751	0.92726473	0.98685418
0.41000000	0.89761637	0.97304234	0.96418100	0.98525611	0.98525617	0.84947843	0.92717592	0.98659224
0.41500000	0.89731319	0.97304821	0.96402049	0.98502890	0.98502895	0.84945031	0.92708814	0.98633201
0.42000000	0.89700672	0.97305471	0.96385927	0.98480509	0.98480514	0.84942317	0.92700163	0.98607406
0.42500000	0.89669778	0.97306182	0.96369780	0.98458520	0.98458524	0.84939700	0.92691661	0.98581896
0.43000000	0.89638714	0.97306952	0.96353655	0.98436968	0.98436973	0.84937182	0.92683326	0.98556727
0.43500000	0.89607557	0.97307778	0.96337594	0.98415898	0.98415903	0.84934762	0.92675176	0.98531952
0.44000000	0.89576382	0.97308657	0.96321641	0.98395351	0.98395355	0.84932438	0.92667226	0.98507622
0.44500000	0.89545262	0.97309585	0.96305834	0.98375365	0.98375370	0.84930208	0.92659489	0.98483785
0.45000000	0.89514269	0.97310558	0.96290214	0.98355976	0.98355980	0.84928070	0.92651977	0.98460489
0.45500000	0.89483471	0.97311571	0.96274816	0.98337216	0.98337220	0.84926019	0.92644698	0.98437779
0.46000000	0.89452934	0.97312618	0.96259676	0.98319114	0.98319118	0.84924052	0.92637659	0.98415697
0.46500000	0.89422723	0.97313694	0.96244825	0.98301697	0.98301701	0.84922164	0.92630865	0.98394282
0.47000000	0.89392898	0.97314792	0.96230295	0.98284989	0.98284992	0.84920349	0.92624320	0.98373571
0.47500000	0.89363518	0.97315907	0.96216115	0.98269010	0.98269013	0.84918603	0.92618024	0.98353601
0.48000000	0.89334638	0.97317030	0.96202311	0.98253779	0.98253782	0.84916920	0.92611978	0.98334402
0.48500000	0.89306313	0.97318155	0.96188909	0.98239310	0.98239313	0.84915293	0.92606178	0.98316004
0.49000000	0.89278591	0.97319275	0.96175931	0.98225616	0.98225619	0.84913716	0.92600622	0.98298435
0.49500000	0.89251521	0.97320382	0.96163399	0.98212707	0.98212709	0.84912183	0.92595305	0.98281718
0.50000000	0.89225145	0.97321468	0.96151331	0.98200590	0.98200592	0.84910688	0.92590219	0.98265876
0.50500000	0.89199506	0.97322525	0.96139746	0.98189270	0.98189272	0.84909224	0.92585358	0.98250927
0.51000000	0.89174642	0.97323547	0.96128659	0.98178749	0.98178751	0.84907784	0.92580712	0.98236887
0.51500000	0.89150587	0.97324526	0.96118083	0.98169027	0.98169029	0.84906363	0.92576273	0.98223770
0.52000000	0.89127375	0.97325453	0.96108030	0.98160102	0.98160103	0.84904953	0.92572029	0.98211587
0.52500000	0.89105035	0.97326321	0.96098512	0.98151969	0.98151970	0.84903548	0.92567969	0.98200346
0.53000000	0.89083593	0.97327123	0.96089537	0.98144622	0.98144623	0.84902142	0.92564082	0.98190053
0.53500000	0.89063074	0.97327853	0.96081113	0.98138052	0.98138054	0.84900730	0.92560355	0.98180712
0.54000000	0.89043498	0.97328502	0.96073245	0.98132250	0.98132251	0.84899305	0.92556777	0.98172322
0.54500000	0.89024884	0.97329065	0.96065939	0.98127203	0.98127204	0.84897862	0.92553333	0.98164883
0.55000000	0.89007248	0.97329535	0.96059196	0.98122897	0.98122898	0.84896396	0.92550011	0.98158390
0.55500000	0.88990603	0.97329906	0.96053020	0.98119318	0.98119319	0.84894901	0.92546798	0.98152836
0.56000000	0.88974960	0.97330173	0.96047411	0.98116448	0.98116449	0.84893373	0.92543682	0.98148213
0.56500000	0.88960327	0.97330330	0.96042368	0.98114270	0.98114270	0.84891808	0.92540649	0.98144509
0.57000000	0.88946711	0.97330374	0.96037891	0.98112764	0.98112765	0.84890201	0.92537689	0.98141713
0.57500000	0.88934116	0.97330327	0.96033976	0.98111911	0.98111911	0.84888548	0.92534788	0.98139808
0.58000000	0.88922542	0.97330201	0.96030621	0.98111688	0.98111688	0.84886846	0.92531937	0.98138778
0.58500000	0.88911990	0.97329993	0.96027820	0.98112305	0.98112305	0.84885092	0.92529123	0.98138603
0.59000000	0.88902457	0.97329697	0.96025569	0.98113836	0.98113836	0.84883283	0.92526337	0.98139659
0.59500000	0.88893939	0.97329309	0.96023862	0.98116209	0.98116209	0.84881417	0.92523570	0.98141976
0.60000000	0.88886431	0.97328826	0.96022693	0.98119358	0.98119358	0.84879492	0.92520813	0.98145470
0.60500000	0.88879923	0.97328245	0.96022053	0.98123219	0.98123219	0.84877505	0.92518058	0.98150061
0.61000000	0.88874407	0.97327562	0.96021936	0.98127730	0.98127730	0.84875456	0.92515299	0.98155674
0.61500000	0.88869870	0.97326775	0.96022571	0.98132835	0.98132834	0.84873344	0.92512528	0.98162234
0.62000000	0.88866301	0.97325882	0.96023990	0.98138477	0.98138477	0.84871169	0.92509741	0.98169672
0.62500000	0.88863685	0.97324882	0.96026151	0.98144605	0.98144605	0.84868930	0.92506934	0.98177918
0.63000000	0.88862007	0.97323774	0.96029013	0.98151168	0.98151168	0.84866628	0.92504102	0.98186907
0.63500000	0.88861248	0.97322557	0.96032540	0.98158119	0.98158119	0.84864264	0.92501244	0.98196575
0.64000000	0.88861475	0.97321231	0.96036695	0.98165412	0.98165411	0.84861839	0.92498357	0.98206860
0.64500000	0.88863105	0.97319796	0.96041445	0.98173002	0.98173002	0.84859355	0.92495441	0.98217702
0.65000000	0.88866051	0.97318253	0.96046761	0.98180850	0.98180849	0.84856814	0.92492495	0.98229043
0.65500000	0.88870231	0.97316602	0.96052611	0.98188913	0.98188913	0.84854219	0.92489521	0.98240827
0.66000000	0.88875568	0.97314846	0.96058968	0.98197155	0.98197155	0.84851573	0.92486519	0.98253000
0.66500000	0.88881988	0.97312986	0.96065806	0.98205539	0.98205539	0.84848879	0.92483492	0.98265508
0.67000000	0.88889421	0.97311024	0.96073100	0.98214031	0.98214031	0.84846142	0.92480443	0.98278301
0.67500000	0.88897798	0.97308964	0.96080827	0.98222597	0.98222597	0.84843366	0.92477374	0.98291329
0.68000000	0.88907054	0.97306807	0.96088963	0.98231206	0.98231206	0.84840555	0.92474290	0.98304546
0.68500000	0.88917125	0.97304558	0.96097488	0.98239828	0.98239829	0.84837716	0.92471196	0.98317905
0.69000000	0.88927950	0.97302220	0.96106382	0.98248436	0.98248436	0.84834853	0.92468096	0.98331361
0.69500000	0.88939469	0.97299797	0.96115625	0.98257001	0.98257002	0.84831972	0.92464996	0.98344874
0.70000000	0.88951622	0.97297294	0.96125199	0.98265499	0.98265500	0.84829079	0.92461901	0.98358402
0.70500000	0.88964352	0.97294714	0.96135087	0.98273906	0.98273907	0.84826182	0.92458817	0.98371907
0.71000000	0.88977602	0.97292065	0.96145272	0.98282200	0.98282201	0.84823286	0.92455750	0.98385352
0.71500000	0.88991318	0.97289349	0.96155739	0.98290360	0.98290361	0.84820399	0.92452705	0.98398701
0.72000000	0.89005443	0.97286574	0.96166471	0.98298365	0.98298366	0.84817528	0.92449690	0.98411923
0.72500000	0.89019923	0.97283744	0.96177455	0.98306199	0.98306200	0.84814679	0.92446710	0.98424986
0.73000000	0.89034705	0.97280865	0.96188677	0.98313843	0.98313845	0.84811860	0.92443772	0.98437861
0.73500000	0.89049735	0.97277945	0.96200123	0.98321284	0.98321286	0.84809078	0.92440880	0.98450520
0.74000000	0.89064959	0.97274989	0.96211782	0.98328506	0.98328508	0.84806340	0.92438040	0.98462940
0.74500000	0.89080326	0.97272003	0.96223640	0.98335498	0.98335500	0.84803653	0.92435259	0.98475096
0.75000000	0.89095783	0.97268995	0.96235686	0.98342247	0.98342249	0.84801025	0.92432541	0.98486967
0.75500000	0.89111278	0.97265971	0.96247909	0.98348744	0.98348746	0.84798461	0.92429890	0.98498536
0.76000000	0.89126758	0.97262939	0.96260299	0.98354979	0.98354982	0.84795967	0.92427310	0.98509785
0.76500000	0.89142172	0.97259904	0.96272844	0.98360946	0.98360949	0.84793551	0.92424806	0.98520699
0.77000000	0.89157470	0.97256875	0.96285535	0.98366638	0.98366641	0.84791217	0.92422380	0.98531266
0.77500000	0.89172599	0.97253859	0.96298363	0.98372049	0.98372052	0.84788971	0.92420036	0.98541474
0.78000000	0.89187509	0.97250862	0.96311319	0.98377177	0.98377180	0.84786817	0.92417775	0.98551317
0.78500000	0.89202150	0.97247892	0.96324393	0.98382017	0.98382021	0.84784760	0.92415598	0.98560786
0.79000000	0.89216472	0.97244956	0.96337578	0.98386569	0.98386573	0.84782803	0.92413508	0.98569878
0.79500000	0.89230426	0.97242062	0.96350865	0.98390832	0.98390836	0.84780949	0.92411503	0.98578591
0.80000000	0.89243961	0.97239216	0.96364247	0.98394807	0.98394811	0.84779200	0.92409583	0.98586923
0.80500000	0.89257031	0.97236427	0.96377717	0.98398495	0.98398499	0.84777559	0.92407749	0.98594876
0.81000000	0.89269587	0.97233700	0.96391267	0.98401898	0.98401902	0.84776025	0.92405997	0.98602454
0.81500000	0.89281582	0.97231043	0.96404893	0.98405021	0.98405026	0.84774599	0.92404327	0.98609661
0.82000000	0.89292971	0.97228462	0.96418586	0.98407868	0.98407873	0.84773281	0.92402735	0.98616505
0.82500000	0.89303708	0.97225966	0.96432343	0.98410444	0.98410449	0.84772069	0.92401220	0.98622994
0.83000000	0.89313748	0.97223559	0.96446157	0.98412756	0.98412761	0.84770962	0.92399776	0.98629138
0.83500000	0.89323050	0.97221249	0.96460025	0.98414811	0.98414816	0.84769956	0.92398400	0.98634950
0.84000000	0.89331569	0.97219041	0.96473942	0.98416617	0.98416622	0.84769049	0.92397089	0.98640442
0.84500000	0.89339267	0.97216942	0.96487903	0.98418182	0.98418187	0.84768235	0.92395837	0.98645630
0.85000000	0.89346104	0.97214958	0.96501908	0.98419516	0.98419521	0.84767510	0.92394640	0.98650528
0.85500000	0.89352042	0.97213095	0.96515951	0.98420629	0.98420635	0.84766868	0.92393494	0.98655155
0.86000000	0.89357045	0.97211357	0.96530032	0.98421532	0.98421538	0.84766303	0.92392392	0.98659528
0.86500000	0.89361079	0.97209749	0.96544149	0.98422237	0.98422242	0.84765809	0.92391331	0.98663666
0.87000000	0.89364110	0.97208278	0.96558301	0.98422755	0.98422760	0.84765376	0.92390306	0.98667591
0.87500000	0.89366108	0.97206947	0.96572487	0.98423098	0.98423104	0.84764999	0.92389312	0.98671322
0.88000000	0.89367044	0.97205760	0.96586707	0.98423281	0.98423287	0.84764667	0.92388345	0.98674880
0.88500000	0.89366949	0.97204722	0.96600963	0.98423316	0.98423322	0.84764372	0.92387400	0.98678289
0.89000000	0.89366155	0.97203836	0.96615255	0.98423255	0.98423261	0.84764104	0.92386476	0.98681571
0.89500000	0.89364621	0.97203105	0.96629584	0.98423117	0.98423123	0.84763855	0.92385568	0.98684747
0.90000000	0.89362311	0.97202533	0.96643954	0.98422909	0.98422915	0.84763612	0.92384675	0.98687841
0.90500000	0.89359190	0.97202121	0.96658366	0.98422638	0.98422644	0.84763367	0.92383795	0.98690877
0.91000000	0.89355226	0.97201873	0.96672823	0.98422312	0.98422319	0.84763109	0.92382928	0.98693876
0.91500000	0.89350389	0.97201791	0.96687329	0.98421940	0.98421947	0.84762827	0.92382073	0.98696862
0.92000000	0.89344653	0.97201924	0.96701886	0.98421532	0.98421538	0.84762510	0.92381233	0.98699856
0.92500000	0.89337994	0.97202322	0.96716500	0.98421095	0.98421102	0.84762149	0.92380408	0.98702882
0.93000000	0.89330390	0.97202974	0.96731173	0.98420642	0.98420649	0.84761731	0.92379603	0.98705960
0.93500000	0.89321822	0.97203872	0.96745910	0.98420183	0.98420189	0.84761248	0.92378822	0.98709110
0.94000000	0.89312276	0.97205010	0.96760715	0.98419728	0.98419735	0.84760688	0.92378070	0.98712355
0.94500000	0.89301737	0.97206378	0.96775591	0.98419290	0.98419297	0.84760043	0.92377355	0.98715712
0.95000000	0.89290195	0.97207969	0.96790541	0.98418880	0.98418886	0.84759301	0.92376684	0.98719200
0.95500000	0.89277643	0.97209775	0.96805570	0.98418509	0.98418516	0.84758455	0.92376067	0.98722837
0.96000000	0.89264076	0.97211788	0.96820680	0.98418191	0.98418197	0.84757495	0.92375515	0.98726639
0.96500000	0.89249492	0.97214001	0.96835874	0.98417937	0.98417944	0.84756414	0.92375040	0.98730621
0.97000000	0.89233891	0.97216405	0.96851153	0.98417760	0.98417767	0.84755203	0.92374655	0.98734799
0.97500000	0.89217278	0.97218993	0.96866519	0.98417673	0.98417680	0.84753856	0.92374375	0.98739184
0.98000000	0.89199657	0.97221755	0.96881972	0.98417697	0.98417704	0.84752366	0.92374216	0.98743789
0.98500000	0.89181038	0.97224684	0.96897511	0.98417904	0.98417911	0.84750728	0.92374194	0.98748625
0.99000000	0.89161432	0.97227770	0.96913136	0.98418306	0.98418313	0.84748936	0.92374410	0.98753700
0.99500000	0.89140853	0.97231005	0.96928844	0.98418917	0.98418924	0.84746988	0.92374899	0.98759023
1.00000000	0.89119316	0.97234380	0.96944630	0.98419749	0.98419756	0.84744879	0.92375684	0.98764601
1.00500000	0.89096842	0.97237886	0.96960492	0.98420814	0.98420821	0.84742608	0.92376789	0.98770438
1.01000000	0.89073449	0.97241512	0.96976422	0.98422123	0.98422130	0.84740172	0.92378241	0.98776539
1.01500000	0.89049163	0.97245249	0.96992414	0.98423688	0.98423695	0.84737572	0.92380065	0.98782907
1.02000000	0.89024008	0.97249088	0.97008459	0.98425518	0.98425525	0.84734807	0.92382290	0.98789544
1.02500000	0.88998012	0.97253019	0.97024547	0.98427625	0.98427631	0.84731878	0.92384943	0.98796449
1.03000000	0.88971204	0.97257030	0.97040668	0.98430015	0.98430022	0.84728787	0.92388052	0.98803622
1.03500000	0.88943615	0.97261112	0.97056808	0.98432699	0.98432705	0.84725538	0.92391647	0.98811060
1.04000000	0.88915279	0.97265254	0.97072954	0.98435682	0.98435689	0.84722134	0.92395757	0.98818762
1.04500000	0.88886230	0.97269446	0.97089091	0.98438972	0.98438979	0.84718579	0.92400409	0.98826721
1.05000000	0.88856504	0.97273677	0.97105202	0.98442574	0.98442580	0.84714879	0.92405634	0.98834933
1.05500000	0.88826138	0.97277937	0.97121269	0.98446492	0.98446499	0.84711040	0.92411458	0.98843392
1.06000000	0.88795172	0.97282214	0.97137275	0.98450730	0.98450737	0.84707068	0.92417909	0.98852091
1.06500000	0.88763645	0.97286499	0.97153198	0.98455290	0.98455297	0.84702970	0.92425013	0.98861020
1.07000000	0.88731596	0.97290780	0.97169017	0.98460175	0.98460182	0.84698756	0.92432796	0.98870172
1.07500000	0.88699069	0.97295047	0.97184711	0.98465383	0.98465390	0.84694432	0.92441283	0.98879536
1.08000000	0.88666105	0.97299289	0.97200257	0.98470915	0.98470922	0.84690009	0.92450495	0.98889101
1.08500000	0.88632746	0.97303498	0.97215632	0.98476768	0.98476775	0.84685494	0.92460455	0.98898857
1.09000000	0.88599035	0.97307662	0.97230810	0.98482938	0.98482945	0.84680899	0.92471182	0.98908792
1.09500000	0.88565016	0.97311771	0.97245767	0.98489423	0.98489430	0.84676232	0.92482693	0.98918893
1.10000000	0.88530731	0.97315817	0.97260478	0.98496216	0.98496223	0.84671504	0.92495005	0.98929146
1.10500000	0.88496223	0.97319791	0.97274918	0.98503310	0.98503317	0.84666725	0.92508132	0.98939540
1.11000000	0.88461536	0.97323682	0.97289061	0.98510698	0.98510705	0.84661905	0.92522084	0.98950060
1.11500000	0.88426711	0.97327484	0.97302881	0.98518371	0.98518378	0.84657054	0.92536870	0.98960691
1.12000000	0.88391790	0.97331188	0.97316354	0.98526320	0.98526326	0.84652182	0.92552498	0.98971419
1.12500000	0.88356815	0.97334786	0.97329455	0.98534532	0.98534539	0.84647299	0.92568971	0.98982230
1.13000000	0.88321826	0.97338272	0.97342158	0.98542997	0.98543003	0.84642415	0.92586292	0.98993108
1.13500000	0.88286862	0.97341638	0.97354440	0.98551700	0.98551707	0.84637539	0.92604458	0.99004039
1.14000000	0.88251963	0.97344879	0.97366277	0.98560629	0.98560636	0.84632680	0.92623467	0.99015007
1.14500000	0.88217165	0.97347990	0.97377648	0.98569768	0.98569775	0.84627847	0.92643311	0.99025996
1.15000000	0.88182506	0.97350965	0.97388531	0.98579103	0.98579109	0.84623047	0.92663981	0.99036993
1.15500000	0.88148021	0.97353800	0.97398904	0.98588616	0.98588622	0.84618288	0.92685466	0.99047980
1.16000000	0.88113743	0.97356491	0.97408750	0.98598290	0.98598297	0.84613578	0.92707750	0.99058944
1.16500000	0.88079705	0.97359036	0.97418051	0.98608109	0.98608116	0.84608924	0.92730817	0.99069869
1.17000000	0.88045938	0.97361431	0.97426789	0.98618054	0.98618061	0.84604331	0.92754646	0.99080740
1.17500000	0.88012471	0.97363675	0.97434950	0.98628107	0.98628113	0.84599806	0.92779215	0.99091542
1.18000000	0.87979334	0.97365767	0.97442520	0.98638249	0.98638255	0.84595353	0.92804498	0.99102262
1.18500000	0.87946552	0.97367706	0.97449489	0.98648460	0.98648466	0.84590977	0.92830469	0.99112884
1.19000000	0.87914150	0.97369491	0.97455844	0.98658721	0.98658728	0.84586683	0.92857098	0.99123396
1.19500000	0.87882152	0.97371124	0.97461579	0.98669014	0.98669020	0.84582475	0.92884352	0.99133783
1.20000000	0.87850580	0.97372606	0.97466686	0.98679317	0.98679323	0.84578355	0.92912197	0.99144033
1.20500000	0.87819454	0.97373939	0.97471161	0.98689613	0.98689619	0.84574327	0.92940598	0.99154133
1.21000000	0.87788793	0.97375125	0.97475001	0.98699881	0.98699887	0.84570394	0.92969516	0.99164069
1.21500000	0.87758614	0.97376166	0.97478204	0.98710103	0.98710108	0.84566557	0.92998913	0.99173831
1.22000000	0.87728933	0.97377067	0.97480771	0.98720258	0.98720264	0.84562820	0.93028747	0.99183407
1.22500000	0.87699765	0.97377830	0.97482704	0.98730330	0.98730336	0.84559184	0.93058976	0.99192787
1.23000000	0.87671122	0.97378462	0.97484007	0.98740300	0.98740305	0.84555651	0.93089557	0.99201958
1.23500000	0.87643015	0.97378965	0.97484687	0.98750149	0.98750154	0.84552223	0.93120444	0.99210912
1.24000000	0.87615456	0.97379347	0.97484751	0.98759861	0.98759867	0.84548901	0.93151594	0.99219639
1.24500000	0.87588452	0.97379611	0.97484412	0.98769420	0.98769425	0.84545687	0.93182959	0.99228130
1.25000000	0.87562013	0.97379765	0.97483687	0.98778808	0.98778813	0.84542583	0.93214494	0.99236376
1.25500000	0.87536143	0.97379813	0.97482571	0.98788011	0.98788016	0.84539592	0.93246151	0.99244370
1.26000000	0.87510850	0.97379783	0.97481061	0.98797014	0.98797018	0.84536714	0.93277884	0.99252103
1.26500000	0.87486137	0.97379694	0.97479155	0.98805802	0.98805807	0.84533953	0.93309645	0.99259569
1.27000000	0.87462009	0.97379548	0.97476854	0.98814363	0.98814368	0.84531310	0.93341389	0.99266761
1.27500000	0.87438467	0.97379350	0.97474159	0.98822684	0.98822688	0.84528790	0.93373068	0.99273672
1.28000000	0.87415515	0.97379100	0.97471074	0.98830752	0.98830757	0.84526395	0.93404636	0.99280298
1.28500000	0.87393152	0.97378804	0.97467605	0.98838558	0.98838562	0.84524128	0.93436049	0.99286632
1.29000000	0.87371381	0.97378463	0.97463758	0.98846089	0.98846093	0.84521994	0.93467260	0.99292670
1.29500000	0.87350200	0.97378082	0.97459542	0.98853338	0.98853342	0.84519996	0.93498227	0.99298408
1.30000000	0.87329610	0.97377665	0.97454965	0.98860294	0.98860298	0.84518140	0.93528906	0.99303840
1.30500000	0.87309610	0.97377216	0.97450038	0.98866950	0.98866954	0.84516431	0.93559256	0.99308964
1.31000000	0.87290197	0.97376738	0.97444773	0.98873298	0.98873302	0.84514874	0.93589235	0.99313775
1.31500000	0.87271370	0.97376237	0.97439183	0.98879331	0.98879335	0.84513476	0.93618804	0.99318271
1.32000000	0.87253128	0.97375716	0.97433281	0.98885044	0.98885048	0.84512241	0.93647925	0.99322448
1.32500000	0.87235467	0.97375179	0.97427081	0.98890430	0.98890434	0.84511178	0.93676561	0.99326305
1.33000000	0.87218386	0.97374630	0.97420598	0.98895485	0.98895489	0.84510294	0.93704675	0.99329838
1.33500000	0.87201881	0.97374074	0.97413848	0.98900205	0.98900208	0.84509595	0.93732235	0.99333045
1.34000000	0.87185950	0.97373515	0.97406846	0.98904584	0.98904588	0.84509089	0.93759208	0.99335925
1.34500000	0.87170590	0.97372957	0.97399609	0.98908621	0.98908624	0.84508785	0.93785562	0.99338476
1.35000000	0.87155797	0.97372402	0.97392153	0.98912312	0.98912315	0.84508691	0.93811268	0.99340696
1.35500000	0.87141569	0.97371855	0.97384496	0.98915654	0.98915657	0.84508889	0.93836298	0.99342583
1.36000000	0.87127901	0.97371320	0.97376653	0.98918646	0.98918649	0.84509443	0.93860625	0.99344137
1.36500000	0.87114791	0.97370798	0.97368642	0.98921285	0.98921288	0.84510354	0.93884225	0.99345357
1.37000000	0.87102235	0.97370294	0.97360480	0.98923570	0.98923573	0.84511624	0.93907075	0.99346240
1.37500000	0.87090230	0.97369810	0.97352183	0.98925499	0.98925502	0.84513256	0.93929152	0.99346787
1.38000000	0.87078772	0.97369348	0.97343768	0.98927072	0.98927075	0.84515253	0.93950436	0.99346996
1.38500000	0.87067857	0.97368910	0.97335250	0.98928287	0.98928290	0.84517620	0.93970910	0.99346916
1.39000000	0.87057481	0.97368499	0.97326645	0.98929144	0.98929147	0.84520360	0.93990555	0.99346620
1.39500000	0.87047642	0.97368116	0.97317969	0.98929641	0.98929644	0.84523480	0.94009356	0.99346101
1.40000000	0.87038334	0.97367762	0.97309235	0.98929779	0.98929782	0.84526983	0.94027299	0.99345351
1.40500000	0.87029553	0.97367439	0.97300460	0.98929639	0.98929642	0.84530874	0.94044371	0.99344363
1.41000000	0.87021295	0.97367148	0.97291655	0.98929268	0.98929271	0.84535159	0.94060560	0.99343131
1.41500000	0.87013556	0.97366888	0.97282833	0.98928657	0.98928660	0.84539842	0.94075858	0.99341647
1.42000000	0.87006330	0.97366660	0.97274008	0.98927798	0.98927801	0.84544928	0.94090255	0.99339906
1.42500000	0.86999613	0.97366464	0.97265189	0.98926684	0.98926687	0.84550421	0.94103743	0.99337902
1.43000000	0.86993399	0.97366301	0.97256388	0.98925306	0.98925309	0.84556326	0.94116317	0.99335630
1.43500000	0.86987682	0.97366169	0.97247615	0.98923658	0.98923661	0.84562646	0.94127972	0.99333086
1.44000000	0.86982457	0.97366067	0.97238878	0.98921733	0.98921736	0.84569385	0.94138705	0.99330264
1.44500000	0.86977717	0.97365996	0.97230186	0.98919524	0.98919527	0.84576546	0.94148512	0.99327161
1.45000000	0.86973456	0.97365953	0.97221545	0.98917026	0.98917029	0.84584130	0.94157392	0.99323772
1.45500000	0.86969666	0.97365938	0.97212963	0.98914231	0.98914234	0.84592141	0.94165346	0.99320094
1.46000000	0.86966339	0.97365955	0.97204445	0.98911135	0.98911138	0.84600579	0.94172374	0.99316125
1.46500000	0.86963468	0.97366010	0.97195995	0.98907732	0.98907735	0.84609444	0.94178478	0.99311860
1.47000000	0.86961045	0.97366099	0.97187617	0.98904015	0.98904018	0.84618737	0.94183660	0.99307297
1.47500000	0.86959059	0.97366218	0.97179314	0.98899980	0.98899984	0.84628458	0.94187925	0.99302434
1.48000000	0.86957502	0.97366361	0.97171089	0.98895622	0.98895626	0.84638604	0.94191277	0.99297270
1.48500000	0.86956365	0.97366526	0.97162943	0.98890936	0.98890939	0.84649174	0.94193722	0.99291803
1.49000000	0.86955636	0.97366707	0.97154877	0.98885916	0.98885919	0.84660164	0.94195266	0.99286031
1.49500000	0.86955304	0.97366902	0.97146890	0.98880558	0.98880561	0.84671571	0.94195917	0.99279953
1.50000000	0.86955392	0.97367104	0.97138983	0.98874857	0.98874860	0.84683391	0.94195771	0.99273571
1.50500000	0.86956076	0.97367312	0.97131153	0.98868810	0.98868813	0.84695618	0.94195072	0.99266883
1.51000000	0.86957314	0.97367521	0.97123400	0.98862411	0.98862415	0.84708246	0.94193806	0.99259891
1.51500000	0.86959067	0.97367727	0.97115721	0.98855658	0.98855662	0.84721269	0.94191961	0.99252595
1.52000000	0.86961298	0.97367927	0.97108113	0.98848547	0.98848550	0.84734677	0.94189527	0.99244996
1.52500000	0.86963970	0.97368117	0.97100574	0.98841074	0.98841077	0.84748463	0.94186496	0.99237098
1.53000000	0.86967051	0.97368294	0.97093100	0.98833236	0.98833239	0.84762617	0.94182861	0.99228903
1.53500000	0.86970507	0.97368455	0.97085687	0.98825031	0.98825034	0.84777127	0.94178619	0.99220414
1.54000000	0.86974308	0.97368598	0.97078332	0.98816457	0.98816460	0.84791984	0.94173765	0.99211634
1.54500000	0.86978423	0.97368718	0.97071032	0.98807510	0.98807514	0.84807174	0.94168299	0.99202568
1.55000000	0.86982824	0.97368815	0.97063783	0.98798191	0.98798194	0.84822684	0.94162222	0.99193222
1.55500000	0.86987484	0.97368885	0.97056581	0.98788498	0.98788501	0.84838499	0.94155534	0.99183601
1.56000000	0.86992377	0.97368927	0.97049423	0.98778430	0.98778434	0.84854605	0.94148241	0.99173710
1.56500000	0.86997476	0.97368939	0.97042305	0.98767988	0.98767991	0.84870985	0.94140345	0.99163558
1.57000000	0.87002758	0.97368927	0.97035226	0.98757172	0.98757175	0.84887623	0.94131855	0.99153152
1.57500000	0.87008199	0.97368894	0.97028182	0.98745983	0.98745986	0.84904500	0.94122779	0.99142500
1.58000000	0.87013777	0.97368839	0.97021173	0.98734423	0.98734426	0.84921597	0.94113125	0.99131612
1.58500000	0.87019470	0.97368761	0.97014196	0.98722494	0.98722497	0.84938895	0.94102905	0.99120497
1.59000000	0.87025258	0.97368660	0.97007251	0.98710199	0.98710202	0.84956372	0.94092132	0.99109165
1.59500000	0.87031121	0.97368534	0.97000339	0.98697543	0.98697546	0.84974009	0.94080819	0.99097628
1.60000000	0.87037040	0.97368383	0.96993460	0.98684529	0.98684532	0.84991781	0.94068981	0.99085897
1.60500000	0.87042998	0.97368209	0.96986616	0.98671163	0.98671166	0.85009666	0.94056636	0.99073985
1.61000000	0.87048978	0.97368010	0.96979810	0.98657451	0.98657454	0.85027640	0.94043802	0.99061906
1.61500000	0.87054964	0.97367788	0.96973046	0.98643400	0.98643402	0.85045678	0.94030499	0.99049672
1.62000000	0.87060942	0.97367544	0.96966329	0.98629016	0.98629019	0.85063755	0.94016747	0.99037300
1.62500000	0.87066898	0.97367280	0.96959664	0.98614310	0.98614312	0.85081846	0.94002569	0.99024802
1.63000000	0.87072820	0.97366996	0.96953060	0.98599288	0.98599291	0.85099923	0.93987989	0.99012197
1.63500000	0.87078696	0.97366696	0.96946524	0.98583963	0.98583965	0.85117960	0.93973032	0.98999499
1.64000000	0.87084515	0.97366381	0.96940066	0.98568344	0.98568346	0.85135929	0.93957724	0.98986725
1.64500000	0.87090268	0.97366055	0.96933697	0.98552442	0.98552444	0.85153804	0.93942094	0.98973893
1.65000000	0.87095947	0.97365720	0.96927430	0.98536272	0.98536273	0.85171555	0.93926170	0.98961022
1.65500000	0.87101544	0.97365381	0.96921278	0.98519844	0.98519846	0.85189156	0.93909983	0.98948128
1.66000000	0.87107054	0.97365042	0.96915255	0.98503175	0.98503176	0.85206578	0.93893564	0.98935232
1.66500000	0.87112471	0.97364706	0.96909379	0.98486277	0.98486279	0.85223794	0.93876945	0.98922352
1.67000000	0.87117791	0.97364380	0.96903668	0.98469168	0.98469169	0.85240775	0.93860162	0.98909508
1.67500000	0.87123011	0.97364067	0.96898139	0.98451862	0.98451864	0.85257495	0.93843247	0.98896721
1.68000000	0.87128130	0.97363773	0.96892815	0.98434378	0.98434380	0.85273927	0.93826237	0.98884009
1.68500000	0.87133147	0.97363505	0.96887716	0.98416733	0.98416734	0.85290044	0.93809168	0.98871395
1.69000000	0.87138061	0.97363268	0.96882867	0.98398945	0.98398946	0.85305822	0.93792078	0.98858898
1.69500000	0.87142876	0.97363069	0.96878290	0.98381034	0.98381035	0.85321236	0.93775005	0.98846541
1.70000000	0.87147592	0.97362915	0.96874013	0.98363018	0.98363019	0.85336262	0.93757987	0.98834343
1.70500000	0.87152213	0.97362813	0.96870062	0.98344919	0.98344920	0.85350879	0.93741064	0.98822326
1.71000000	0.87156744	0.97362770	0.96866464	0.98326758	0.98326758	0.85365065	0.93724276	0.98810513
1.71500000	0.87161190	0.97362808	0.96863250	0.98308554	0.98308555	0.85378802	0.93707662	0.98798923
1.72000000	0.87165557	0.97362964	0.96860449	0.98290332	0.98290333	0.85392070	0.93691263	0.98787578
1.72500000	0.87169852	0.97363246	0.96858091	0.98272112	0.98272113	0.85404856	0.93675119	0.98776501
1.73000000	0.87174083	0.97363663	0.96856210	0.98253918	0.98253919	0.85417143	0.93659272	0.98765711
1.73500000	0.87178260	0.97364223	0.96854836	0.98235773	0.98235773	0.85428922	0.93643761	0.98755230
1.74000000	0.87182391	0.97364936	0.96854003	0.98217700	0.98217701	0.85440181	0.93628627	0.98745079
1.74500000	0.87186487	0.97365809	0.96853745	0.98199724	0.98199724	0.85450913	0.93613910	0.98735278
1.75000000	0.87190558	0.97366852	0.96854305	0.98181867	0.98181867	0.85461114	0.93599650	0.98725848
1.75500000	0.87194618	0.97368073	0.96855871	0.98164155	0.98164155	0.85470780	0.93585887	0.98716809
1.76000000	0.87198677	0.97369480	0.96858462	0.98146612	0.98146612	0.85479911	0.93572658	0.98708179
1.76500000	0.87202749	0.97371081	0.96862096	0.98129263	0.98129263	0.85488510	0.93560002	0.98699978
1.77000000	0.87206846	0.97372885	0.96866795	0.98112132	0.98112132	0.85496582	0.93547956	0.98692225
1.77500000	0.87210984	0.97374898	0.96872579	0.98095243	0.98095243	0.85504134	0.93536556	0.98684938
1.78000000	0.87215174	0.97377127	0.96879469	0.98078622	0.98078622	0.85511178	0.93525839	0.98678133
1.78500000	0.87219433	0.97379580	0.96887488	0.98062293	0.98062293	0.85517726	0.93515837	0.98671829
1.79000000	0.87223775	0.97382261	0.96896656	0.98046280	0.98046280	0.85523795	0.93506585	0.98666039
1.79500000	0.87228214	0.97385177	0.96906993	0.98030607	0.98030607	0.85529402	0.93498115	0.98660781
1.80000000	0.87232766	0.97388333	0.96918519	0.98015299	0.98015299	0.85534570	0.93490456	0.98656069
1.80500000	0.87237445	0.97391731	0.96931251	0.98000379	0.98000379	0.85539321	0.93483640	0.98651915
1.81000000	0.87242266	0.97395377	0.96945206	0.97985870	0.97985869	0.85543683	0.93477692	0.98648333
1.81500000	0.87247245	0.97399272	0.96960399	0.97971795	0.97971794	0.85547683	0.93472640	0.98645335
1.82000000	0.87252396	0.97403418	0.96976842	0.97958176	0.97958175	0.85551353	0.93468510	0.98642932
1.82500000	0.87257733	0.97407818	0.96994545	0.97945034	0.97945034	0.85554726	0.93465323	0.98641132
1.83000000	0.87263272	0.97412470	0.97013516	0.97932392	0.97932392	0.85557837	0.93463103	0.98639946
1.83500000	0.87269026	0.97417375	0.97033758	0.97920269	0.97920268	0.85560723	0.93461870	0.98639380
1.84000000	0.87275008	0.97422532	0.97055275	0.97908685	0.97908684	0.85563423	0.93461641	0.98639478
1.84500000	0.87281231	0.97427937	0.97078064	0.97897658	0.97897658	0.85565977	0.93462910	0.98640584
1.85000000	0.87287708	0.97433588	0.97102121	0.97887207	0.97887207	0.85568427	0.93465791	0.98642667
1.85500000	0.87294451	0.97439482	0.97127438	0.97877348	0.97877348	0.85570815	0.93470248	0.98645698
1.86000000	0.87301472	0.97445612	0.97154003	0.97868098	0.97868098	0.85573186	0.93476248	0.98649647
1.86500000	0.87308779	0.97451974	0.97181800	0.97859471	0.97859470	0.85575584	0.93483758	0.98654488
1.87000000	0.87316384	0.97458561	0.97210811	0.97851480	0.97851480	0.85578055	0.93492748	0.98660194
1.87500000	0.87324296	0.97465365	0.97241011	0.97844139	0.97844139	0.85580645	0.93503190	0.98666738
1.88000000	0.87332521	0.97472379	0.97272375	0.97837458	0.97837458	0.85583399	0.93515054	0.98674094
1.88500000	0.87341067	0.97479593	0.97304871	0.97831447	0.97831447	0.85586363	0.93528314	0.98682235
1.89000000	0.87349940	0.97486997	0.97338464	0.97826115	0.97826115	0.85589584	0.93542941	0.98691135
1.89500000	0.87359146	0.97494582	0.97373115	0.97821469	0.97821469	0.85593106	0.93558909	0.98700768
1.90000000	0.87368688	0.97502335	0.97408783	0.97817514	0.97817513	0.85596975	0.93576191	0.98711105
1.90500000	0.87378568	0.97510244	0.97445420	0.97814254	0.97814253	0.85601235	0.93594759	0.98722120
1.91000000	0.87388789	0.97518298	0.97482976	0.97811691	0.97811691	0.85605928	0.93614585	0.98733783
1.91500000	0.87399351	0.97526484	0.97521397	0.97809826	0.97809826	0.85611097	0.93635641	0.98746065
1.92000000	0.87410253	0.97534787	0.97560626	0.97808659	0.97808659	0.85616782	0.93657899	0.98758936
1.92500000	0.87421493	0.97543194	0.97600603	0.97808187	0.97808187	0.85623022	0.93681329	0.98772365
1.93000000	0.87433068	0.97551690	0.97641262	0.97808535	0.97808535	0.85629854	0.93705900	0.98786321
1.93500000	0.87444973	0.97560261	0.97682537	0.97809965	0.97809965	0.85637313	0.93731582	0.98800770
1.94000000	0.87457202	0.97568892	0.97724359	0.97812423	0.97812423	0.85645433	0.93758342	0.98815680
1.94500000	0.87469749	0.97577567	0.97766655	0.97815860	0.97815861	0.85654246	0.93786147	0.98831014
1.95000000	0.87482604	0.97586270	0.97809350	0.97820226	0.97820226	0.85663779	0.93814961	0.98846738
1.95500000	0.87495758	0.97594988	0.97852367	0.97825471	0.97825471	0.85674059	0.93844750	0.98862816
1.96000000	0.87509200	0.97603703	0.97895628	0.97831548	0.97831549	0.85685109	0.93875475	0.98879209
1.96500000	0.87522917	0.97612402	0.97939054	0.97838409	0.97838410	0.85696951	0.93907098	0.98895880
1.97000000	0.87536896	0.97621067	0.97982562	0.97846007	0.97846008	0.85709602	0.93939578	0.98912790
1.97500000	0.87551121	0.97629685	0.98026070	0.97854295	0.97854295	0.85723078	0.93972874	0.98929900
1.98000000	0.87565576	0.97638241	0.98069497	0.97863224	0.97863225	0.85737391	0.94006942	0.98947169
1.98500000	0.87580245	0.97646720	0.98112760	0.97872748	0.97872749	0.85752548	0.94041737	0.98964556
1.99000000	0.87595107	0.97655108	0.98155775	0.97882818	0.97882819	0.85768557	0.94077212	0.98982021
1.99500000	0.87610144	0.97663391	0.98198460	0.97893388	0.97893389	0.85785420	0.94113319	0.98999522
2.00000000	0.87625334	0.97671556	0.98240735	0.97904408	0.97904409	0.85803135	0.94150008	0.99017018
2.00500000	0.87640656	0.97679591	0.98282520	0.97915830	0.97915831	0.85821699	0.94187228	0.99034467
2.01000000	0.87656087	0.97687484	0.98323735	0.97927605	0.97927606	0.85841103	0.94224925	0.99051827
2.01500000	0.87671602	0.97695223	0.98364304	0.97939685	0.97939686	0.85861337	0.94263044	0.99069058
2.02000000	0.87687178	0.97702799	0.98404153	0.97952020	0.97952021	0.85882386	0.94301529	0.99086117
2.02500000	0.87702788	0.97710200	0.98443209	0.97964561	0.97964562	0.85904232	0.94340323	0.99102965
2.03000000	0.87718406	0.97717419	0.98481403	0.97977259	0.97977261	0.85926855	0.94379367	0.99119562
2.03500000	0.87734006	0.97724446	0.98518669	0.97990066	0.97990068	0.85950228	0.94418601	0.99135869
2.04000000	0.87749560	0.97731276	0.98554945	0.98002933	0.98002935	0.85974324	0.94457964	0.99151848
2.04500000	0.87765041	0.97737900	0.98590171	0.98015812	0.98015814	0.85999113	0.94497394	0.99167462
2.05000000	0.87780419	0.97744314	0.98624292	0.98028656	0.98028658	0.86024558	0.94536828	0.99182676
2.05500000	0.87795668	0.97750514	0.98657258	0.98041417	0.98041419	0.86050623	0.94576203	0.99197455
2.06000000	0.87810757	0.97756494	0.98689021	0.98054051	0.98054053	0.86077266	0.94615456	0.99211767
2.06500000	0.87825659	0.97762254	0.98719539	0.98066513	0.98066515	0.86104444	0.94654522	0.99225582
2.07000000	0.87840345	0.97767789	0.98748775	0.98078759	0.98078761	0.86132110	0.94693339	0.99238870
2.07500000	0.87854787	0.97773101	0.98776696	0.98090748	0.98090750	0.86160215	0.94731843	0.99251606
2.08000000	0.87868956	0.97778188	0.98803275	0.98102440	0.98102442	0.86188706	0.94769970	0.99263766
2.08500000	0.87882826	0.97783051	0.98828489	0.98113796	0.98113798	0.86217529	0.94807660	0.99275326
2.09000000	0.87896369	0.97787692	0.98852321	0.98124781	0.98124783	0.86246627	0.94844850	0.99286268
2.09500000	0.87909558	0.97792113	0.98874759	0.98135359	0.98135361	0.86275941	0.94881481	0.99296576
2.10000000	0.87922369	0.97796318	0.98895796	0.98145500	0.98145502	0.86305410	0.94917495	0.99306234
2.10500000	0.87934776	0.97800309	0.98915430	0.98155174	0.98155176	0.86334971	0.94952834	0.99315233
2.11000000	0.87946756	0.97804093	0.98933665	0.98164355	0.98164357	0.86364561	0.94987445	0.99323563
2.11500000	0.87958286	0.97807675	0.98950510	0.98173019	0.98173021	0.86394112	0.95021275	0.99331219
2.12000000	0.87969346	0.97811059	0.98965980	0.98181145	0.98181147	0.86423560	0.95054273	0.99338199
2.12500000	0.87979915	0.97814254	0.98980094	0.98188715	0.98188717	0.86452835	0.95086393	0.99344504
2.13000000	0.87989976	0.97817265	0.98992876	0.98195714	0.98195716	0.86481871	0.95117591	0.99350138
2.13500000	0.87999510	0.97820100	0.99004356	0.98202130	0.98202132	0.86510597	0.95147826	0.99355107
2.14000000	0.88008505	0.97822768	0.99014568	0.98207956	0.98207958	0.86538947	0.95177060	0.99359423
2.14500000	0.88016946	0.97825276	0.99023550	0.98213186	0.98213189	0.86566851	0.95205258	0.99363097
2.15000000	0.88024822	0.97827633	0.99031346	0.98217819	0.98217821	0.86594243	0.95232391	0.99366147
2.15500000	0.88032125	0.97829849	0.99038004	0.98221856	0.98221858	0.86621054	0.95258432	0.99368592
2.16000000	0.88038846	0.97831931	0.99043575	0.98225302	0.98225304	0.86647218	0.95283360	0.99370453
2.16500000	0.88044982	0.97833890	0.99048114	0.98228165	0.98228168	0.86672673	0.95307155	0.99371755
2.17000000	0.88050528	0.97835734	0.99051682	0.98230457	0.98230460	0.86697353	0.95329804	0.99372527
2.17500000	0.88055485	0.97837473	0.99054339	0.98232193	0.98232196	0.86721200	0.95351298	0.99372798
2.18000000	0.88059855	0.97839116	0.99056152	0.98233390	0.98233393	0.86744153	0.95371631	0.99372674
2.18500000	0.88063641	0.97840672	0.99057188	0.98234070	0.98234073	0.86766158	0.95390804	0.99372275
2.19000000	0.88066849	0.97842151	0.99057518	0.98234257	0.98234259	0.86787160	0.95408820	0.99371614
2.19500000	0.88069489	0.97843562	0.99057328	0.98234082	0.98234084	0.86807111	0.95425688	0.99370706
2.20000000	0.88071572	0.97844912	0.99056782	0.98233626	0.98233629	0.86825962	0.95441420	0.99369570
2.20500000	0.88073110	0.97846211	0.99055915	0.98232902	0.98232904	0.86843670	0.95456035	0.99368227
2.21000000	0.88074120	0.97847467	0.99054764	0.98231920	0.98231923	0.86860198	0.95469554	0.99366698
2.21500000	0.88074619	0.97848688	0.99053370	0.98230698	0.98230700	0.86875507	0.95482003	0.99365010
2.22000000	0.88074626	0.97849882	0.99051777	0.98229253	0.98229255	0.86889569	0.95493411	0.99363187
2.22500000	0.88074338	0.97851054	0.99050030	0.98227605	0.98227608	0.86902354	0.95503814	0.99361259
2.23000000	0.88073760	0.97852213	0.99048178	0.98225779	0.98225782	0.86913842	0.95513248	0.99359254
2.23500000	0.88072900	0.97853364	0.99046268	0.98223799	0.98223802	0.86924013	0.95521755	0.99357202
2.24000000	0.88071766	0.97854514	0.99044351	0.98221691	0.98221694	0.86932855	0.95529381	0.99355134
2.24500000	0.88070368	0.97855668	0.99042479	0.98219485	0.98219488	0.86940358	0.95536171	0.99353082
2.25000000	0.88068721	0.97856830	0.99040701	0.98217209	0.98217212	0.86946520	0.95542178	0.99351078
2.25500000	0.88066839	0.97858006	0.99039071	0.98214896	0.98214900	0.86951340	0.95547454	0.99349154
2.26000000	0.88064738	0.97859199	0.99037638	0.98212578	0.98212581	0.86954824	0.95552055	0.99347342
2.26500000	0.88062438	0.97860413	0.99036454	0.98210288	0.98210291	0.86956982	0.95556037	0.99345674
2.27000000	0.88059957	0.97861651	0.99035569	0.98208059	0.98208063	0.86957828	0.95559462	0.99344181
2.27500000	0.88057319	0.97862916	0.99035030	0.98205926	0.98205930	0.86957550	0.95562388	0.99342893
2.28000000	0.88054545	0.97864209	0.99034887	0.98203924	0.98203928	0.86956469	0.95564877	0.99341841
2.28500000	0.88051659	0.97865534	0.99035361	0.98202087	0.98202090	0.86954573	0.95566992	0.99341052
2.29000000	0.88048687	0.97866891	0.99036591	0.98200448	0.98200452	0.86951855	0.95568794	0.99340554
2.29500000	0.88045653	0.97868282	0.99038617	0.98199043	0.98199047	0.86948314	0.95570347	0.99340373
2.30000000	0.88042584	0.97869707	0.99041473	0.98197904	0.98197908	0.86943952	0.95571711	0.99340628
2.30500000	0.88039507	0.97871168	0.99045192	0.98197064	0.98197068	0.86938777	0.95572950	0.99341455
2.31000000	0.88036448	0.97872663	0.99049802	0.98196555	0.98196559	0.86932800	0.95574123	0.99342865
2.31500000	0.88033435	0.97874194	0.99055325	0.98196406	0.98196410	0.86926036	0.95575288	0.99344869
2.32000000	0.88030495	0.97875761	0.99061781	0.98196791	0.98196795	0.86918506	0.95576504	0.99347472
2.32500000	0.88027655	0.97877363	0.99069186	0.98197829	0.98197833	0.86910232	0.95577826	0.99350680
2.33000000	0.88024942	0.97879000	0.99077550	0.98199537	0.98199542	0.86901241	0.95579305	0.99354495
2.33500000	0.88022382	0.97880672	0.99086878	0.98201933	0.98201938	0.86891562	0.95580994	0.99358915
2.34000000	0.88020000	0.97882378	0.99097173	0.98205028	0.98205033	0.86881228	0.95582939	0.99363937
2.34500000	0.88017822	0.97884118	0.99108431	0.98208834	0.98208839	0.86870273	0.95585186	0.99369555
2.35000000	0.88015872	0.97885891	0.99120646	0.98213360	0.98213365	0.86858736	0.95587774	0.99375759
2.35500000	0.88014173	0.97887698	0.99133806	0.98218611	0.98218617	0.86846657	0.95590741	0.99382539
2.36000000	0.88012747	0.97889538	0.99147895	0.98224591	0.98224597	0.86834078	0.95594123	0.99389879
2.36500000	0.88011615	0.97891412	0.99162891	0.98231300	0.98231306	0.86821041	0.95597947	0.99397764
2.37000000	0.88010797	0.97893319	0.99178772	0.98238736	0.98238742	0.86807593	0.95602240	0.99406174
2.37500000	0.88010311	0.97895260	0.99195508	0.98246893	0.98246899	0.86793780	0.95607024	0.99415088
2.38000000	0.88010174	0.97897236	0.99213067	0.98255764	0.98255770	0.86779649	0.95612316	0.99424483
2.38500000	0.88010537	0.97899247	0.99231413	0.98265337	0.98265343	0.86765250	0.95618129	0.99434334
2.39000000	0.88011493	0.97901294	0.99250505	0.98275599	0.98275605	0.86750631	0.95624471	0.99444613
2.39500000	0.88013038	0.97903380	0.99270302	0.98286534	0.98286540	0.86735842	0.95631347	0.99455293
2.40000000	0.88015171	0.97905504	0.99290755	0.98298123	0.98298129	0.86720934	0.95638756	0.99466344
2.40500000	0.88017886	0.97907670	0.99311816	0.98310344	0.98310350	0.86705956	0.95646694	0.99477735
2.41000000	0.88021179	0.97909879	0.99333432	0.98323174	0.98323180	0.86690960	0.95655150	0.99489434
2.41500000	0.88025042	0.97912133	0.99355548	0.98336587	0.98336592	0.86675993	0.95664113	0.99501408
2.42000000	0.88029467	0.97914435	0.99378106	0.98350553	0.98350559	0.86661107	0.95673563	0.99513626
2.42500000	0.88034445	0.97916787	0.99401045	0.98365044	0.98365050	0.86646350	0.95683479	0.99526052
2.43000000	0.88039964	0.97919193	0.99424305	0.98380028	0.98380033	0.86631771	0.95693836	0.99538655
2.43500000	0.88046012	0.97921654	0.99447821	0.98395469	0.98395475	0.86617417	0.95704603	0.99551401
2.44000000	0.88052574	0.97924175	0.99471526	0.98411334	0.98411339	0.86603334	0.95715748	0.99564256
2.44500000	0.88059636	0.97926758	0.99495356	0.98427586	0.98427591	0.86589567	0.95727234	0.99577190
2.45000000	0.88067181	0.97929407	0.99519240	0.98444186	0.98444191	0.86576161	0.95739021	0.99590169
2.45500000	0.88075191	0.97932124	0.99543111	0.98461097	0.98461102	0.86563159	0.95751065	0.99603163
2.46000000	0.88083648	0.97934912	0.99566898	0.98478279	0.98478284	0.86550601	0.95763321	0.99616142
2.46500000	0.88092531	0.97937775	0.99590531	0.98495691	0.98495696	0.86538528	0.95775742	0.99629079
2.47000000	0.88101819	0.97940715	0.99613939	0.98513294	0.98513299	0.86526976	0.95788276	0.99641944
2.47500000	0.88111492	0.97943735	0.99637053	0.98531046	0.98531051	0.86515983	0.95800871	0.99654713
2.48000000	0.88121527	0.97946836	0.99659800	0.98548908	0.98548912	0.86505581	0.95813473	0.99667361
2.48500000	0.88131900	0.97950022	0.99682111	0.98566837	0.98566841	0.86495804	0.95826026	0.99679865
2.49000000	0.88142587	0.97953293	0.99703918	0.98584793	0.98584797	0.86486682	0.95838474	0.99692204
2.49500000	0.88153565	0.97956651	0.99725150	0.98602737	0.98602741	0.86478242	0.95850760	0.99704358
2.50000000	0.88164808	0.97960096	0.99745740	0.98620628	0.98620632	0.86470510	0.95862825	0.99716310
2.50500000	0.88176291	0.97963628	0.99765622	0.98638428	0.98638432	0.86463510	0.95874611	0.99728045
2.51000000	0.88187989	0.97967248	0.99784731	0.98656099	0.98656102	0.86457262	0.95886061	0.99739546
2.51500000	0.88199877	0.97970954	0.99803003	0.98673603	0.98673607	0.86451786	0.95897118	0.99750803
2.52000000	0.88211929	0.97974744	0.99820376	0.98690905	0.98690909	0.86447097	0.95907723	0.99761805
2.52500000	0.88224119	0.97978616	0.99836791	0.98707970	0.98707974	0.86443209	0.95917823	0.99772541
2.53000000	0.88236422	0.97982566	0.99852190	0.98724765	0.98724768	0.86440133	0.95927362	0.99783006
2.53500000	0.88248811	0.97986592	0.99866517	0.98741256	0.98741259	0.86437878	0.95936287	0.99793192
2.54000000	0.88261262	0.97990688	0.99879720	0.98757414	0.98757417	0.86436449	0.95944549	0.99803097
2.54500000	0.88273750	0.97994848	0.99891748	0.98773210	0.98773212	0.86435850	0.95952099	0.99812715
2.55000000	0.88286248	0.97999067	0.99902553	0.98788616	0.98788618	0.86436220	0.95958890	0.99822047
2.55500000	0.88298734	0.98003338	0.99912091	0.98803606	0.98803608	0.86437900	0.95964880	0.99831090
2.56000000	0.88311182	0.98007651	0.99920319	0.98818156	0.98818158	0.86440836	0.95970027	0.99839847
2.56500000	0.88323568	0.98011999	0.99927199	0.98832245	0.98832247	0.86444972	0.95974296	0.99848318
2.57000000	0.88335869	0.98016372	0.99932694	0.98845852	0.98845854	0.86450253	0.95977651	0.99856505
2.57500000	0.88348063	0.98020758	0.99936772	0.98858958	0.98858960	0.86456625	0.95980064	0.99864412
2.58000000	0.88360125	0.98025148	0.99939404	0.98871546	0.98871548	0.86464034	0.95981507	0.99872043
2.58500000	0.88372034	0.98029529	0.99940565	0.98883603	0.98883605	0.86472424	0.95981958	0.99879402
2.59000000	0.88383768	0.98033887	0.99940356	0.98895115	0.98895116	0.86481741	0.95981608	0.99886493
2.59500000	0.88395306	0.98038211	0.99939194	0.98906070	0.98906072	0.86491928	0.95980605	0.99893322
2.60000000	0.88406628	0.98042484	0.99937034	0.98916461	0.98916462	0.86502930	0.95978918	0.99899893
2.60500000	0.88417713	0.98046693	0.99933836	0.98926278	0.98926279	0.86514688	0.95976523	0.99906211
2.61000000	0.88428541	0.98050823	0.99929563	0.98935517	0.98935518	0.86527146	0.95973397	0.99912283
2.61500000	0.88439093	0.98054857	0.99924184	0.98944173	0.98944175	0.86540244	0.95969523	0.99918112
2.62000000	0.88449351	0.98058779	0.99917670	0.98952244	0.98952246	0.86553922	0.95964886	0.99923703
2.62500000	0.88459297	0.98062572	0.99909998	0.98959730	0.98959731	0.86568120	0.95959479	0.99929061
2.63000000	0.88468913	0.98066221	0.99901146	0.98966630	0.98966631	0.86582776	0.95953293	0.99934189
2.63500000	0.88478183	0.98069706	0.99891100	0.98972946	0.98972948	0.86597828	0.95946328	0.99939091
2.64000000	0.88487090	0.98073012	0.99879847	0.98978683	0.98978684	0.86613213	0.95938586	0.99943768
2.64500000	0.88495618	0.98076122	0.99867379	0.98983844	0.98983845	0.86628867	0.95930072	0.99948225
2.65000000	0.88503752	0.98079017	0.99853691	0.98988435	0.98988436	0.86644726	0.95920796	0.99952460
2.65500000	0.88511478	0.98081680	0.99838784	0.98992462	0.98992463	0.86660725	0.95910771	0.99956476
2.66000000	0.88518780	0.98084096	0.99822660	0.98995933	0.98995935	0.86676800	0.95900013	0.99960271
2.66500000	0.88525647	0.98086246	0.99805326	0.98998857	0.98998858	0.86692884	0.95888543	0.99963845
2.67000000	0.88532065	0.98088116	0.99786793	0.99001241	0.99001243	0.86708914	0.95876384	0.99967194
2.67500000	0.88538021	0.98089688	0.99767074	0.99003095	0.99003097	0.86724823	0.95863562	0.99970317
2.68000000	0.88543505	0.98090949	0.99746188	0.99004430	0.99004432	0.86740547	0.95850105	0.99973208
2.68500000	0.88548504	0.98091883	0.99724153	0.99005255	0.99005257	0.86756022	0.95836046	0.99975864
2.69000000	0.88553008	0.98092476	0.99700995	0.99005580	0.99005582	0.86771183	0.95821418	0.99978278
2.69500000	0.88557008	0.98092717	0.99676740	0.99005478	0.99005480	0.86785968	0.95806258	0.99980442
2.70000000	0.88560493	0.98092638	0.99651416	0.99005072	0.99005074	0.86800314	0.95790604	0.99982351
2.70500000	0.88563456	0.98092322	0.99625058	0.99004358	0.99004361	0.86814161	0.95774496	0.99983994
2.71000000	0.88565889	0.98091752	0.99597698	0.99003334	0.99003336	0.86827449	0.95757976	0.99985362
2.71500000	0.88567783	0.98090915	0.99569374	0.99001994	0.99001997	0.86840120	0.95741086	0.99986446
2.72000000	0.88569134	0.98089797	0.99540126	0.99000338	0.99000340	0.86852118	0.95723871	0.99987233
2.72500000	0.88569933	0.98088388	0.99509994	0.98998362	0.98998365	0.86863390	0.95706376	0.99987714
2.73000000	0.88570177	0.98086676	0.99479022	0.98996066	0.98996069	0.86873881	0.95688644	0.99987874
2.73500000	0.88569979	0.98084652	0.99447254	0.98993449	0.98993451	0.86883543	0.95670723	0.99987767
2.74000000	0.88569422	0.98082307	0.99414737	0.98990508	0.98990511	0.86892329	0.95652657	0.99987439
2.74500000	0.88568489	0.98079634	0.99381517	0.98987245	0.98987248	0.86900193	0.95634492	0.99986876
2.75000000	0.88567169	0.98076628	0.99347642	0.98983657	0.98983660	0.86907094	0.95616273	0.99986059
2.75500000	0.88565449	0.98073284	0.99313162	0.98979745	0.98979748	0.86912993	0.95598044	0.99984974
2.76000000	0.88563318	0.98069599	0.99278126	0.98975508	0.98975511	0.86917854	0.95579848	0.99983605
2.76500000	0.88560765	0.98065571	0.99242584	0.98970947	0.98970950	0.86921645	0.95561729	0.99981934
2.77000000	0.88557783	0.98061199	0.99206585	0.98966060	0.98966064	0.86924337	0.95543726	0.99979947
2.77500000	0.88554364	0.98056483	0.99170179	0.98960849	0.98960852	0.86925903	0.95525879	0.99977628
2.78000000	0.88550502	0.98051427	0.99133415	0.98955313	0.98955316	0.86926323	0.95508227	0.99974962
2.78500000	0.88546190	0.98046034	0.99096343	0.98949451	0.98949455	0.86925857	0.95490805	0.99971935
2.79000000	0.88541426	0.98040308	0.99059011	0.98943266	0.98943269	0.86924637	0.95473647	0.99968532
2.79500000	0.88536206	0.98034256	0.99021466	0.98936756	0.98936759	0.86922629	0.95456785	0.99964740
2.80000000	0.88530529	0.98027886	0.98983753	0.98929923	0.98929926	0.86919804	0.95440250	0.99960545
2.80500000	0.88524393	0.98021205	0.98945919	0.98922768	0.98922771	0.86916136	0.95424067	0.99955936
2.81000000	0.88517799	0.98014224	0.98908006	0.98915292	0.98915295	0.86911603	0.95408262	0.99950902
2.81500000	0.88510748	0.98006954	0.98870057	0.98907496	0.98907500	0.86906188	0.95392858	0.99945430
2.82000000	0.88503243	0.97999409	0.98832113	0.98899384	0.98899388	0.86899877	0.95377875	0.99939512
2.82500000	0.88495287	0.97991601	0.98794211	0.98890957	0.98890961	0.86892660	0.95363329	0.99933139
2.83000000	0.88486884	0.97983545	0.98756388	0.98882219	0.98882223	0.86884529	0.95349236	0.99926302
2.83500000	0.88478040	0.97975258	0.98718680	0.98873174	0.98873178	0.86875482	0.95335608	0.99918997
2.84000000	0.88468761	0.97966756	0.98681119	0.98863826	0.98863830	0.86865520	0.95322454	0.99911215
2.84500000	0.88459053	0.97958057	0.98643736	0.98854180	0.98854184	0.86854647	0.95309782	0.99902955
2.85000000	0.88448926	0.97949180	0.98606560	0.98844243	0.98844247	0.86842870	0.95297595	0.99894211
2.85500000	0.88438386	0.97940145	0.98569616	0.98834021	0.98834025	0.86830200	0.95285897	0.99884983
2.86000000	0.88427445	0.97930972	0.98532931	0.98823523	0.98823526	0.86816652	0.95274686	0.99875269
2.86500000	0.88416111	0.97921683	0.98496526	0.98812756	0.98812760	0.86802242	0.95263962	0.99865071
2.87000000	0.88404396	0.97912299	0.98460422	0.98801732	0.98801736	0.86786991	0.95253718	0.99854391
2.87500000	0.88392310	0.97902843	0.98424637	0.98790460	0.98790464	0.86770920	0.95243949	0.99843231
2.88000000	0.88379866	0.97893338	0.98389187	0.98778953	0.98778957	0.86754056	0.95234646	0.99831598
2.88500000	0.88367076	0.97883808	0.98354089	0.98767224	0.98767228	0.86736426	0.95225799	0.99819496
2.89000000	0.88353952	0.97874277	0.98319353	0.98755286	0.98755290	0.86718058	0.95217396	0.99806935
2.89500000	0.88340507	0.97864768	0.98284993	0.98743155	0.98743159	0.86698986	0.95209425	0.99793922
2.90000000	0.88326754	0.97855307	0.98251018	0.98730847	0.98730851	0.86679241	0.95201869	0.99780469
2.90500000	0.88312708	0.97845918	0.98217436	0.98718379	0.98718383	0.86658860	0.95194715	0.99766587
2.91000000	0.88298381	0.97836627	0.98184256	0.98705770	0.98705773	0.86637878	0.95187946	0.99752289
2.91500000	0.88283787	0.97827457	0.98151482	0.98693038	0.98693041	0.86616332	0.95181544	0.99737589
2.92000000	0.88268940	0.97818433	0.98119121	0.98680204	0.98680207	0.86594261	0.95175491	0.99722504
2.92500000	0.88253854	0.97809581	0.98087177	0.98667288	0.98667292	0.86571703	0.95169769	0.99707051
2.93000000	0.88238542	0.97800925	0.98055654	0.98654314	0.98654317	0.86548698	0.95164360	0.99691247
2.93500000	0.88223018	0.97792489	0.98024555	0.98641303	0.98641306	0.86525286	0.95159245	0.99675112
2.94000000	0.88207295	0.97784297	0.97993884	0.98628279	0.98628282	0.86501504	0.95154404	0.99658667
2.94500000	0.88191388	0.97776372	0.97963643	0.98615267	0.98615270	0.86477393	0.95149821	0.99641933
2.95000000	0.88175308	0.97768738	0.97933835	0.98602290	0.98602293	0.86452992	0.95145477	0.99624932
2.95500000	0.88159068	0.97761417	0.97904463	0.98589374	0.98589377	0.86428339	0.95141353	0.99607689
2.96000000	0.88142682	0.97754430	0.97875530	0.98576545	0.98576548	0.86403471	0.95137434	0.99590227
2.96500000	0.88126162	0.97747799	0.97847040	0.98563828	0.98563831	0.86378425	0.95133704	0.99572572
2.97000000	0.88109520	0.97741544	0.97818997	0.98551249	0.98551252	0.86353236	0.95130146	0.99554750
2.97500000	0.88092767	0.97735685	0.97791404	0.98538835	0.98538837	0.86327937	0.95126747	0.99536787
2.98000000	0.88075914	0.97730240	0.97764267	0.98526611	0.98526613	0.86302563	0.95123493	0.99518712
2.98500000	0.88058974	0.97725228	0.97737591	0.98514603	0.98514605	0.86277143	0.95120373	0.99500551
2.99000000	0.88041956	0.97720664	0.97711383	0.98502837	0.98502840	0.86251707	0.95117375	0.99482332
2.99500000	0.88024872	0.97716565	0.97685649	0.98491339	0.98491342	0.86226284	0.95114491	0.99464086
3.00000000	0.88007730	0.97712944	0.97660399	0.98480134	0.98480136	0.86200898	0.95111711	0.99445841
3.00500000	0.87990541	0.97709817	0.97635639	0.98469246	0.98469248	0.86175573	0.95109029	0.99427625
3.01000000	0.87973315	0.97707193	0.97611381	0.98458699	0.98458701	0.86150332	0.95106439	0.99409470
3.01500000	0.87956060	0.97705085	0.97587634	0.98448517	0.98448518	0.86125194	0.95103938	0.99391403
3.02000000	0.87938784	0.97703503	0.97564408	0.98438721	0.98438723	0.86100178	0.95101523	0.99373456
3.02500000	0.87921498	0.97702453	0.97541717	0.98429334	0.98429335	0.86075299	0.95099193	0.99355657
3.03000000	0.87904208	0.97701944	0.97519571	0.98420376	0.98420377	0.86050571	0.95096948	0.99338036
3.03500000	0.87886923	0.97702002	0.97497985	0.98411867	0.98411868	0.86026007	0.95094789	0.99320623
3.04000000	0.87869650	0.97702936	0.97476971	0.98403825	0.98403826	0.86001616	0.95092720	0.99303446
3.04500000	0.87852397	0.97704720	0.97456543	0.98396268	0.98396270	0.85977406	0.95090745	0.99286535
3.05000000	0.87835171	0.97707323	0.97436716	0.98389213	0.98389214	0.85953385	0.95088869	0.99269917
3.05500000	0.87817980	0.97710720	0.97417503	0.98382674	0.98382675	0.85929558	0.95087099	0.99253620
3.06000000	0.87800829	0.97714882	0.97398919	0.98376664	0.98376666	0.85905926	0.95085442	0.99237673
3.06500000	0.87783725	0.97719783	0.97380978	0.98371198	0.98371199	0.85882493	0.95083906	0.99222101
3.07000000	0.87766675	0.97725394	0.97363695	0.98366284	0.98366285	0.85859258	0.95082502	0.99206931
3.07500000	0.87749686	0.97731690	0.97347083	0.98361933	0.98361934	0.85836220	0.95081239	0.99192187
3.08000000	0.87732763	0.97738642	0.97331155	0.98358154	0.98358154	0.85813379	0.95080129	0.99177895
3.08500000	0.87715912	0.97746221	0.97315925	0.98354952	0.98354952	0.85790731	0.95079182	0.99164078
3.09000000	0.87699140	0.97754399	0.97301403	0.98352332	0.98352333	0.85768273	0.95078410	0.99150758
3.09500000	0.87682452	0.97763147	0.97287602	0.98350300	0.98350301	0.85746000	0.95077825	0.99137956
3.10000000	0.87665854	0.97772436	0.97274531	0.98348856	0.98348857	0.85723908	0.95077439	0.99125694
3.10500000	0.87649352	0.97782233	0.97262199	0.98348002	0.98348002	0.85701992	0.95077264	0.99113989
3.11000000	0.87632951	0.97792509	0.97250614	0.98347736	0.98347737	0.85680246	0.95077341	0.99102861
3.11500000	0.87616657	0.97803232	0.97239781	0.98348249	0.98348250	0.85658667	0.95077789	0.99092325
3.12000000	0.87600475	0.97814370	0.97229707	0.98349675	0.98349675	0.85637247	0.95078613	0.99082398
3.12500000	0.87584412	0.97825889	0.97220392	0.98351972	0.98351973	0.85615984	0.95079815	0.99073091
3.13000000	0.87568472	0.97837756	0.97211840	0.98355101	0.98355101	0.85594872	0.95081398	0.99064418
3.13500000	0.87552661	0.97849938	0.97204048	0.98359021	0.98359022	0.85573908	0.95083363	0.99056389
3.14000000	0.87536985	0.97862401	0.97197015	0.98363695	0.98363696	0.85553089	0.95085712	0.99049012
3.14500000	0.87521449	0.97875109	0.97190735	0.98369085	0.98369086	0.85532412	0.95088443	0.99042296
3.15000000	0.87506059	0.97888028	0.97185203	0.98375154	0.98375155	0.85511875	0.95091553	0.99036246
3.15500000	0.87490821	0.97901123	0.97180409	0.98381864	0.98381865	0.85491479	0.95095039	0.99030864
3.16000000	0.87475741	0.97914359	0.97176342	0.98389180	0.98389181	0.85471223	0.95098893	0.99026154
3.16500000	0.87460824	0.97927701	0.97172989	0.98397064	0.98397064	0.85451109	0.95103108	0.99022115
3.17000000	0.87446077	0.97941114	0.97170335	0.98405479	0.98405480	0.85431139	0.95107671	0.99018745
3.17500000	0.87431504	0.97954563	0.97168361	0.98414389	0.98414390	0.85411318	0.95112571	0.99016040
3.18000000	0.87417114	0.97968014	0.97167047	0.98423758	0.98423759	0.85391649	0.95117791	0.99013995
3.18500000	0.87402912	0.97981433	0.97166372	0.98433548	0.98433549	0.85372140	0.95123312	0.99012602
3.19000000	0.87388904	0.97994786	0.97166311	0.98443722	0.98443723	0.85352798	0.95129113	0.99011851
3.19500000	0.87375097	0.98008040	0.97167152	0.98454243	0.98454244	0.85333630	0.95135171	0.99011731
3.20000000	0.87361497	0.98021163	0.97168857	0.98465073	0.98465075	0.85314646	0.95141458	0.99012526
3.20500000	0.87348113	0.98034124	0.97171345	0.98476175	0.98476177	0.85295857	0.95147945	0.99014255
3.21000000	0.87334951	0.98046892	0.97174539	0.98487511	0.98487513	0.85277274	0.95154601	0.99016856
3.21500000	0.87322018	0.98059438	0.97178364	0.98499042	0.98499044	0.85258909	0.95161391	0.99020270
3.22000000	0.87309321	0.98071734	0.97182746	0.98510731	0.98510733	0.85240776	0.95168276	0.99024439
3.22500000	0.87296870	0.98083751	0.97187610	0.98522539	0.98522541	0.85222889	0.95175219	0.99029306
3.23000000	0.87284671	0.98095465	0.97192888	0.98534428	0.98534430	0.85205261	0.95182177	0.99034815
3.23500000	0.87272732	0.98106851	0.97198507	0.98546359	0.98546361	0.85187910	0.95189105	0.99040910
3.24000000	0.87261063	0.98117886	0.97204401	0.98558294	0.98558296	0.85170849	0.95195958	0.99047536
3.24500000	0.87249672	0.98128547	0.97210501	0.98570194	0.98570197	0.85154095	0.95202688	0.99054639
3.25000000	0.87238568	0.98138816	0.97216741	0.98582023	0.98582026	0.85137664	0.95209246	0.99062163
3.25500000	0.87227760	0.98148673	0.97223058	0.98593741	0.98593744	0.85121572	0.95215581	0.99070056
3.26000000	0.87217258	0.98158103	0.97229389	0.98605311	0.98605314	0.85105836	0.95221641	0.99078265
3.26500000	0.87207071	0.98167089	0.97235672	0.98616697	0.98616700	0.85090471	0.95227373	0.99086736
3.27000000	0.87197211	0.98175620	0.97241850	0.98627862	0.98627865	0.85075494	0.95232725	0.99095418
3.27500000	0.87187687	0.98183682	0.97247864	0.98638769	0.98638772	0.85060920	0.95237641	0.99104259
3.28000000	0.87178510	0.98191268	0.97253661	0.98649384	0.98649387	0.85046763	0.95242069	0.99113207
3.28500000	0.87169691	0.98198369	0.97259187	0.98659672	0.98659676	0.85033039	0.95245956	0.99122214
3.29000000	0.87161243	0.98204979	0.97264394	0.98669600	0.98669603	0.85019761	0.95249247	0.99131229
3.29500000	0.87153176	0.98211094	0.97269233	0.98679135	0.98679139	0.85006942	0.95251891	0.99140203
3.30000000	0.87145504	0.98216712	0.97273659	0.98688246	0.98688250	0.84994595	0.95253837	0.99149091
3.30500000	0.87138238	0.98221833	0.97277632	0.98696902	0.98696906	0.84982731	0.95255036	0.99157845
3.31000000	0.87131393	0.98226458	0.97281113	0.98705076	0.98705080	0.84971361	0.95255439	0.99166420
3.31500000	0.87124980	0.98230591	0.97284065	0.98712740	0.98712744	0.84960493	0.95255164	0.99174774
3.32000000	0.87119015	0.98234237	0.97286457	0.98719868	0.98719873	0.84950137	0.95254326	0.99182865
3.32500000	0.87113511	0.98237402	0.97288260	0.98726436	0.98726441	0.84940301	0.95252879	0.99190652
3.33000000	0.87108482	0.98240094	0.97289447	0.98732423	0.98732427	0.84930989	0.95250778	0.99198097
3.33500000	0.87103944	0.98242325	0.97289998	0.98737807	0.98737812	0.84922208	0.95247982	0.99205164
3.34000000	0.87099912	0.98244105	0.97289932	0.98742571	0.98742575	0.84913962	0.95244452	0.99211818
3.34500000	0.87096402	0.98245447	0.97289444	0.98746697	0.98746702	0.84906255	0.95240151	0.99218027
3.35000000	0.87093430	0.98246367	0.97288511	0.98750173	0.98750178	0.84899087	0.95235045	0.99223761
3.35500000	0.87091011	0.98246878	0.97287114	0.98752986	0.98752991	0.84892460	0.95229103	0.99228993
3.36000000	0.87089163	0.98247000	0.97285234	0.98755126	0.98755131	0.84886375	0.95222297	0.99233698
3.36500000	0.87087903	0.98246843	0.97282858	0.98756586	0.98756591	0.84880830	0.95214603	0.99237852
3.37000000	0.87087247	0.98246460	0.97279975	0.98757361	0.98757366	0.84875824	0.95205999	0.99241436
3.37500000	0.87087213	0.98245854	0.97276576	0.98757448	0.98757454	0.84871353	0.95196467	0.99244433
3.38000000	0.87088181	0.98245032	0.97272655	0.98757073	0.98757078	0.84867415	0.95185993	0.99246827
3.38500000	0.87090164	0.98244002	0.97268210	0.98756255	0.98756260	0.84864005	0.95174565	0.99248607
3.39000000	0.87093155	0.98242772	0.97263242	0.98754982	0.98754987	0.84861119	0.95162177	0.99249763
3.39500000	0.87097148	0.98241351	0.97257752	0.98753244	0.98753249	0.84858750	0.95148825	0.99250290
3.40000000	0.87102140	0.98239752	0.97251746	0.98751034	0.98751039	0.84856894	0.95134509	0.99250223
3.40500000	0.87108132	0.98237985	0.97245232	0.98748347	0.98748352	0.84855543	0.95119232	0.99249756
3.41000000	0.87115123	0.98236062	0.97238221	0.98745180	0.98745186	0.84854691	0.95103003	0.99248876
3.41500000	0.87123116	0.98233999	0.97230726	0.98741534	0.98741540	0.84854330	0.95085832	0.99247572
3.42000000	0.87132114	0.98231807	0.97222762	0.98737411	0.98737416	0.84854529	0.95067733	0.99245836
3.42500000	0.87142120	0.98229502	0.97214345	0.98732815	0.98732821	0.84855483	0.95048726	0.99243660
3.43000000	0.87153140	0.98227098	0.97205497	0.98727754	0.98727759	0.84857154	0.95028831	0.99241042
3.43500000	0.87165177	0.98224610	0.97196237	0.98722235	0.98722240	0.84859503	0.95008073	0.99237981
3.44000000	0.87178237	0.98222054	0.97186589	0.98716270	0.98716275	0.84862499	0.94986480	0.99234476
3.44500000	0.87192324	0.98219444	0.97176579	0.98709871	0.98709877	0.84866110	0.94964084	0.99230533
3.45000000	0.87207443	0.98216796	0.97166232	0.98703054	0.98703059	0.84870309	0.94940918	0.99226157
3.45500000	0.87223598	0.98214125	0.97155577	0.98695833	0.98695839	0.84875069	0.94917018	0.99221354
3.46000000	0.87240791	0.98211445	0.97144643	0.98688228	0.98688233	0.84880368	0.94892425	0.99216135
3.46500000	0.87259025	0.98208772	0.97133461	0.98680257	0.98680262	0.84886186	0.94867180	0.99210511
3.47000000	0.87278302	0.98206119	0.97122061	0.98671941	0.98671947	0.84892502	0.94841327	0.99204495
3.47500000	0.87298621	0.98203500	0.97110477	0.98663303	0.98663309	0.84899301	0.94814912	0.99198102
3.48000000	0.87319981	0.98200929	0.97098743	0.98654365	0.98654371	0.84906568	0.94787981	0.99191349
3.48500000	0.87342380	0.98198419	0.97086890	0.98645152	0.98645158	0.84914290	0.94760586	0.99184251
3.49000000	0.87365813	0.98195980	0.97074956	0.98635689	0.98635695	0.84922456	0.94732776	0.99176829
3.49500000	0.87390274	0.98193626	0.97062973	0.98626002	0.98626007	0.84931056	0.94704603	0.99169102
3.50000000	0.87415756	0.98191367	0.97050977	0.98616117	0.98616123	0.84940082	0.94676121	0.99161090
3.50500000	0.87442248	0.98189212	0.97039004	0.98606063	0.98606068	0.84949526	0.94647383	0.99152816
3.51000000	0.87469740	0.98187171	0.97027089	0.98595865	0.98595871	0.84959385	0.94618444	0.99144300
3.51500000	0.87498216	0.98185253	0.97015266	0.98585554	0.98585559	0.84969653	0.94589358	0.99135566
3.52000000	0.87527663	0.98183465	0.97003571	0.98575156	0.98575161	0.84980326	0.94560181	0.99126637
3.52500000	0.87558060	0.98181814	0.96992037	0.98564701	0.98564706	0.84991404	0.94530967	0.99117534
3.53000000	0.87589389	0.98180306	0.96980699	0.98554216	0.98554222	0.85002883	0.94501773	0.99108282
3.53500000	0.87621626	0.98178947	0.96969590	0.98543731	0.98543737	0.85014764	0.94472651	0.99098903
3.54000000	0.87654748	0.98177740	0.96958742	0.98533274	0.98533279	0.85027047	0.94443658	0.99089421
3.54500000	0.87688726	0.98176690	0.96948186	0.98522872	0.98522878	0.85039730	0.94414846	0.99079856
3.55000000	0.87723531	0.98175798	0.96937953	0.98512554	0.98512559	0.85052816	0.94386268	0.99070232
3.55500000	0.87759133	0.98175067	0.96928073	0.98502346	0.98502351	0.85066305	0.94357977	0.99060570
3.56000000	0.87795497	0.98174499	0.96918573	0.98492275	0.98492281	0.85080197	0.94330022	0.99050889
3.56500000	0.87832588	0.98174094	0.96909480	0.98482368	0.98482373	0.85094494	0.94302455	0.99041211
3.57000000	0.87870367	0.98173851	0.96900821	0.98472650	0.98472655	0.85109197	0.94275323	0.99031555
3.57500000	0.87908796	0.98173770	0.96892618	0.98463145	0.98463151	0.85124306	0.94248674	0.99021938
3.58000000	0.87947832	0.98173897	0.96884895	0.98453878	0.98453884	0.85139821	0.94222553	0.99012377
3.58500000	0.87987432	0.98174274	0.96877672	0.98444873	0.98444878	0.85155741	0.94197005	0.99002889
3.59000000	0.88027551	0.98174886	0.96870969	0.98436150	0.98436155	0.85172067	0.94172072	0.98993489
3.59500000	0.88068143	0.98175722	0.96864803	0.98427732	0.98427737	0.85188795	0.94147795	0.98984191
3.60000000	0.88109159	0.98176768	0.96859190	0.98419639	0.98419644	0.85205923	0.94124212	0.98975007
3.60500000	0.88150550	0.98178014	0.96854143	0.98411890	0.98411895	0.85223449	0.94101361	0.98965948
3.61000000	0.88192266	0.98179446	0.96849676	0.98404503	0.98404508	0.85241366	0.94079278	0.98957027
3.61500000	0.88234257	0.98181053	0.96845798	0.98397496	0.98397501	0.85259671	0.94057995	0.98948251
3.62000000	0.88276470	0.98182825	0.96842517	0.98390885	0.98390890	0.85278356	0.94037543	0.98939629
3.62500000	0.88318853	0.98184750	0.96839841	0.98384685	0.98384690	0.85297413	0.94017953	0.98931168
3.63000000	0.88361353	0.98186817	0.96837774	0.98378909	0.98378914	0.85316833	0.93999250	0.98922874
3.63500000	0.88403919	0.98189018	0.96836319	0.98373570	0.98373575	0.85336607	0.93981461	0.98914753
3.64000000	0.88446498	0.98191341	0.96835476	0.98368679	0.98368684	0.85356722	0.93964607	0.98906807
3.64500000	0.88489038	0.98193777	0.96835246	0.98364247	0.98364252	0.85377166	0.93948710	0.98899040
3.65000000	0.88531488	0.98196318	0.96835852	0.98360282	0.98360287	0.85397925	0.93933789	0.98891455
3.65500000	0.88573797	0.98198954	0.96837403	0.98356792	0.98356797	0.85418984	0.93919859	0.98884053
3.66000000	0.88615915	0.98201677	0.96839855	0.98353784	0.98353789	0.85440326	0.93906935	0.98876834
3.66500000	0.88657796	0.98204481	0.96843166	0.98351262	0.98351267	0.85461934	0.93895029	0.98869800
3.67000000	0.88699392	0.98207356	0.96847293	0.98349231	0.98349236	0.85483790	0.93884151	0.98862948
3.67500000	0.88740658	0.98210296	0.96852194	0.98347693	0.98347698	0.85505874	0.93874309	0.98856278
3.68000000	0.88781553	0.98213295	0.96857830	0.98346650	0.98346655	0.85528166	0.93865507	0.98849790
3.68500000	0.88822036	0.98216345	0.96864159	0.98346103	0.98346107	0.85550646	0.93857749	0.98843480
3.69000000	0.88862068	0.98219441	0.96871142	0.98346049	0.98346054	0.85573292	0.93851037	0.98837347
3.69500000	0.88901616	0.98222578	0.96878738	0.98346749	0.98346754	0.85596082	0.93845369	0.98831389
3.70000000	0.88940647	0.98225750	0.96886907	0.98348205	0.98348210	0.85618994	0.93840743	0.98825604
3.70500000	0.88979132	0.98228951	0.96895610	0.98350381	0.98350386	0.85642005	0.93837153	0.98819989
3.71000000	0.89017045	0.98232178	0.96904807	0.98353245	0.98353249	0.85665094	0.93834593	0.98814541
3.71500000	0.89054365	0.98235425	0.96914459	0.98356764	0.98356768	0.85688238	0.93833053	0.98809258
3.72000000	0.89091073	0.98238689	0.96924524	0.98360906	0.98360911	0.85711416	0.93832522	0.98804138
3.72500000	0.89127154	0.98241965	0.96934965	0.98365641	0.98365646	0.85734606	0.93833268	0.98799179
3.73000000	0.89162599	0.98245249	0.96945741	0.98370938	0.98370943	0.85757787	0.93835557	0.98794378
3.73500000	0.89197401	0.98248537	0.96956813	0.98376766	0.98376770	0.85780941	0.93839307	0.98789733
3.74000000	0.89231558	0.98251826	0.96968140	0.98383094	0.98383098	0.85804047	0.93844439	0.98785244
3.74500000	0.89265073	0.98255112	0.96979684	0.98389892	0.98389897	0.85827089	0.93850879	0.98780908
3.75000000	0.89297953	0.98258391	0.96991405	0.98397131	0.98397135	0.85850051	0.93858554	0.98776725
3.75500000	0.89330209	0.98261661	0.97003263	0.98404779	0.98404784	0.85872917	0.93867396	0.98772694
3.76000000	0.89361858	0.98264917	0.97015219	0.98412807	0.98412811	0.85895675	0.93877337	0.98768814
3.76500000	0.89392920	0.98268156	0.97027235	0.98421183	0.98421188	0.85918313	0.93888313	0.98765085
3.77000000	0.89423421	0.98271374	0.97039272	0.98429878	0.98429882	0.85940822	0.93900260	0.98761506
3.77500000	0.89453392	0.98274569	0.97051291	0.98438860	0.98438865	0.85963194	0.93913119	0.98758079
3.78000000	0.89482867	0.98277736	0.97063255	0.98448099	0.98448104	0.85985424	0.93926829	0.98754804
3.78500000	0.89511887	0.98280871	0.97075125	0.98457564	0.98457569	0.86007508	0.93941332	0.98751681
3.79000000	0.89540495	0.98283972	0.97086867	0.98467225	0.98467229	0.86029445	0.93956572	0.98748712
3.79500000	0.89568740	0.98287034	0.97098442	0.98477050	0.98477054	0.86051237	0.93972494	0.98745897
3.80000000	0.89596676	0.98290054	0.97109815	0.98487008	0.98487012	0.86072887	0.93989044	0.98743238
3.80500000	0.89624360	0.98293027	0.97120952	0.98497069	0.98497074	0.86094400	0.94006168	0.98740738
3.81000000	0.89651855	0.98295951	0.97131819	0.98507203	0.98507208	0.86115785	0.94023815	0.98738396
3.81500000	0.89679227	0.98298820	0.97142382	0.98517380	0.98517384	0.86137052	0.94041935	0.98736216
3.82000000	0.89706544	0.98301630	0.97152610	0.98527568	0.98527572	0.86158215	0.94060478	0.98734198
3.82500000	0.89733883	0.98304379	0.97162472	0.98537739	0.98537743	0.86179287	0.94079396	0.98732346
3.83000000	0.89761319	0.98307061	0.97171939	0.98547864	0.98547868	0.86200286	0.94098641	0.98730661
3.83500000	0.89788935	0.98309672	0.97180983	0.98557914	0.98557918	0.86221231	0.94118168	0.98729146
3.84000000	0.89816814	0.98312209	0.97189576	0.98567861	0.98567865	0.86242144	0.94137932	0.98727802
3.84500000	0.89845044	0.98314668	0.97197694	0.98577678	0.98577682	0.86263047	0.94157889	0.98726632
3.85000000	0.89873714	0.98317044	0.97205315	0.98587338	0.98587342	0.86283967	0.94177997	0.98725638
3.85500000	0.89902918	0.98319333	0.97212415	0.98596816	0.98596819	0.86304930	0.94198214	0.98724822
3.86000000	0.89932750	0.98321533	0.97218977	0.98606086	0.98606090	0.86325965	0.94218502	0.98724187
3.86500000	0.89963307	0.98323639	0.97224982	0.98615127	0.98615130	0.86347102	0.94238822	0.98723735
3.87000000	0.89994688	0.98325647	0.97230414	0.98623914	0.98623917	0.86368372	0.94259135	0.98723468
3.87500000	0.90026993	0.98327555	0.97235262	0.98632426	0.98632429	0.86389808	0.94279407	0.98723388
3.88000000	0.90060322	0.98329360	0.97239514	0.98640643	0.98640647	0.86411445	0.94299603	0.98723563
3.88500000	0.90094778	0.98331058	0.97243162	0.98648547	0.98648550	0.86433316	0.94319690	0.98724039
3.89000000	0.90130463	0.98332647	0.97246201	0.98656119	0.98656122	0.86455459	0.94339636	0.98724807
3.89500000	0.90167479	0.98334125	0.97248627	0.98663344	0.98663347	0.86477908	0.94359410	0.98725863
3.90000000	0.90205929	0.98335490	0.97250440	0.98670206	0.98670210	0.86500701	0.94378985	0.98727200
3.90500000	0.90245914	0.98336741	0.97251642	0.98676694	0.98676697	0.86523875	0.94398332	0.98728814
3.91000000	0.90287535	0.98337875	0.97252240	0.98682794	0.98682798	0.86547468	0.94417424	0.98730702
3.91500000	0.90330891	0.98338892	0.97252240	0.98688498	0.98688502	0.86571517	0.94436238	0.98732859
3.92000000	0.90376080	0.98339792	0.97251873	0.98693797	0.98693800	0.86596058	0.94454750	0.98735285
3.92500000	0.90423197	0.98340574	0.97251136	0.98698683	0.98698687	0.86621131	0.94472937	0.98737976
3.93000000	0.90472336	0.98341238	0.97250025	0.98703153	0.98703156	0.86646770	0.94490779	0.98740933
3.93500000	0.90523587	0.98341786	0.97248541	0.98707202	0.98707206	0.86673012	0.94508255	0.98744154
3.94000000	0.90577038	0.98342217	0.97246690	0.98710830	0.98710833	0.86699893	0.94525349	0.98747639
3.94500000	0.90632771	0.98342535	0.97244476	0.98714035	0.98714038	0.86727448	0.94542041	0.98751388
3.95000000	0.90690867	0.98342739	0.97241911	0.98716820	0.98716823	0.86755709	0.94558317	0.98755402
3.95500000	0.90751401	0.98342832	0.97239007	0.98719187	0.98719190	0.86784710	0.94574160	0.98759682
3.96000000	0.90814445	0.98342823	0.97235779	0.98721143	0.98721146	0.86814483	0.94589559	0.98764229
3.96500000	0.90880064	0.98342748	0.97232245	0.98722694	0.98722697	0.86845058	0.94604498	0.98769046
3.97000000	0.90948321	0.98342605	0.97228426	0.98723847	0.98723850	0.86876463	0.94618967	0.98774133
3.97500000	0.91019270	0.98342396	0.97224345	0.98724613	0.98724616	0.86908726	0.94632955	0.98779494
3.98000000	0.91092962	0.98342119	0.97220027	0.98725004	0.98725006	0.86941875	0.94646451	0.98785129
3.98500000	0.91169440	0.98341777	0.97215501	0.98725031	0.98725034	0.86975933	0.94659446	0.98791043
3.99000000	0.91248742	0.98341369	0.97210795	0.98724830	0.98724833	0.87010923	0.94671932	0.98797236
3.99500000	0.91330900	0.98340897	0.97205941	0.98724414	0.98724417	0.87046867	0.94683902	0.98803712
4.00000000	0.91415939	0.98340362	0.97200973	0.98723785	0.98723788	0.87083786	0.94695349	0.98810472
4.00500000	0.91503876	0.98339766	0.97195925	0.98722949	0.98722952	0.87121697	0.94706266	0.98817519
4.01000000	0.91594723	0.98339111	0.97190835	0.98721912	0.98721915	0.87160617	0.94716649	0.98824855
4.01500000	0.91688485	0.98338399	0.97185739	0.98720682	0.98720685	0.87200562	0.94726493	0.98832482
4.02000000	0.91785158	0.98337632	0.97180676	0.98719269	0.98719271	0.87241545	0.94735794	0.98840400
4.02500000	0.91884734	0.98336812	0.97175684	0.98717682	0.98717685	0.87283578	0.94744549	0.98848611
4.03000000	0.91987194	0.98335942	0.97170805	0.98715935	0.98715938	0.87326671	0.94752757	0.98857115
4.03500000	0.92092516	0.98335025	0.97166078	0.98714040	0.98714043	0.87370835	0.94760414	0.98865912
4.04000000	0.92200668	0.98334062	0.97161543	0.98712011	0.98712014	0.87416077	0.94767521	0.98875002
4.04500000	0.92311612	0.98333057	0.97157240	0.98709864	0.98709867	0.87462403	0.94774077	0.98884382
4.05000000	0.92425303	0.98332011	0.97153209	0.98707615	0.98707617	0.87509818	0.94780084	0.98894052
4.05500000	0.92541691	0.98330928	0.97149489	0.98705279	0.98705281	0.87558327	0.94785541	0.98904009
4.06000000	0.92660715	0.98329809	0.97146119	0.98702875	0.98702877	0.87607933	0.94790452	0.98914248
4.06500000	0.92782312	0.98328657	0.97143136	0.98700420	0.98700422	0.87658637	0.94794820	0.98924765
4.07000000	0.92906409	0.98327473	0.97140576	0.98697933	0.98697935	0.87710440	0.94798648	0.98935555
4.07500000	0.93032929	0.98326261	0.97138474	0.98695432	0.98695434	0.87763342	0.94801941	0.98946611
4.08000000	0.93161788	0.98325021	0.97136863	0.98692937	0.98692939	0.87817343	0.94804705	0.98957926
4.08500000	0.93292896	0.98323756	0.97135774	0.98690466	0.98690468	0.87872440	0.94806947	0.98969491
4.09000000	0.93426157	0.98322466	0.97135238	0.98688038	0.98688041	0.87928631	0.94808673	0.98981297
4.09500000	0.93561470	0.98321154	0.97135305	0.98685673	0.98685675	0.87985913	0.94809894	0.98993333
4.10000000	0.93698728	0.98319819	0.97136336	0.98683389	0.98683391	0.88044281	0.94810617	0.99005587
4.10500000	0.93837820	0.98318464	0.97138331	0.98681205	0.98681207	0.88103730	0.94810855	0.99018047
4.11000000	0.93978628	0.98317088	0.97141287	0.98679138	0.98679140	0.88164254	0.94810707	0.99030699
4.11500000	0.94121031	0.98315693	0.97145201	0.98677207	0.98677209	0.88225848	0.94810264	0.99043527
4.12000000	0.94264903	0.98314277	0.97150066	0.98675428	0.98675430	0.88288502	0.94809526	0.99056515
4.12500000	0.94410112	0.98312842	0.97155872	0.98673818	0.98673820	0.88352210	0.94808491	0.99069647
4.13000000	0.94556524	0.98311386	0.97162609	0.98672392	0.98672394	0.88416960	0.94807162	0.99082904
4.13500000	0.94704000	0.98309909	0.97170261	0.98671165	0.98671168	0.88482743	0.94805540	0.99096266
4.14000000	0.94852396	0.98308409	0.97178811	0.98670152	0.98670155	0.88549546	0.94803631	0.99109715
4.14500000	0.95001565	0.98306887	0.97188238	0.98669365	0.98669368	0.88617356	0.94801440	0.99123228
4.15000000	0.95151357	0.98305340	0.97198518	0.98668816	0.98668819	0.88686156	0.94798976	0.99136785
4.15500000	0.95301617	0.98303766	0.97209625	0.98668517	0.98668519	0.88755932	0.94796246	0.99150361
4.16000000	0.95452189	0.98302164	0.97221529	0.98668476	0.98668479	0.88826662	0.94793261	0.99163934
4.16500000	0.95602911	0.98300532	0.97234197	0.98668839	0.98668841	0.88898327	0.94790032	0.99177479
4.17000000	0.95753621	0.98298867	0.97247594	0.98669628	0.98669631	0.88970903	0.94786572	0.99190973
4.17500000	0.95904150	0.98297166	0.97261680	0.98670838	0.98670841	0.89044364	0.94782896	0.99204389
4.18000000	0.96054330	0.98295427	0.97276414	0.98672464	0.98672467	0.89118681	0.94779017	0.99217702
4.18500000	0.96203989	0.98293646	0.97291753	0.98674498	0.98674501	0.89193823	0.94774953	0.99230885
4.19000000	0.96352952	0.98291821	0.97307648	0.98676932	0.98676935	0.89269755	0.94770721	0.99243914
4.19500000	0.96501042	0.98289948	0.97324052	0.98679758	0.98679761	0.89346437	0.94766338	0.99256760
4.20000000	0.96648081	0.98288023	0.97340913	0.98682966	0.98682969	0.89423830	0.94761823	0.99269397
4.20500000	0.96793886	0.98286042	0.97358178	0.98686544	0.98686547	0.89501886	0.94757198	0.99281799
4.21000000	0.96938275	0.98284003	0.97375791	0.98690481	0.98690484	0.89580557	0.94752482	0.99293939
4.21500000	0.97081063	0.98281901	0.97393695	0.98694764	0.98694767	0.89659788	0.94747696	0.99305790
4.22000000	0.97222065	0.98279731	0.97411832	0.98699379	0.98699382	0.89739521	0.94742864	0.99317327
4.22500000	0.97361093	0.98277491	0.97430143	0.98704311	0.98704314	0.89819695	0.94738007	0.99328523
4.23000000	0.97497959	0.98275176	0.97448565	0.98709544	0.98709547	0.89900242	0.94733149	0.99339353
4.23500000	0.97632474	0.98272783	0.97467039	0.98715061	0.98715064	0.89981091	0.94728313	0.99349793
4.24000000	0.97764450	0.98270306	0.97485502	0.98720845	0.98720849	0.90062165	0.94723524	0.99359818
4.24500000	0.97893697	0.98267742	0.97503891	0.98726878	0.98726882	0.90143384	0.94718806	0.99369404
4.25000000	0.98020026	0.98265088	0.97522143	0.98733141	0.98733144	0.90224663	0.94714184	0.99378530
4.25500000	0.98143249	0.98262340	0.97540197	0.98739613	0.98739617	0.90305910	0.94709681	0.99387172
4.26000000	0.98263179	0.98259494	0.97557989	0.98746276	0.98746279	0.90387032	0.94705325	0.99395311
4.26500000	0.98379630	0.98256546	0.97575459	0.98753107	0.98753110	0.90467929	0.94701138	0.99402927
4.27000000	0.98492418	0.98253494	0.97592546	0.98760086	0.98760089	0.90548497	0.94697146	0.99410000
4.27500000	0.98601362	0.98250334	0.97609190	0.98767191	0.98767194	0.90628629	0.94693375	0.99416514
4.28000000	0.98706282	0.98247064	0.97625332	0.98774400	0.98774404	0.90708213	0.94689847	0.99422451
4.28500000	0.98807003	0.98243681	0.97640916	0.98781691	0.98781695	0.90787132	0.94686589	0.99427798
4.29000000	0.98903353	0.98240183	0.97655887	0.98789042	0.98789046	0.90865267	0.94683623	0.99432540
4.29500000	0.98995165	0.98236568	0.97670191	0.98796431	0.98796435	0.90942497	0.94680974	0.99436665
4.30000000	0.99082274	0.98232834	0.97683778	0.98803834	0.98803838	0.91018695	0.94678664	0.99440162
4.30500000	0.99164524	0.98228981	0.97696598	0.98811229	0.98811233	0.91093733	0.94676715	0.99443022
4.31000000	0.99241762	0.98225008	0.97708606	0.98818595	0.98818599	0.91167480	0.94675149	0.99445237
4.31500000	0.99313842	0.98220914	0.97719757	0.98825908	0.98825912	0.91239805	0.94673987	0.99446800
4.32000000	0.99380625	0.98216699	0.97730012	0.98833147	0.98833151	0.91310574	0.94673249	0.99447707
4.32500000	0.99441980	0.98212364	0.97739332	0.98840289	0.98840293	0.91379651	0.94672954	0.99447953
4.33000000	0.99497782	0.98207910	0.97747683	0.98847313	0.98847318	0.91446902	0.94673220	0.99447693
4.33500000	0.99547915	0.98203339	0.97755033	0.98854199	0.98854203	0.91512191	0.94674240	0.99447010
4.34000000	0.99592274	0.98198652	0.97761354	0.98860924	0.98860928	0.91575384	0.94676011	0.99445887
4.34500000	0.99630759	0.98193852	0.97766623	0.98867468	0.98867473	0.91636345	0.94678531	0.99444314
4.35000000	0.99663283	0.98188942	0.97770816	0.98873812	0.98873816	0.91694942	0.94681795	0.99442280
4.35500000	0.99689767	0.98183926	0.97773918	0.98879936	0.98879940	0.91751045	0.94685801	0.99439775
4.36000000	0.99710144	0.98178808	0.97775913	0.98885820	0.98885824	0.91804525	0.94690542	0.99436793
4.36500000	0.99724357	0.98173592	0.97776791	0.98891446	0.98891451	0.91855257	0.94696013	0.99433327
4.37000000	0.99732359	0.98168284	0.97776638	0.98896797	0.98896802	0.91903117	0.94702205	0.99429375
4.37500000	0.99734117	0.98162890	0.97775774	0.98901855	0.98901859	0.91947989	0.94709111	0.99424933
4.38000000	0.99731298	0.98157416	0.97774174	0.98906603	0.98906608	0.91989757	0.94716720	0.99420001
4.38500000	0.99724449	0.98151869	0.97771816	0.98911025	0.98911030	0.92028313	0.94725021	0.99414579
4.39000000	0.99713429	0.98146257	0.97768680	0.98915107	0.98915112	0.92063552	0.94733999	0.99408670
4.39500000	0.99698116	0.98140586	0.97764753	0.98918833	0.98918838	0.92095375	0.94743640	0.99402277
4.40000000	0.99678401	0.98134867	0.97760024	0.98922191	0.98922195	0.92123690	0.94753926	0.99395405
4.40500000	0.99654193	0.98129108	0.97754484	0.98925166	0.98925170	0.92148411	0.94764840	0.99388059
4.41000000	0.99625415	0.98123318	0.97748129	0.98927747	0.98927752	0.92169457	0.94776360	0.99380248
4.41500000	0.99592008	0.98117508	0.97740958	0.98929924	0.98929928	0.92186756	0.94788464	0.99371978
4.42000000	0.99553926	0.98111687	0.97732974	0.98931685	0.98931689	0.92200241	0.94801128	0.99363260
4.42500000	0.99511139	0.98105867	0.97724182	0.98933021	0.98933026	0.92209855	0.94814327	0.99354104
4.43000000	0.99463630	0.98100059	0.97714589	0.98933925	0.98933929	0.92215546	0.94828032	0.99344521
4.43500000	0.99411399	0.98094274	0.97704208	0.98934389	0.98934393	0.92217271	0.94842215	0.99334523
4.44000000	0.99354459	0.98088524	0.97693050	0.98934407	0.98934411	0.92215848	0.94856845	0.99324125
4.44500000	0.99292836	0.98082822	0.97681134	0.98934136	0.98934140	0.92211855	0.94871890	0.99313338
4.45000000	0.99226570	0.98077179	0.97668477	0.98933571	0.98933575	0.92205187	0.94887317	0.99302180
4.45500000	0.99155714	0.98071609	0.97655099	0.98932700	0.98932704	0.92195751	0.94903090	0.99290664
4.46000000	0.99080334	0.98066123	0.97641024	0.98931512	0.98931516	0.92183466	0.94919174	0.99278807
4.46500000	0.99000509	0.98060736	0.97626277	0.98929999	0.98930003	0.92168258	0.94935532	0.99266626
4.47000000	0.98916327	0.98055459	0.97610883	0.98928152	0.98928156	0.92150064	0.94952126	0.99254138
4.47500000	0.98827891	0.98050306	0.97594871	0.98925965	0.98925969	0.92128832	0.94968919	0.99241361
4.48000000	0.98735313	0.98045290	0.97578270	0.98923434	0.98923438	0.92104516	0.94985872	0.99228314
4.48500000	0.98638717	0.98040423	0.97561111	0.98920554	0.98920558	0.92077084	0.95002945	0.99215015
4.49000000	0.98538234	0.98035718	0.97543426	0.98917324	0.98917327	0.92046509	0.95020099	0.99201484
4.49500000	0.98434008	0.98031188	0.97525248	0.98913741	0.98913745	0.92012777	0.95037296	0.99187740
4.50000000	0.98326190	0.98026845	0.97506610	0.98909807	0.98909810	0.91975878	0.95054495	0.99173804
4.50500000	0.98214942	0.98022701	0.97487548	0.98905523	0.98905526	0.91935814	0.95071658	0.99159695
4.51000000	0.98100431	0.98018767	0.97468096	0.98900891	0.98900895	0.91892594	0.95088747	0.99145435
4.51500000	0.97982833	0.98015055	0.97448291	0.98895917	0.98895921	0.91846237	0.95105724	0.99131044
4.52000000	0.97862331	0.98011575	0.97428167	0.98890605	0.98890609	0.91796767	0.95122551	0.99116544
4.52500000	0.97739114	0.98008338	0.97407761	0.98884963	0.98884966	0.91744217	0.95139194	0.99101955
4.53000000	0.97613376	0.98005352	0.97387111	0.98878997	0.98879001	0.91688628	0.95155616	0.99087299
4.53500000	0.97485318	0.98002627	0.97366251	0.98872718	0.98872721	0.91630048	0.95171785	0.99072598
4.54000000	0.97355143	0.98000171	0.97345219	0.98866134	0.98866138	0.91568530	0.95187667	0.99057873
4.54500000	0.97223060	0.97997991	0.97324050	0.98859258	0.98859261	0.91504135	0.95203232	0.99043145
4.55000000	0.97089280	0.97996093	0.97302782	0.98852102	0.98852105	0.91436932	0.95218450	0.99028437
4.55500000	0.96954017	0.97994484	0.97281448	0.98844677	0.98844680	0.91366994	0.95233293	0.99013769
4.56000000	0.96817487	0.97993168	0.97260085	0.98836999	0.98837002	0.91294399	0.95247735	0.98999163
4.56500000	0.96679906	0.97992148	0.97238728	0.98829083	0.98829085	0.91219233	0.95261752	0.98984640
4.57000000	0.96541492	0.97991428	0.97217410	0.98820943	0.98820945	0.91141586	0.95275321	0.98970221
4.57500000	0.96402463	0.97991008	0.97196165	0.98812595	0.98812598	0.91061554	0.95288421	0.98955928
4.58000000	0.96263036	0.97990891	0.97175027	0.98804058	0.98804060	0.90979235	0.95301034	0.98941780
4.58500000	0.96123426	0.97991184	0.97154027	0.98795347	0.98795349	0.90894735	0.95313141	0.98927798
4.59000000	0.95983846	0.97991945	0.97133197	0.98786480	0.98786483	0.90808162	0.95324729	0.98914002
4.59500000	0.95844507	0.97993152	0.97112568	0.98777477	0.98777479	0.90719628	0.95335784	0.98900412
4.60000000	0.95705617	0.97994784	0.97092169	0.98768354	0.98768357	0.90629248	0.95346295	0.98887046
4.60500000	0.95567379	0.97996819	0.97072030	0.98759131	0.98759134	0.90537142	0.95356252	0.98873923
4.61000000	0.95429992	0.97999236	0.97052179	0.98749826	0.98749829	0.90443431	0.95365647	0.98861062
4.61500000	0.95293651	0.98002012	0.97032642	0.98740458	0.98740460	0.90348240	0.95374475	0.98848480
4.62000000	0.95158543	0.98005124	0.97013445	0.98731045	0.98731048	0.90251696	0.95382732	0.98836195
4.62500000	0.95024850	0.98008550	0.96994614	0.98721607	0.98721610	0.90153926	0.95390415	0.98824222
4.63000000	0.94892749	0.98012265	0.96976172	0.98712161	0.98712164	0.90055063	0.95397524	0.98812578
4.63500000	0.94762407	0.98016247	0.96958142	0.98702727	0.98702729	0.89955236	0.95404059	0.98801277
4.64000000	0.94633986	0.98020469	0.96940546	0.98693320	0.98693323	0.89854579	0.95410022	0.98790335
4.64500000	0.94507636	0.98024908	0.96923404	0.98683960	0.98683963	0.89753226	0.95415417	0.98779764
4.65000000	0.94383503	0.98029538	0.96906735	0.98674664	0.98674666	0.89651308	0.95420248	0.98769577
4.65500000	0.94261722	0.98034333	0.96890557	0.98665447	0.98665449	0.89548961	0.95424523	0.98759788
4.66000000	0.94142418	0.98039267	0.96874887	0.98656326	0.98656328	0.89446318	0.95428248	0.98750405
4.66500000	0.94025708	0.98044312	0.96859740	0.98647316	0.98647319	0.89343510	0.95431431	0.98741441
4.67000000	0.93911700	0.98049442	0.96845130	0.98638433	0.98638435	0.89240671	0.95434083	0.98732903
4.67500000	0.93800489	0.98054631	0.96831070	0.98629690	0.98629692	0.89137931	0.95436212	0.98724801
4.68000000	0.93692162	0.98059850	0.96817571	0.98621101	0.98621104	0.89035419	0.95437830	0.98717143
4.68500000	0.93586797	0.98065073	0.96804644	0.98612679	0.98612682	0.88933262	0.95438948	0.98709933
4.69000000	0.93484458	0.98070272	0.96792296	0.98604436	0.98604438	0.88831585	0.95439580	0.98703178
4.69500000	0.93385203	0.98075420	0.96780535	0.98596383	0.98596385	0.88730511	0.95439737	0.98696883
4.70000000	0.93289076	0.98080489	0.96769367	0.98588530	0.98588533	0.88630160	0.95439547	0.98691050
4.70500000	0.93196111	0.98085455	0.96758796	0.98580889	0.98580891	0.88530650	0.95439071	0.98685682
4.71000000	0.93106335	0.98090289	0.96748825	0.98573466	0.98573469	0.88432095	0.95438307	0.98680781
4.71500000	0.93019760	0.98094966	0.96739456	0.98566271	0.98566274	0.88334605	0.95437255	0.98676346
4.72000000	0.92936392	0.98099461	0.96730688	0.98559311	0.98559314	0.88238288	0.95435917	0.98672378
4.72500000	0.92856224	0.98103749	0.96722521	0.98552593	0.98552595	0.88143246	0.95434294	0.98668874
4.73000000	0.92779242	0.98107807	0.96714952	0.98546121	0.98546124	0.88049580	0.95432389	0.98665831
4.73500000	0.92705421	0.98111610	0.96707975	0.98539901	0.98539904	0.87957385	0.95430206	0.98663247
4.74000000	0.92634727	0.98115137	0.96701588	0.98533938	0.98533941	0.87866751	0.95427750	0.98661115
4.74500000	0.92567118	0.98118365	0.96695781	0.98528234	0.98528237	0.87777765	0.95425026	0.98659432
4.75000000	0.92502542	0.98121276	0.96690548	0.98522793	0.98522796	0.87690510	0.95422039	0.98658189
4.75500000	0.92440941	0.98123849	0.96685878	0.98517616	0.98517619	0.87605062	0.95418797	0.98657380
4.76000000	0.92382248	0.98126066	0.96681762	0.98512705	0.98512708	0.87521494	0.95415306	0.98656996
4.76500000	0.92326389	0.98127911	0.96678188	0.98508060	0.98508063	0.87439874	0.95411574	0.98657048
4.77000000	0.92273283	0.98129367	0.96675143	0.98503681	0.98503684	0.87360265	0.95407609	0.98657749
4.77500000	0.92222844	0.98130420	0.96672613	0.98499568	0.98499571	0.87282725	0.95403420	0.98659056
4.78000000	0.92174978	0.98131058	0.96670582	0.98495720	0.98495723	0.87207308	0.95399016	0.98660932
4.78500000	0.92129589	0.98131267	0.96669036	0.98492135	0.98492138	0.87134061	0.95394406	0.98663338
4.79000000	0.92086572	0.98131125	0.96667957	0.98488811	0.98488814	0.87063028	0.95389601	0.98666239
4.79500000	0.92045822	0.98130697	0.96667327	0.98485745	0.98485748	0.86994247	0.95384610	0.98669600
4.80000000	0.92007228	0.98129971	0.96667129	0.98482936	0.98482938	0.86927752	0.95379445	0.98673390
4.80500000	0.91970675	0.98128931	0.96667471	0.98480378	0.98480381	0.86863573	0.95374116	0.98677576
4.81000000	0.91936048	0.98127567	0.96668428	0.98478069	0.98478072	0.86801733	0.95368636	0.98682129
4.81500000	0.91903227	0.98125867	0.96669945	0.98476005	0.98476008	0.86742253	0.95363016	0.98687019
4.82000000	0.91872094	0.98123822	0.96671971	0.98474182	0.98474185	0.86685147	0.95357269	0.98692219
4.82500000	0.91842526	0.98121425	0.96674455	0.98472596	0.98472598	0.86630426	0.95351408	0.98697702
4.83000000	0.91814403	0.98118668	0.96677351	0.98471242	0.98471244	0.86578097	0.95345446	0.98703442
4.83500000	0.91787603	0.98115547	0.96680614	0.98470116	0.98470118	0.86528162	0.95339396	0.98709416
4.84000000	0.91762004	0.98112057	0.96684202	0.98469213	0.98469216	0.86480620	0.95333274	0.98715599
4.84500000	0.91737488	0.98108198	0.96688072	0.98468530	0.98468532	0.86435464	0.95327094	0.98721971
4.85000000	0.91713935	0.98103966	0.96692186	0.98468061	0.98468063	0.86392686	0.95320870	0.98728508
4.85500000	0.91691230	0.98099363	0.96696508	0.98467802	0.98467804	0.86352272	0.95314620	0.98735192
4.86000000	0.91669257	0.98094389	0.96701001	0.98467749	0.98467752	0.86314206	0.95308358	0.98742004
4.86500000	0.91647906	0.98089048	0.96705632	0.98467988	0.98467990	0.86278469	0.95302102	0.98748926
4.87000000	0.91627068	0.98083344	0.96710369	0.98468534	0.98468536	0.86245037	0.95295868	0.98755940
4.87500000	0.91606639	0.98077281	0.96715181	0.98469371	0.98469373	0.86213885	0.95289674	0.98763032
4.88000000	0.91586519	0.98070866	0.96720041	0.98470483	0.98470485	0.86184984	0.95283539	0.98770186
4.88500000	0.91566609	0.98064106	0.96724920	0.98471855	0.98471858	0.86158302	0.95277480	0.98777389
4.89000000	0.91546820	0.98057009	0.96729794	0.98473477	0.98473479	0.86133806	0.95271516	0.98784628
4.89500000	0.91527063	0.98049585	0.96734638	0.98475335	0.98475337	0.86111458	0.95265666	0.98791893
4.90000000	0.91507256	0.98041844	0.96739429	0.98477421	0.98477423	0.86091221	0.95259950	0.98799172
4.90500000	0.91487322	0.98033797	0.96744148	0.98479725	0.98479727	0.86073054	0.95254388	0.98806455
4.91000000	0.91467191	0.98025458	0.96748773	0.98482240	0.98482242	0.86056914	0.95248999	0.98813735
4.91500000	0.91446794	0.98016837	0.96753288	0.98484957	0.98484959	0.86042756	0.95243803	0.98821003
4.92000000	0.91426074	0.98007950	0.96757675	0.98487872	0.98487873	0.86030535	0.95238822	0.98828253
4.92500000	0.91404974	0.97998812	0.96761921	0.98490978	0.98490979	0.86020202	0.95234074	0.98835478
4.93000000	0.91383446	0.97989436	0.96766010	0.98494270	0.98494272	0.86011709	0.95229580	0.98842672
4.93500000	0.91361448	0.97979839	0.96769932	0.98497745	0.98497747	0.86005005	0.95225361	0.98849833
4.94000000	0.91338943	0.97970039	0.96773675	0.98501398	0.98501400	0.86000039	0.95221436	0.98856954
4.94500000	0.91315899	0.97960050	0.96777230	0.98505227	0.98505228	0.85996756	0.95217824	0.98864033
4.95000000	0.91292292	0.97949892	0.96780589	0.98509227	0.98509228	0.85995105	0.95214545	0.98871068
4.95500000	0.91268102	0.97939583	0.96783746	0.98513396	0.98513398	0.85995029	0.95211618	0.98878055
4.96000000	0.91243315	0.97929139	0.96786696	0.98517732	0.98517734	0.85997339	0.95209061	0.98884992
4.96500000	0.91217923	0.97918582	0.96789434	0.98522233	0.98522234	0.86001904	0.95206892	0.98891879
4.97000000	0.91191923	0.97907928	0.96791958	0.98526894	0.98526896	0.86008554	0.95205127	0.98898713
4.97500000	0.91165318	0.97897199	0.96794267	0.98531715	0.98531717	0.86017128	0.95203782	0.98905493
4.98000000	0.91138114	0.97886413	0.96796360	0.98536693	0.98536695	0.86027474	0.95202873	0.98912218
4.98500000	0.91110325	0.97875590	0.96798239	0.98541825	0.98541827	0.86039450	0.95202414	0.98918888
4.99000000	0.91081966	0.97864750	0.96799906	0.98547109	0.98547110	0.86052922	0.95202420	0.98925501
4.99500000	0.91053058	0.97853913	0.96801365	0.98552541	0.98552543	0.86067760	0.95203185	0.98932056
5.00000000	0.91023627	0.97843099	0.96802620	0.98558119	0.98558120	0.86083842	0.95204699	0.98938553
5.00500000	0.90993701	0.97832327	0.96803677	0.98563838	0.98563839	0.86101051	0.95206950	0.98944990
5.01000000	0.90963312	0.97821618	0.96804541	0.98569696	0.98569697	0.86119276	0.95209927	0.98951367
5.01500000	0.90932495	0.97810991	0.96805221	0.98575687	0.98575689	0.86138409	0.95213619	0.98957680
5.02000000	0.90901289	0.97800467	0.96805725	0.98581808	0.98581809	0.86158348	0.95218013	0.98963929
5.02500000	0.90869733	0.97790064	0.96806061	0.98588053	0.98588055	0.86178991	0.95223099	0.98970112
5.03000000	0.90837871	0.97779801	0.96806241	0.98594418	0.98594420	0.86200244	0.95228861	0.98976225
5.03500000	0.90805747	0.97769697	0.96806273	0.98600896	0.98600898	0.86222012	0.95235287	0.98982266
5.04000000	0.90773406	0.97759772	0.96806208	0.98607481	0.98607483	0.86244206	0.95242361	0.98988232
5.04500000	0.90740896	0.97750043	0.96806063	0.98614167	0.98614169	0.86266737	0.95250068	0.98994118
5.05000000	0.90708265	0.97740527	0.96805842	0.98620947	0.98620948	0.86289519	0.95258390	0.98999922
5.05500000	0.90675560	0.97731243	0.96805551	0.98627812	0.98627814	0.86312468	0.95267310	0.99005637
5.06000000	0.90642831	0.97722206	0.96805196	0.98634755	0.98634757	0.86335503	0.95276808	0.99011258
5.06500000	0.90610126	0.97713434	0.96804782	0.98641768	0.98641770	0.86358544	0.95286864	0.99016781
5.07000000	0.90577492	0.97704942	0.96804318	0.98648842	0.98648844	0.86381513	0.95297457	0.99022198
5.07500000	0.90544977	0.97696744	0.96803809	0.98655968	0.98655969	0.86404333	0.95308565	0.99027503
5.08000000	0.90512626	0.97688856	0.96803263	0.98663135	0.98663137	0.86426930	0.95320165	0.99032689
5.08500000	0.90480486	0.97681290	0.96802688	0.98670334	0.98670336	0.86449231	0.95332231	0.99037747
5.09000000	0.90448598	0.97674061	0.96802091	0.98677556	0.98677558	0.86471166	0.95344741	0.99042671
5.09500000	0.90417006	0.97667180	0.96801479	0.98684788	0.98684790	0.86492663	0.95357666	0.99047451
5.10000000	0.90385747	0.97660658	0.96800861	0.98692021	0.98692023	0.86513657	0.95370982	0.99052078
5.10500000	0.90354859	0.97654507	0.96800242	0.98699243	0.98699245	0.86534082	0.95384660	0.99056544
5.11000000	0.90324378	0.97648736	0.96799629	0.98706444	0.98706446	0.86553874	0.95398673	0.99060838
5.11500000	0.90294336	0.97643355	0.96799031	0.98713610	0.98713612	0.86572971	0.95412993	0.99064950
5.12000000	0.90264762	0.97638370	0.96798451	0.98720733	0.98720735	0.86591315	0.95427592	0.99068871
5.12500000	0.90235683	0.97633789	0.96797895	0.98727798	0.98727800	0.86608849	0.95442439	0.99072590
5.13000000	0.90207123	0.97629620	0.96797369	0.98734796	0.98734798	0.86625520	0.95457507	0.99076097
5.13500000	0.90179102	0.97625865	0.96796877	0.98741714	0.98741716	0.86641274	0.95472767	0.99079381
5.14000000	0.90151639	0.97622531	0.96796421	0.98748541	0.98748543	0.86656065	0.95488189	0.99082432
5.14500000	0.90124747	0.97619621	0.96796004	0.98755266	0.98755268	0.86669846	0.95503744	0.99085240
5.15000000	0.90098438	0.97617136	0.96795628	0.98761877	0.98761879	0.86682575	0.95519405	0.99087795
5.15500000	0.90072720	0.97615078	0.96795294	0.98768364	0.98768366	0.86694214	0.95535143	0.99090087
5.16000000	0.90047596	0.97613449	0.96795001	0.98774716	0.98774718	0.86704726	0.95550930	0.99092107
5.16500000	0.90023069	0.97612246	0.96794749	0.98780922	0.98780925	0.86714080	0.95566740	0.99093846
5.17000000	0.89999136	0.97611469	0.96794534	0.98786974	0.98786976	0.86722248	0.95582545	0.99095295
5.17500000	0.89975793	0.97611114	0.96794354	0.98792861	0.98792863	0.86729205	0.95598322	0.99096447
5.18000000	0.89953030	0.97611219	0.96794205	0.98798575	0.98798577	0.86734932	0.95614044	0.99097294
5.18500000	0.89930836	0.97611983	0.96794081	0.98804107	0.98804110	0.86739412	0.95629688	0.99097831
5.19000000	0.89909197	0.97613375	0.96793975	0.98809450	0.98809453	0.86742634	0.95645233	0.99098051
5.19500000	0.89888096	0.97615362	0.96793881	0.98814597	0.98814599	0.86744589	0.95660655	0.99097989
5.20000000	0.89867513	0.97617913	0.96793790	0.98819540	0.98819543	0.86745274	0.95675936	0.99097721
5.20500000	0.89847424	0.97620999	0.96793692	0.98824275	0.98824278	0.86744909	0.95691057	0.99097239
5.21000000	0.89827805	0.97624591	0.96793578	0.98828797	0.98828799	0.86743741	0.95705999	0.99096534
5.21500000	0.89808628	0.97628660	0.96793436	0.98833100	0.98833103	0.86741746	0.95720747	0.99095601
5.22000000	0.89789863	0.97633178	0.96793255	0.98837182	0.98837185	0.86738907	0.95735287	0.99094433
5.22500000	0.89771480	0.97638120	0.96793021	0.98841040	0.98841043	0.86735209	0.95749605	0.99093026
5.23000000	0.89753443	0.97643456	0.96792722	0.98844672	0.98844675	0.86730644	0.95763691	0.99091376
5.23500000	0.89735719	0.97649163	0.96792343	0.98848077	0.98848079	0.86725207	0.95777534	0.99089482
5.24000000	0.89718270	0.97655212	0.96791869	0.98851254	0.98851256	0.86718897	0.95791127	0.99087342
5.24500000	0.89701059	0.97661579	0.96791287	0.98854204	0.98854207	0.86711717	0.95804463	0.99084958
5.25000000	0.89684048	0.97668237	0.96790579	0.98856928	0.98856931	0.86703677	0.95817538	0.99082330
5.25500000	0.89667196	0.97675163	0.96789732	0.98859429	0.98859431	0.86694787	0.95830349	0.99079462
5.26000000	0.89650464	0.97682330	0.96788729	0.98861708	0.98861710	0.86685062	0.95842895	0.99076358
5.26500000	0.89633811	0.97689714	0.96787555	0.98863769	0.98863772	0.86674522	0.95855175	0.99073023
5.27000000	0.89617197	0.97697291	0.96786193	0.98865616	0.98865619	0.86663188	0.95867192	0.99069465
5.27500000	0.89600580	0.97705036	0.96784628	0.98867254	0.98867257	0.86651086	0.95878950	0.99065690
5.28000000	0.89583922	0.97712927	0.96782846	0.98868689	0.98868692	0.86638244	0.95890454	0.99061708
5.28500000	0.89567182	0.97720938	0.96780830	0.98869925	0.98869928	0.86624694	0.95901711	0.99057530
5.29000000	0.89550321	0.97729048	0.96778567	0.98870970	0.98870973	0.86610467	0.95912730	0.99053166
5.29500000	0.89533302	0.97737234	0.96776042	0.98871830	0.98871833	0.86595601	0.95923518	0.99048629
5.30000000	0.89516086	0.97745472	0.96773243	0.98872512	0.98872515	0.86580133	0.95934088	0.99043932
5.30500000	0.89498639	0.97753742	0.96770158	0.98873024	0.98873027	0.86564103	0.95944452	0.99039090
5.31000000	0.89480926	0.97762021	0.96766774	0.98873373	0.98873376	0.86547551	0.95954622	0.99034117
5.31500000	0.89462915	0.97770289	0.96763083	0.98873569	0.98873572	0.86530521	0.95964613	0.99029031
5.32000000	0.89444574	0.97778525	0.96759073	0.98873618	0.98873622	0.86513055	0.95974439	0.99023847
5.32500000	0.89425875	0.97786708	0.96754738	0.98873563	0.98873567	0.86495199	0.95984116	0.99018583
5.33000000	0.89406790	0.97794820	0.96750070	0.98873426	0.98873429	0.86476998	0.95993661	0.99013258
5.33500000	0.89387295	0.97802841	0.96745065	0.98873208	0.98873211	0.86458497	0.96003088	0.99007890
5.34000000	0.89367367	0.97810753	0.96739718	0.98872912	0.98872915	0.86439742	0.96012415	0.99002499
5.34500000	0.89346986	0.97818537	0.96734026	0.98872542	0.98872545	0.86420779	0.96021658	0.98997103
5.35000000	0.89326133	0.97826177	0.96727989	0.98872100	0.98872104	0.86401655	0.96030834	0.98991723
5.35500000	0.89304794	0.97833656	0.96721608	0.98871591	0.98871594	0.86382413	0.96039958	0.98986379
5.36000000	0.89282955	0.97840957	0.96714885	0.98871016	0.98871020	0.86363099	0.96049045	0.98981090
5.36500000	0.89260606	0.97848065	0.96707824	0.98870381	0.98870385	0.86343758	0.96058111	0.98975877
5.37000000	0.89237738	0.97854965	0.96700431	0.98869688	0.98869692	0.86324432	0.96067168	0.98970760
5.37500000	0.89214346	0.97861643	0.96692712	0.98868941	0.98868945	0.86305163	0.96076229	0.98965758
5.38000000	0.89190427	0.97868084	0.96684678	0.98868143	0.98868147	0.86285993	0.96085305	0.98960891
5.38500000	0.89165981	0.97874277	0.96676340	0.98867298	0.98867301	0.86266961	0.96094405	0.98956178
5.39000000	0.89141009	0.97880207	0.96667709	0.98866406	0.98866410	0.86248106	0.96103536	0.98951636
5.39500000	0.89115515	0.97885864	0.96658801	0.98865473	0.98865477	0.86229464	0.96112704	0.98947285
5.40000000	0.89089507	0.97891237	0.96649631	0.98864499	0.98864503	0.86211070	0.96121913	0.98943140
5.40500000	0.89062991	0.97896314	0.96640217	0.98863487	0.98863490	0.86192958	0.96131164	0.98939219
5.41000000	0.89035981	0.97901086	0.96630578	0.98862437	0.98862441	0.86175160	0.96140455	0.98935536
5.41500000	0.89008488	0.97905544	0.96620735	0.98861352	0.98861356	0.86157704	0.96149783	0.98932107
5.42000000	0.88980527	0.97909678	0.96610710	0.98860232	0.98860236	0.86140620	0.96159143	0.98928943
5.42500000	0.88952116	0.97913482	0.96600526	0.98859076	0.98859080	0.86123932	0.96168525	0.98926058
5.43000000	0.88923272	0.97916948	0.96590208	0.98857886	0.98857890	0.86107665	0.96177918	0.98923461
5.43500000	0.88894015	0.97920068	0.96579782	0.98856659	0.98856664	0.86091840	0.96187309	0.98921163
5.44000000	0.88864368	0.97922838	0.96569275	0.98855396	0.98855400	0.86076477	0.96196680	0.98919172
5.44500000	0.88834353	0.97925253	0.96558716	0.98854095	0.98854099	0.86061594	0.96206014	0.98917494
5.45000000	0.88803995	0.97927307	0.96548134	0.98852753	0.98852757	0.86047207	0.96215288	0.98916135
5.45500000	0.88773319	0.97928996	0.96537558	0.98851369	0.98851373	0.86033328	0.96224479	0.98915097
5.46000000	0.88742352	0.97930319	0.96527019	0.98849940	0.98849944	0.86019970	0.96233561	0.98914384
5.46500000	0.88711120	0.97931272	0.96516548	0.98848462	0.98848467	0.86007142	0.96242507	0.98913996
5.47000000	0.88679653	0.97931854	0.96506178	0.98846934	0.98846938	0.85994851	0.96251288	0.98913931
5.47500000	0.88647979	0.97932064	0.96495941	0.98845351	0.98845356	0.85983103	0.96259871	0.98914341
5.48000000	0.88616128	0.97931963	0.96485868	0.98843711	0.98843715	0.85971901	0.96268225	0.98915242
5.48500000	0.88584129	0.97931626	0.96475993	0.98842008	0.98842012	0.85961247	0.96276318	0.98916607
5.49000000	0.88552013	0.97931045	0.96466349	0.98840241	0.98840245	0.85951141	0.96284114	0.98918409
5.49500000	0.88519811	0.97930214	0.96456968	0.98838404	0.98838408	0.85941581	0.96291580	0.98920621
5.50000000	0.88487553	0.97929127	0.96447883	0.98836495	0.98836499	0.85932562	0.96298682	0.98923212
5.50500000	0.88455270	0.97927781	0.96439127	0.98834510	0.98834514	0.85924080	0.96305386	0.98926156
5.51000000	0.88422993	0.97926171	0.96430732	0.98832446	0.98832450	0.85916128	0.96311658	0.98929422
5.51500000	0.88390752	0.97924294	0.96422729	0.98830300	0.98830304	0.85908696	0.96317466	0.98932980
5.52000000	0.88358579	0.97922150	0.96415150	0.98828069	0.98828073	0.85901775	0.96322779	0.98936798
5.52500000	0.88326502	0.97919738	0.96408026	0.98825751	0.98825755	0.85895354	0.96327568	0.98940848
5.53000000	0.88294553	0.97917058	0.96401386	0.98823344	0.98823347	0.85889419	0.96331804	0.98945095
5.53500000	0.88262761	0.97914110	0.96395259	0.98820846	0.98820850	0.85883957	0.96335463	0.98949509
5.54000000	0.88231154	0.97910898	0.96389675	0.98818257	0.98818260	0.85878953	0.96338521	0.98954057
5.54500000	0.88199761	0.97907424	0.96384660	0.98815576	0.98815580	0.85874390	0.96340958	0.98958707
5.55000000	0.88168611	0.97903692	0.96380242	0.98812804	0.98812807	0.85870251	0.96342756	0.98963426
5.55500000	0.88137730	0.97899707	0.96376444	0.98809941	0.98809945	0.85866519	0.96343903	0.98968181
5.56000000	0.88107146	0.97895474	0.96373293	0.98806990	0.98806993	0.85863175	0.96344386	0.98972940
5.56500000	0.88076884	0.97890999	0.96370810	0.98803951	0.98803954	0.85860200	0.96344269	0.98977672
5.57000000	0.88046969	0.97886289	0.96369018	0.98800829	0.98800832	0.85857573	0.96343726	0.98982343
5.57500000	0.88017427	0.97881352	0.96367938	0.98797626	0.98797629	0.85855274	0.96342742	0.98986924
5.58000000	0.87988280	0.97876196	0.96367588	0.98794347	0.98794350	0.85853283	0.96341304	0.98991383
5.58500000	0.87959552	0.97870831	0.96368226	0.98790997	0.98791000	0.85851579	0.96339403	0.98995690
5.59000000	0.87931264	0.97865266	0.96370065	0.98787581	0.98787584	0.85850140	0.96337035	0.98999818
5.59500000	0.87903438	0.97859510	0.96373085	0.98784106	0.98784109	0.85848945	0.96334197	0.99003738
5.60000000	0.87876093	0.97853576	0.96377269	0.98780579	0.98780582	0.85847974	0.96330891	0.99007423
5.60500000	0.87849250	0.97847475	0.96382597	0.98777007	0.98777010	0.85847205	0.96327121	0.99010849
5.61000000	0.87822925	0.97841217	0.96389055	0.98773399	0.98773402	0.85846618	0.96322896	0.99013993
5.61500000	0.87797136	0.97834817	0.96396625	0.98769763	0.98769766	0.85846191	0.96318227	0.99016832
5.62000000	0.87771900	0.97828286	0.96405290	0.98766109	0.98766111	0.85845906	0.96313129	0.99019346
5.62500000	0.87747232	0.97821637	0.96415036	0.98762446	0.98762448	0.85845742	0.96307620	0.99021517
5.63000000	0.87723145	0.97814885	0.96425843	0.98758784	0.98758787	0.85845680	0.96301721	0.99023329
5.63500000	0.87699653	0.97808044	0.96437697	0.98755135	0.98755138	0.85845714	0.96295456	0.99024769
5.64000000	0.87676768	0.97801126	0.96450578	0.98751509	0.98751512	0.85845854	0.96288851	0.99025823
5.64500000	0.87654500	0.97794148	0.96464468	0.98747919	0.98747921	0.85846067	0.96281935	0.99026483
5.65000000	0.87632861	0.97787123	0.96479350	0.98744375	0.98744377	0.85846325	0.96274741	0.99026742
5.65500000	0.87611857	0.97780066	0.96495202	0.98740889	0.98740892	0.85846602	0.96267302	0.99026650
5.66000000	0.87591498	0.97772993	0.96512005	0.98737474	0.98737477	0.85846876	0.96259654	0.99026299
5.66500000	0.87571789	0.97765918	0.96529737	0.98734142	0.98734145	0.85847125	0.96251836	0.99025681
5.67000000	0.87552736	0.97758856	0.96548375	0.98730905	0.98730908	0.85847331	0.96243887	0.99024787
5.67500000	0.87534344	0.97751824	0.96567895	0.98727776	0.98727779	0.85847478	0.96235847	0.99023615
5.68000000	0.87516615	0.97744835	0.96588274	0.98724768	0.98724770	0.85847550	0.96227761	0.99022160
5.68500000	0.87499553	0.97737905	0.96609485	0.98721891	0.98721894	0.85847541	0.96219671	0.99020423
5.69000000	0.87483158	0.97731049	0.96631502	0.98719160	0.98719163	0.85847471	0.96211621	0.99018405
5.69500000	0.87467430	0.97724282	0.96654296	0.98716586	0.98716589	0.85847333	0.96203658	0.99016111
5.70000000	0.87452368	0.97717618	0.96677838	0.98714180	0.98714184	0.85847119	0.96195826	0.99013546
5.70500000	0.87437971	0.97711072	0.96702099	0.98711956	0.98711959	0.85846824	0.96188171	0.99010720
5.71000000	0.87424235	0.97704658	0.96727047	0.98709923	0.98709926	0.85846444	0.96180739	0.99007641
5.71500000	0.87411156	0.97698390	0.96752648	0.98708093	0.98708096	0.85845973	0.96173575	0.99004323
5.72000000	0.87398729	0.97692281	0.96778870	0.98706477	0.98706480	0.85845409	0.96166725	0.99000780
5.72500000	0.87386949	0.97686345	0.96805677	0.98705085	0.98705088	0.85844749	0.96160233	0.98997027
5.73000000	0.87375808	0.97680594	0.96833033	0.98703926	0.98703930	0.85843993	0.96154142	0.98993083
5.73500000	0.87365299	0.97675040	0.96860901	0.98703011	0.98703015	0.85843139	0.96148494	0.98988967
5.74000000	0.87355414	0.97669696	0.96889243	0.98702348	0.98702352	0.85842187	0.96143332	0.98984699
5.74500000	0.87346141	0.97664572	0.96918020	0.98701945	0.98701949	0.85841137	0.96138694	0.98980301
5.75000000	0.87337472	0.97659679	0.96947190	0.98701810	0.98701814	0.85839991	0.96134619	0.98975798
5.75500000	0.87329395	0.97655027	0.96976714	0.98702033	0.98702037	0.85838749	0.96131142	0.98971213
5.76000000	0.87321899	0.97650626	0.97006548	0.98702698	0.98702703	0.85837415	0.96128298	0.98966573
5.76500000	0.87314970	0.97646484	0.97036650	0.98703798	0.98703803	0.85835989	0.96126120	0.98961903
5.77000000	0.87308596	0.97642609	0.97066975	0.98705326	0.98705331	0.85834475	0.96124636	0.98957230
5.77500000	0.87302764	0.97639009	0.97097479	0.98707275	0.98707280	0.85832875	0.96123875	0.98952583
5.78000000	0.87297458	0.97635690	0.97128117	0.98709638	0.98709643	0.85831193	0.96123861	0.98947989
5.78500000	0.87292663	0.97632658	0.97158842	0.98712408	0.98712413	0.85829431	0.96125069	0.98943477
5.79000000	0.87288365	0.97629919	0.97189610	0.98715578	0.98715583	0.85827594	0.96127493	0.98939074
5.79500000	0.87284548	0.97627475	0.97220371	0.98719140	0.98719146	0.85825684	0.96131118	0.98934810
5.80000000	0.87281195	0.97625331	0.97251081	0.98723086	0.98723092	0.85823705	0.96135925	0.98930712
5.80500000	0.87278290	0.97623490	0.97281691	0.98727407	0.98727413	0.85821660	0.96141896	0.98926808
5.81000000	0.87275815	0.97621953	0.97312155	0.98732094	0.98732100	0.85819553	0.96149008	0.98923126
5.81500000	0.87273754	0.97620721	0.97342424	0.98737138	0.98737144	0.85817387	0.96157238	0.98919693
5.82000000	0.87272090	0.97619795	0.97372453	0.98742527	0.98742533	0.85815165	0.96166561	0.98916535
5.82500000	0.87270803	0.97619174	0.97402194	0.98748250	0.98748256	0.85812891	0.96176948	0.98913676
5.83000000	0.87269878	0.97618856	0.97431601	0.98754296	0.98754302	0.85810567	0.96188370	0.98911143
5.83500000	0.87269295	0.97618839	0.97460629	0.98760653	0.98760659	0.85808197	0.96200793	0.98908957
5.84000000	0.87269036	0.97619290	0.97489232	0.98767306	0.98767312	0.85805783	0.96214181	0.98907141
5.84500000	0.87269113	0.97620196	0.97517367	0.98774241	0.98774248	0.85803329	0.96228496	0.98905717
5.85000000	0.87269649	0.97621533	0.97544990	0.98781445	0.98781451	0.85800835	0.96243698	0.98904703
5.85500000	0.87270598	0.97623279	0.97572060	0.98788900	0.98788907	0.85798306	0.96259743	0.98904117
5.86000000	0.87271917	0.97625413	0.97598535	0.98796592	0.98796598	0.85795744	0.96276585	0.98903978
5.86500000	0.87273566	0.97627913	0.97624377	0.98804502	0.98804508	0.85793150	0.96294175	0.98904491
5.87000000	0.87275507	0.97630759	0.97649549	0.98812612	0.98812618	0.85790526	0.96312464	0.98905742
5.87500000	0.87277704	0.97633931	0.97674013	0.98820905	0.98820911	0.85787876	0.96331398	0.98907725
5.88000000	0.87280124	0.97637409	0.97697736	0.98829360	0.98829366	0.85785201	0.96350921	0.98910430
5.88500000	0.87282736	0.97641174	0.97720687	0.98837957	0.98837963	0.85782503	0.96370977	0.98913848
5.89000000	0.87285509	0.97645206	0.97742835	0.98846677	0.98846683	0.85779784	0.96391506	0.98917967
5.89500000	0.87288417	0.97649487	0.97764152	0.98855496	0.98855503	0.85777046	0.96412448	0.98922776
5.90000000	0.87291433	0.97653999	0.97784613	0.98864395	0.98864401	0.85774292	0.96433740	0.98928261
5.90500000	0.87294533	0.97658724	0.97804195	0.98873350	0.98873356	0.85771524	0.96455319	0.98934407
5.91000000	0.87297693	0.97663644	0.97822879	0.98882339	0.98882345	0.85768744	0.96477119	0.98941197
5.91500000	0.87300892	0.97668742	0.97840645	0.98891338	0.98891344	0.85765955	0.96499075	0.98948614
5.92000000	0.87304109	0.97674001	0.97857480	0.98900324	0.98900330	0.85763159	0.96521120	0.98956637
5.92500000	0.87307325	0.97679405	0.97873370	0.98909273	0.98909279	0.85760360	0.96543187	0.98965246
5.93000000	0.87310522	0.97684937	0.97888308	0.98918161	0.98918167	0.85757560	0.96565209	0.98974418
5.93500000	0.87313684	0.97690583	0.97902286	0.98926965	0.98926971	0.85754763	0.96587118	0.98984129
5.94000000	0.87316795	0.97696327	0.97915301	0.98935661	0.98935667	0.85751972	0.96608846	0.98994353
5.94500000	0.87319840	0.97702154	0.97927354	0.98944224	0.98944230	0.85749192	0.96630327	0.99005063
5.95000000	0.87322807	0.97708051	0.97938445	0.98952631	0.98952637	0.85746427	0.96651495	0.99016231
5.95500000	0.87325682	0.97714003	0.97948582	0.98960859	0.98960864	0.85743682	0.96672285	0.99027826
5.96000000	0.87328454	0.97719998	0.97957774	0.98968885	0.98968890	0.85740960	0.96692632	0.99039817
5.96500000	0.87331113	0.97726024	0.97966031	0.98976685	0.98976691	0.85738269	0.96712474	0.99052172
5.97000000	0.87333649	0.97732069	0.97973369	0.98984239	0.98984244	0.85735614	0.96731750	0.99064858
5.97500000	0.87336054	0.97738120	0.97979806	0.98991525	0.98991530	0.85733000	0.96750401	0.99077840
5.98000000	0.87338321	0.97744169	0.97985363	0.98998522	0.98998527	0.85730435	0.96768369	0.99091083
5.98500000	0.87340441	0.97750204	0.97990062	0.99005211	0.99005216	0.85727925	0.96785601	0.99104552
5.99000000	0.87342410	0.97756217	0.97993931	0.99011573	0.99011577	0.85725479	0.96802044	0.99118210
5.99500000	0.87344223	0.97762198	0.97996999	0.99017589	0.99017594	0.85723105	0.96817650	0.99132019
6.00000000	0.87345874	0.97768141	0.97999297	0.99023244	0.99023249	0.85720809	0.96832370	0.99145943
6.00500000	0.87347361	0.97774037	0.98000859	0.99028522	0.99028526	0.85718603	0.96846164	0.99159944
6.01000000	0.87348680	0.97779879	0.98001721	0.99033407	0.99033412	0.85716495	0.96858990	0.99173984
6.01500000	0.87349831	0.97785662	0.98001924	0.99037888	0.99037892	0.85714495	0.96870813	0.99188025
6.02000000	0.87350811	0.97791380	0.98001662	0.99041952	0.99041956	0.85712613	0.96881599	0.99202030
6.02500000	0.87351620	0.97797028	0.98001031	0.99045588	0.99045592	0.85710860	0.96891319	0.99215962
6.03000000	0.87352258	0.97802602	0.98000043	0.99048787	0.99048791	0.85709247	0.96899949	0.99229783
6.03500000	0.87352726	0.97808098	0.97998717	0.99051541	0.99051545	0.85707786	0.96907466	0.99243459
6.04000000	0.87353026	0.97813513	0.97997072	0.99053844	0.99053848	0.85706489	0.96913854	0.99256952
6.04500000	0.87353159	0.97818844	0.97995131	0.99055691	0.99055695	0.85705368	0.96919099	0.99270228
6.05000000	0.87353139	0.97824090	0.97992919	0.99057078	0.99057081	0.85704435	0.96923191	0.99283254
6.05500000	0.87353019	0.97829249	0.97990462	0.99058001	0.99058005	0.85703704	0.96926126	0.99295996
6.06000000	0.87352796	0.97834319	0.97987789	0.99058461	0.99058464	0.85703187	0.96927901	0.99308423
6.06500000	0.87352470	0.97839300	0.97984928	0.99058459	0.99058462	0.85702898	0.96928520	0.99320505
6.07000000	0.87352041	0.97844192	0.97981912	0.99058167	0.99058170	0.85702851	0.96928189	0.99332211
6.07500000	0.87351508	0.97848994	0.97978771	0.99057577	0.99057579	0.85703182	0.96927133	0.99343516
6.08000000	0.87350875	0.97853708	0.97975538	0.99056680	0.99056683	0.85703929	0.96925336	0.99354392
6.08500000	0.87350141	0.97858333	0.97972247	0.99055470	0.99055473	0.85705100	0.96922785	0.99364814
6.09000000	0.87349309	0.97862871	0.97968931	0.99053942	0.99053944	0.85706701	0.96919473	0.99374761
6.09500000	0.87348383	0.97867322	0.97965624	0.99052091	0.99052094	0.85708741	0.96915395	0.99384211
6.10000000	0.87347364	0.97871690	0.97962358	0.99049915	0.99049918	0.85711226	0.96910550	0.99393145
6.10500000	0.87346258	0.97875974	0.97959167	0.99047412	0.99047414	0.85714165	0.96904943	0.99401545
6.11000000	0.87345067	0.97880177	0.97956083	0.99044580	0.99044583	0.85717565	0.96898581	0.99409395
6.11500000	0.87343797	0.97884300	0.97953138	0.99041420	0.99041423	0.85721433	0.96891476	0.99416684
6.12000000	0.87342453	0.97888347	0.97950361	0.99037933	0.99037935	0.85725777	0.96883641	0.99423397
6.12500000	0.87341039	0.97892317	0.97947783	0.99034120	0.99034122	0.85730603	0.96875095	0.99429527
6.13000000	0.87339563	0.97896215	0.97945431	0.99029982	0.99029985	0.85735916	0.96865860	0.99435066
6.13500000	0.87338030	0.97900042	0.97943330	0.99025524	0.99025526	0.85741721	0.96855959	0.99440007
6.14000000	0.87336447	0.97903800	0.97941506	0.99020747	0.99020749	0.85748023	0.96845420	0.99444349
6.14500000	0.87334822	0.97907490	0.97939981	0.99015655	0.99015657	0.85754824	0.96834272	0.99448089
6.15000000	0.87333160	0.97911117	0.97938775	0.99010253	0.99010255	0.85762126	0.96822548	0.99451228
6.15500000	0.87331471	0.97914680	0.97937906	0.99004545	0.99004547	0.85769929	0.96810283	0.99453768
6.16000000	0.87329763	0.97918183	0.97937392	0.98998534	0.98998536	0.85778234	0.96797513	0.99455716
6.16500000	0.87328043	0.97921627	0.97937245	0.98992226	0.98992228	0.85787037	0.96784279	0.99457077
6.17000000	0.87326322	0.97925014	0.97937616	0.98985625	0.98985627	0.85796336	0.96770619	0.99457861
6.17500000	0.87324607	0.97928346	0.97938593	0.98978736	0.98978737	0.85806125	0.96756578	0.99458077
6.18000000	0.87322910	0.97931624	0.97940165	0.98971563	0.98971565	0.85816398	0.96742198	0.99457866
6.18500000	0.87321240	0.97934850	0.97942318	0.98964112	0.98964114	0.85827146	0.96727526	0.99457309
6.19000000	0.87319608	0.97938026	0.97945037	0.98956387	0.98956388	0.85838360	0.96712606	0.99456406
6.19500000	0.87318024	0.97941153	0.97948303	0.98948392	0.98948394	0.85850029	0.96697487	0.99455155
6.20000000	0.87316500	0.97944233	0.97952097	0.98940133	0.98940135	0.85862139	0.96682216	0.99453560
6.20500000	0.87315048	0.97947266	0.97956395	0.98931614	0.98931616	0.85874675	0.96666841	0.99451625
6.21000000	0.87313679	0.97950253	0.97961174	0.98922840	0.98922842	0.85887622	0.96651410	0.99449356
6.21500000	0.87312405	0.97953197	0.97966408	0.98913815	0.98913817	0.85900961	0.96635973	0.99446763
6.22000000	0.87311241	0.97956098	0.97972068	0.98904544	0.98904545	0.85914672	0.96620577	0.99443855
6.22500000	0.87310198	0.97958957	0.97978127	0.98895031	0.98895032	0.85928735	0.96605271	0.99440645
6.23000000	0.87309290	0.97961775	0.97984553	0.98885280	0.98885282	0.85943126	0.96590101	0.99437146
6.23500000	0.87308532	0.97964554	0.97991314	0.98875298	0.98875299	0.85957823	0.96575116	0.99433374
6.24000000	0.87307937	0.97967293	0.97998377	0.98865087	0.98865088	0.85972798	0.96560360	0.99429346
6.24500000	0.87307520	0.97969995	0.98005709	0.98854653	0.98854655	0.85988025	0.96545879	0.99425080
6.25000000	0.87307296	0.97972659	0.98013275	0.98844002	0.98844004	0.86003477	0.96531715	0.99420595
6.25500000	0.87307279	0.97975288	0.98021041	0.98833138	0.98833140	0.86019124	0.96517911	0.99415913
6.26000000	0.87307609	0.97977882	0.98028971	0.98822067	0.98822069	0.86034936	0.96504508	0.99411055
6.26500000	0.87308307	0.97980442	0.98037031	0.98810795	0.98810797	0.86050881	0.96491542	0.99406043
6.27000000	0.87309385	0.97982969	0.98045186	0.98799328	0.98799329	0.86066928	0.96479051	0.99400901
6.27500000	0.87310855	0.97985465	0.98053402	0.98787672	0.98787673	0.86083044	0.96467069	0.99395654
6.28000000	0.87312729	0.97987931	0.98061645	0.98775834	0.98775836	0.86099196	0.96455628	0.99390326
6.28500000	0.87315021	0.97990367	0.98069882	0.98763822	0.98763824	0.86115349	0.96444757	0.99384943
6.29000000	0.87317742	0.97992775	0.98078081	0.98751644	0.98751646	0.86131470	0.96434482	0.99379529
6.29500000	0.87320905	0.97995157	0.98086212	0.98739307	0.98739309	0.86147525	0.96424828	0.99374112
6.30000000	0.87324522	0.97997514	0.98094246	0.98726821	0.98726823	0.86163479	0.96415815	0.99368715
6.30500000	0.87328606	0.97999847	0.98102153	0.98714195	0.98714196	0.86179297	0.96407463	0.99363366
6.31000000	0.87333167	0.98002158	0.98109909	0.98701438	0.98701440	0.86194946	0.96399785	0.99358089
6.31500000	0.87338216	0.98004448	0.98117488	0.98688561	0.98688562	0.86210392	0.96392794	0.99352911
6.32000000	0.87343764	0.98006719	0.98124867	0.98675574	0.98675576	0.86225602	0.96386498	0.99347855
6.32500000	0.87349819	0.98008973	0.98132024	0.98662490	0.98662491	0.86240543	0.96380904	0.99342945
6.33000000	0.87356390	0.98011211	0.98138942	0.98649319	0.98649320	0.86255183	0.96376013	0.99338205
6.33500000	0.87363483	0.98013435	0.98145602	0.98636073	0.98636075	0.86269491	0.96371824	0.99333658
6.34000000	0.87371105	0.98015646	0.98151989	0.98622766	0.98622768	0.86283436	0.96368333	0.99329325
6.34500000	0.87379259	0.98017846	0.98158090	0.98609411	0.98609413	0.86296991	0.96365532	0.99325226
6.35000000	0.87387949	0.98020038	0.98163893	0.98596020	0.98596022	0.86310126	0.96363410	0.99321382
6.35500000	0.87397176	0.98022221	0.98169390	0.98582607	0.98582609	0.86322815	0.96361954	0.99317808
6.36000000	0.87406941	0.98024399	0.98174572	0.98569186	0.98569188	0.86335033	0.96361146	0.99314524
6.36500000	0.87417240	0.98026573	0.98179434	0.98555772	0.98555774	0.86346757	0.96360966	0.99311543
6.37000000	0.87428070	0.98028743	0.98183973	0.98542378	0.98542380	0.86357963	0.96361646	0.99308878
6.37500000	0.87439426	0.98030913	0.98188186	0.98529018	0.98529021	0.86368632	0.96363226	0.99306543
6.38000000	0.87451301	0.98033082	0.98192074	0.98515708	0.98515710	0.86378744	0.96365628	0.99304547
6.38500000	0.87463685	0.98035253	0.98195638	0.98502461	0.98502463	0.86388282	0.96368776	0.99302898
6.39000000	0.87476567	0.98037426	0.98198881	0.98489292	0.98489294	0.86397230	0.96372592	0.99301604
6.39500000	0.87489935	0.98039603	0.98201808	0.98476214	0.98476217	0.86405574	0.96377000	0.99300668
6.40000000	0.87503772	0.98041785	0.98204424	0.98463243	0.98463245	0.86413303	0.96381925	0.99300093
6.40500000	0.87518062	0.98043973	0.98206738	0.98450390	0.98450393	0.86420406	0.96387293	0.99299881
6.41000000	0.87532787	0.98046166	0.98208757	0.98437671	0.98437673	0.86426875	0.96393028	0.99300121
6.41500000	0.87547926	0.98048367	0.98210491	0.98425098	0.98425100	0.86432704	0.96399059	0.99300925
6.42000000	0.87563456	0.98050575	0.98211950	0.98412683	0.98412685	0.86437887	0.96405312	0.99302265
6.42500000	0.87579353	0.98052791	0.98213146	0.98400439	0.98400442	0.86442422	0.96411716	0.99304113
6.43000000	0.87595593	0.98055015	0.98214090	0.98388379	0.98388381	0.86446307	0.96418201	0.99306438
6.43500000	0.87612146	0.98057247	0.98214796	0.98376513	0.98376516	0.86449544	0.96424698	0.99309211
6.44000000	0.87628986	0.98059486	0.98215277	0.98364853	0.98364855	0.86452135	0.96431140	0.99312400
6.44500000	0.87646081	0.98061732	0.98215546	0.98353409	0.98353411	0.86454084	0.96437460	0.99315972
6.45000000	0.87663400	0.98063985	0.98215618	0.98342190	0.98342193	0.86455397	0.96443596	0.99319897
6.45500000	0.87680912	0.98066244	0.98215548	0.98331207	0.98331210	0.86456081	0.96449483	0.99324139
6.46000000	0.87698582	0.98068507	0.98215370	0.98320469	0.98320471	0.86456145	0.96455064	0.99328666
6.46500000	0.87716377	0.98070773	0.98215089	0.98309983	0.98309985	0.86455805	0.96460280	0.99333442
6.47000000	0.87734262	0.98073042	0.98214710	0.98299758	0.98299760	0.86455078	0.96465076	0.99338433
6.47500000	0.87752201	0.98075310	0.98214240	0.98289800	0.98289803	0.86453961	0.96469399	0.99343605
6.48000000	0.87770158	0.98077577	0.98213685	0.98280117	0.98280120	0.86452449	0.96473200	0.99348921
6.48500000	0.87788098	0.98079840	0.98213051	0.98270716	0.98270718	0.86450543	0.96476432	0.99354346
6.49000000	0.87805984	0.98082096	0.98212346	0.98261600	0.98261603	0.86448242	0.96479052	0.99359846
6.49500000	0.87823780	0.98084343	0.98211577	0.98252777	0.98252780	0.86445550	0.96481018	0.99365385
6.50000000	0.87841450	0.98086579	0.98210749	0.98244251	0.98244254	0.86442469	0.96482293	0.99370928
6.50500000	0.87858957	0.98088799	0.98209871	0.98236027	0.98236029	0.86439005	0.96482843	0.99376442
6.51000000	0.87876268	0.98091002	0.98208947	0.98228108	0.98228110	0.86435164	0.96482715	0.99381893
6.51500000	0.87893346	0.98093183	0.98207985	0.98220497	0.98220500	0.86430955	0.96482092	0.99387249
6.52000000	0.87910159	0.98095339	0.98206991	0.98213199	0.98213202	0.86426385	0.96480942	0.99392478
6.52500000	0.87926672	0.98097466	0.98205970	0.98206217	0.98206219	0.86421466	0.96479234	0.99397549
6.53000000	0.87942854	0.98099560	0.98204926	0.98199552	0.98199554	0.86416207	0.96476941	0.99402434
6.53500000	0.87958673	0.98101617	0.98203865	0.98193207	0.98193209	0.86410621	0.96474037	0.99407104
6.54000000	0.87974099	0.98103634	0.98202790	0.98187184	0.98187186	0.86404718	0.96470502	0.99411532
6.54500000	0.87989104	0.98105606	0.98201704	0.98181484	0.98181486	0.86398512	0.96466315	0.99415695
6.55000000	0.88003660	0.98107528	0.98200610	0.98176110	0.98176112	0.86392015	0.96461460	0.99419568
6.55500000	0.88017741	0.98109396	0.98199510	0.98171062	0.98171064	0.86385241	0.96455923	0.99423130
6.56000000	0.88031321	0.98111206	0.98198405	0.98166341	0.98166343	0.86378203	0.96449694	0.99426361
6.56500000	0.88044379	0.98112954	0.98197295	0.98161948	0.98161950	0.86370915	0.96442763	0.99429243
6.57000000	0.88056893	0.98114634	0.98196180	0.98157883	0.98157885	0.86363389	0.96435126	0.99431761
6.57500000	0.88068843	0.98116244	0.98195058	0.98154147	0.98154149	0.86355638	0.96426778	0.99433900
6.58000000	0.88080211	0.98117778	0.98193928	0.98150740	0.98150742	0.86347676	0.96417718	0.99435649
6.58500000	0.88090979	0.98119233	0.98192787	0.98147662	0.98147663	0.86339515	0.96407949	0.99436997
6.59000000	0.88101135	0.98120605	0.98191630	0.98144912	0.98144913	0.86331167	0.96397475	0.99437936
6.59500000	0.88110664	0.98121889	0.98190455	0.98142491	0.98142492	0.86322643	0.96386300	0.99438461
6.60000000	0.88119556	0.98123082	0.98189255	0.98140397	0.98140398	0.86313954	0.96374433	0.99438568
6.60500000	0.88127801	0.98124181	0.98188025	0.98138630	0.98138631	0.86305111	0.96361884	0.99438371
6.61000000	0.88135391	0.98125181	0.98186760	0.98137189	0.98137191	0.86296122	0.96348665	0.99437905
6.61500000	0.88142321	0.98126081	0.98185453	0.98136074	0.98136075	0.86286997	0.96334789	0.99437160
6.62000000	0.88148587	0.98126877	0.98184095	0.98135282	0.98135283	0.86277742	0.96320272	0.99436130
6.62500000	0.88154185	0.98127566	0.98182681	0.98134813	0.98134814	0.86268365	0.96305130	0.99434811
6.63000000	0.88159115	0.98128145	0.98181201	0.98134665	0.98134666	0.86258873	0.96289381	0.99433199
6.63500000	0.88163377	0.98128614	0.98179649	0.98134938	0.98134939	0.86249269	0.96273045	0.99431293
6.64000000	0.88166975	0.98128969	0.98178017	0.98135710	0.98135711	0.86239558	0.96256142	0.99429094
6.64500000	0.88169912	0.98129210	0.98176295	0.98136957	0.98136958	0.86229744	0.96238693	0.99426603
6.65000000	0.88172194	0.98129334	0.98174478	0.98138661	0.98138662	0.86219829	0.96220722	0.99423823
6.65500000	0.88173827	0.98129340	0.98172556	0.98140802	0.98140803	0.86209815	0.96202250	0.99420760
6.66000000	0.88174820	0.98129270	0.98170524	0.98143364	0.98143365	0.86199703	0.96183303	0.99417419
6.66500000	0.88175182	0.98129122	0.98168373	0.98146331	0.98146331	0.86189493	0.96163906	0.99413809
6.67000000	0.88175021	0.98128895	0.98166100	0.98149686	0.98149687	0.86179183	0.96144082	0.99409937
6.67500000	0.88174474	0.98128584	0.98163697	0.98153415	0.98153416	0.86168774	0.96123859	0.99405815
6.68000000	0.88173536	0.98128189	0.98161161	0.98157505	0.98157506	0.86158264	0.96103263	0.99401453
6.68500000	0.88172203	0.98127706	0.98158489	0.98161942	0.98161942	0.86147649	0.96082319	0.99396863
6.69000000	0.88170473	0.98127135	0.98155678	0.98166711	0.98166712	0.86136929	0.96061056	0.99392058
6.69500000	0.88168345	0.98126473	0.98152727	0.98171801	0.98171802	0.86126099	0.96039500	0.99387053
6.70000000	0.88165822	0.98125720	0.98149636	0.98177198	0.98177199	0.86115157	0.96017678	0.99381862
6.70500000	0.88162904	0.98124873	0.98146406	0.98182890	0.98182891	0.86104099	0.95995618	0.99376501
6.71000000	0.88159598	0.98123934	0.98143041	0.98188863	0.98188864	0.86092924	0.95973347	0.99370986
6.71500000	0.88155907	0.98122900	0.98139545	0.98195105	0.98195106	0.86081627	0.95950893	0.99365333
6.72000000	0.88151838	0.98121772	0.98135924	0.98201602	0.98201603	0.86070207	0.95928285	0.99359561
6.72500000	0.88147400	0.98120550	0.98132185	0.98208341	0.98208342	0.86058660	0.95905549	0.99353687
6.73000000	0.88142599	0.98119233	0.98128337	0.98215309	0.98215310	0.86046985	0.95882713	0.99347729
6.73500000	0.88137447	0.98117823	0.98124391	0.98222490	0.98222491	0.86035181	0.95859806	0.99341706
6.74000000	0.88131953	0.98116319	0.98120359	0.98229871	0.98229872	0.86023247	0.95836855	0.99335636
6.74500000	0.88126127	0.98114723	0.98116254	0.98237437	0.98237438	0.86011184	0.95813889	0.99329538
6.75000000	0.88119983	0.98113035	0.98112093	0.98245172	0.98245173	0.85998992	0.95790934	0.99323432
6.75500000	0.88113530	0.98111257	0.98107892	0.98253061	0.98253062	0.85986675	0.95768020	0.99317335
6.76000000	0.88106784	0.98109390	0.98103669	0.98261087	0.98261089	0.85974234	0.95745173	0.99311268
6.76500000	0.88099755	0.98107436	0.98099444	0.98269235	0.98269236	0.85961676	0.95722422	0.99305248
6.77000000	0.88092457	0.98105397	0.98095237	0.98277486	0.98277488	0.85949006	0.95699795	0.99299295
6.77500000	0.88084905	0.98103275	0.98091071	0.98285823	0.98285825	0.85936231	0.95677319	0.99293426
6.78000000	0.88077110	0.98101072	0.98086969	0.98294230	0.98294232	0.85923360	0.95655023	0.99287660
6.78500000	0.88069088	0.98098792	0.98082954	0.98302686	0.98302688	0.85910403	0.95632934	0.99282014
6.79000000	0.88060851	0.98096437	0.98079051	0.98311174	0.98311176	0.85897371	0.95611080	0.99276506
6.79500000	0.88052413	0.98094011	0.98075287	0.98319675	0.98319677	0.85884280	0.95589489	0.99271153
6.80000000	0.88043787	0.98091517	0.98071686	0.98328169	0.98328172	0.85871142	0.95568189	0.99265970
6.80500000	0.88034987	0.98088960	0.98068275	0.98336638	0.98336641	0.85857976	0.95547207	0.99260973
6.81000000	0.88026026	0.98086344	0.98065082	0.98345062	0.98345065	0.85844800	0.95526570	0.99256178
6.81500000	0.88016917	0.98083673	0.98062131	0.98353421	0.98353424	0.85831632	0.95506306	0.99251598
6.82000000	0.88007672	0.98080953	0.98059451	0.98361697	0.98361700	0.85818496	0.95486442	0.99247248
6.82500000	0.87998303	0.98078190	0.98057067	0.98369869	0.98369873	0.85805414	0.95467005	0.99243139
6.83000000	0.87988822	0.98075389	0.98055005	0.98377919	0.98377923	0.85792411	0.95448021	0.99239285
6.83500000	0.87979240	0.98072557	0.98053291	0.98385828	0.98385832	0.85779513	0.95429515	0.99235696
6.84000000	0.87969569	0.98069702	0.98051949	0.98393578	0.98393582	0.85766748	0.95411515	0.99232382
6.84500000	0.87959819	0.98066830	0.98051003	0.98401149	0.98401153	0.85754145	0.95394044	0.99229353
6.85000000	0.87950001	0.98063950	0.98050476	0.98408524	0.98408529	0.85741733	0.95377128	0.99226618
6.85500000	0.87940123	0.98061069	0.98050389	0.98415687	0.98415692	0.85729545	0.95360790	0.99224183
6.86000000	0.87930195	0.98058198	0.98050986	0.98422621	0.98422626	0.85717613	0.95345053	0.99222055
6.86500000	0.87920227	0.98055345	0.98052329	0.98429310	0.98429315	0.85705969	0.95329939	0.99220240
6.87000000	0.87910226	0.98052521	0.98054418	0.98435739	0.98435744	0.85694648	0.95315470	0.99218741
6.87500000	0.87900200	0.98049736	0.98057254	0.98441894	0.98441899	0.85683684	0.95301666	0.99217563
6.88000000	0.87890157	0.98047001	0.98060836	0.98447762	0.98447767	0.85673113	0.95288546	0.99216707
6.88500000	0.87880105	0.98044327	0.98065161	0.98453330	0.98453335	0.85662968	0.95276128	0.99216174
6.89000000	0.87870050	0.98041727	0.98070227	0.98458589	0.98458594	0.85653286	0.95264427	0.99215965
6.89500000	0.87859998	0.98039213	0.98076027	0.98463526	0.98463531	0.85644102	0.95253461	0.99216147
6.90000000	0.87849956	0.98036798	0.98082554	0.98468134	0.98468140	0.85635451	0.95243240	0.99216834
6.90500000	0.87839929	0.98034494	0.98089799	0.98472406	0.98472411	0.85627368	0.95233779	0.99218003
6.91000000	0.87829924	0.98032316	0.98097753	0.98476333	0.98476338	0.85619885	0.95225086	0.99219631
6.91500000	0.87819945	0.98030278	0.98106400	0.98479911	0.98479917	0.85613037	0.95217170	0.99221695
6.92000000	0.87809997	0.98028394	0.98115727	0.98483137	0.98483142	0.85606855	0.95210038	0.99224170
6.92500000	0.87800085	0.98026677	0.98125717	0.98486006	0.98486012	0.85601371	0.95203693	0.99227035
6.93000000	0.87790215	0.98025143	0.98136350	0.98488518	0.98488523	0.85596614	0.95198138	0.99230267
6.93500000	0.87780390	0.98023806	0.98147606	0.98490672	0.98490678	0.85592612	0.95193372	0.99233841
6.94000000	0.87770616	0.98022682	0.98159462	0.98492469	0.98492475	0.85589391	0.95189395	0.99237734
6.94500000	0.87760895	0.98021784	0.98171893	0.98493912	0.98493918	0.85586977	0.95186200	0.99241923
6.95000000	0.87751234	0.98021127	0.98184872	0.98495004	0.98495009	0.85585391	0.95183781	0.99246384
6.95500000	0.87741635	0.98020727	0.98198373	0.98495749	0.98495754	0.85584653	0.95182130	0.99251093
6.96000000	0.87732104	0.98020596	0.98212364	0.98496153	0.98496159	0.85584860	0.95181233	0.99256024
6.96500000	0.87722644	0.98020842	0.98226814	0.98496224	0.98496229	0.85586470	0.95181077	0.99261154
6.97000000	0.87713260	0.98021555	0.98241691	0.98496064	0.98496070	0.85589452	0.95181986	0.99266458
6.97500000	0.87703955	0.98022739	0.98256961	0.98495701	0.98495706	0.85593774	0.95183988	0.99271911
6.98000000	0.87694735	0.98024399	0.98272588	0.98495133	0.98495138	0.85599406	0.95187010	0.99277487
6.98500000	0.87685603	0.98026538	0.98288536	0.98494360	0.98494366	0.85606313	0.95190980	0.99283162
6.99000000	0.87676564	0.98029162	0.98304768	0.98493386	0.98493391	0.85614462	0.95195825	0.99288909
6.99500000	0.87667622	0.98032272	0.98321246	0.98492212	0.98492217	0.85623818	0.95201476	0.99294703
7.00000000	0.87658781	0.98035872	0.98337930	0.98490842	0.98490847	0.85634344	0.95207861	0.99300519
7.00500000	0.87650046	0.98039965	0.98354783	0.98489282	0.98489287	0.85646000	0.95214912	0.99306332
7.01000000	0.87641422	0.98044551	0.98371764	0.98487537	0.98487542	0.85658747	0.95222557	0.99312116
7.01500000	0.87632911	0.98049632	0.98388834	0.98485615	0.98485620	0.85672541	0.95230726	0.99317847
7.02000000	0.87624520	0.98055205	0.98405952	0.98483523	0.98483528	0.85687335	0.95239351	0.99323499
7.02500000	0.87616252	0.98061271	0.98423079	0.98481269	0.98481275	0.85703083	0.95248361	0.99329048
7.03000000	0.87608111	0.98067825	0.98440175	0.98478864	0.98478869	0.85719733	0.95257686	0.99334471
7.03500000	0.87600101	0.98074864	0.98457201	0.98476317	0.98476322	0.85737232	0.95267257	0.99339743
7.04000000	0.87592227	0.98082383	0.98474117	0.98473639	0.98473644	0.85755524	0.95277004	0.99344842
7.04500000	0.87584491	0.98090373	0.98490884	0.98470841	0.98470846	0.85774552	0.95286858	0.99349746
7.05000000	0.87576899	0.98098827	0.98507466	0.98467934	0.98467939	0.85794254	0.95296750	0.99354432
7.05500000	0.87569452	0.98107736	0.98523824	0.98464931	0.98464936	0.85814568	0.95306611	0.99358880
7.06000000	0.87562154	0.98117087	0.98539922	0.98461844	0.98461849	0.85835428	0.95316374	0.99363070
7.06500000	0.87555008	0.98126869	0.98555725	0.98458686	0.98458691	0.85856767	0.95325972	0.99366983
7.07000000	0.87548016	0.98137067	0.98571197	0.98455469	0.98455474	0.85878517	0.95335338	0.99370601
7.07500000	0.87541180	0.98147664	0.98586307	0.98452208	0.98452213	0.85900605	0.95344408	0.99373908
7.08000000	0.87534501	0.98158645	0.98601020	0.98448915	0.98448919	0.85922959	0.95353119	0.99376887
7.08500000	0.87527981	0.98169991	0.98615306	0.98445603	0.98445608	0.85945505	0.95361409	0.99379523
7.09000000	0.87521620	0.98181681	0.98629135	0.98442287	0.98442291	0.85968168	0.95369218	0.99381805
7.09500000	0.87515418	0.98193695	0.98642479	0.98438979	0.98438983	0.85990871	0.95376488	0.99383719
7.10000000	0.87509375	0.98206009	0.98655310	0.98435693	0.98435697	0.86013538	0.95383163	0.99385255
7.10500000	0.87503489	0.98218600	0.98667602	0.98432442	0.98432446	0.86036091	0.95389191	0.99386405
7.11000000	0.87497759	0.98231443	0.98679331	0.98429239	0.98429244	0.86058452	0.95394520	0.99387161
7.11500000	0.87492182	0.98244512	0.98690473	0.98426097	0.98426102	0.86080543	0.95399103	0.99387518
7.12000000	0.87486756	0.98257779	0.98701008	0.98423029	0.98423034	0.86102287	0.95402896	0.99387488
7.12500000	0.87481476	0.98271216	0.98710914	0.98420047	0.98420051	0.86123607	0.95405856	0.99387203
7.13000000	0.87476338	0.98284794	0.98720173	0.98417163	0.98417167	0.86144426	0.95407946	0.99386653
7.13500000	0.87471337	0.98298484	0.98728768	0.98414389	0.98414393	0.86164671	0.95409131	0.99385830
7.14000000	0.87466467	0.98312254	0.98736682	0.98411735	0.98411740	0.86184267	0.95409381	0.99384727
7.14500000	0.87461722	0.98326074	0.98743902	0.98409214	0.98409219	0.86203142	0.95408936	0.99383339
7.15000000	0.87457095	0.98339911	0.98750413	0.98406835	0.98406840	0.86221226	0.95407859	0.99381663
7.15500000	0.87452578	0.98353734	0.98756205	0.98404609	0.98404614	0.86238451	0.95406115	0.99379697
7.16000000	0.87448162	0.98367511	0.98761267	0.98402545	0.98402550	0.86254751	0.95403676	0.99377442
7.16500000	0.87443838	0.98381208	0.98765591	0.98400653	0.98400658	0.86270063	0.95400513	0.99374898
7.17000000	0.87439598	0.98394794	0.98769167	0.98398940	0.98398945	0.86284328	0.95396606	0.99372071
7.17500000	0.87435431	0.98408234	0.98771991	0.98397415	0.98397420	0.86297488	0.95391934	0.99368965
7.18000000	0.87431325	0.98421498	0.98774056	0.98396085	0.98396090	0.86309489	0.95386483	0.99365586
7.18500000	0.87427271	0.98434552	0.98775360	0.98394958	0.98394963	0.86320280	0.95380241	0.99361943
7.19000000	0.87423257	0.98447364	0.98775898	0.98394039	0.98394044	0.86329817	0.95373201	0.99358047
7.19500000	0.87419270	0.98459903	0.98775756	0.98393335	0.98393340	0.86338054	0.95365360	0.99353907
7.20000000	0.87415300	0.98472138	0.98775129	0.98392850	0.98392855	0.86344955	0.95356718	0.99349538
7.20500000	0.87411332	0.98484037	0.98774000	0.98392590	0.98392595	0.86350483	0.95347280	0.99344953
7.21000000	0.87407356	0.98495573	0.98772354	0.98392558	0.98392563	0.86354609	0.95337053	0.99340168
7.21500000	0.87403358	0.98506715	0.98770178	0.98392878	0.98392883	0.86357306	0.95326049	0.99335199
7.22000000	0.87399326	0.98517436	0.98767458	0.98393561	0.98393566	0.86358554	0.95314284	0.99330065
7.22500000	0.87395247	0.98527708	0.98764184	0.98394597	0.98394603	0.86358416	0.95301777	0.99324784
7.23000000	0.87391109	0.98537507	0.98760348	0.98395979	0.98395985	0.86357348	0.95288551	0.99319376
7.23500000	0.87386898	0.98546806	0.98755942	0.98397696	0.98397702	0.86355311	0.95274630	0.99313862
7.24000000	0.87382604	0.98555584	0.98750960	0.98399739	0.98399745	0.86352271	0.95260044	0.99308263
7.24500000	0.87378215	0.98563818	0.98745397	0.98402100	0.98402106	0.86348196	0.95244824	0.99302601
7.25000000	0.87373718	0.98571487	0.98739250	0.98404768	0.98404774	0.86343064	0.95229006	0.99296899
7.25500000	0.87369104	0.98578572	0.98732517	0.98407734	0.98407740	0.86336853	0.95212625	0.99291180
7.26000000	0.87364361	0.98585056	0.98725197	0.98410989	0.98410995	0.86329548	0.95195721	0.99285467
7.26500000	0.87359481	0.98590923	0.98717290	0.98414522	0.98414528	0.86321140	0.95178337	0.99279784
7.27000000	0.87354454	0.98596158	0.98708799	0.98418323	0.98418329	0.86311621	0.95160515	0.99274153
7.27500000	0.87349271	0.98600750	0.98699726	0.98422381	0.98422388	0.86300991	0.95142300	0.99268599
7.28000000	0.87343926	0.98604686	0.98690074	0.98426685	0.98426692	0.86289253	0.95123739	0.99263143
7.28500000	0.87338411	0.98607959	0.98679849	0.98431224	0.98431231	0.86276415	0.95104879	0.99257809
7.29000000	0.87332722	0.98610560	0.98669056	0.98435986	0.98435993	0.86262487	0.95085769	0.99252620
7.29500000	0.87326853	0.98612485	0.98657703	0.98440958	0.98440966	0.86247487	0.95066457	0.99247595
7.30000000	0.87320800	0.98613729	0.98645797	0.98446128	0.98446136	0.86231435	0.95046994	0.99242758
7.30500000	0.87314563	0.98614292	0.98633348	0.98451483	0.98451490	0.86214354	0.95027429	0.99238126
7.31000000	0.87308138	0.98614218	0.98620365	0.98457008	0.98457015	0.86196273	0.95007810	0.99233719
7.31500000	0.87301526	0.98613716	0.98606858	0.98462689	0.98462697	0.86177224	0.94988186	0.99229555
7.32000000	0.87294729	0.98612773	0.98592841	0.98468513	0.98468521	0.86157241	0.94968607	0.99225651
7.32500000	0.87287748	0.98611378	0.98578325	0.98474464	0.98474471	0.86136364	0.94949118	0.99222022
7.33000000	0.87280587	0.98609522	0.98563324	0.98480526	0.98480534	0.86114633	0.94929765	0.99218682
7.33500000	0.87273252	0.98607198	0.98547853	0.98486684	0.98486692	0.86092095	0.94910594	0.99215644
7.34000000	0.87265749	0.98604401	0.98531925	0.98492921	0.98492929	0.86068796	0.94891647	0.99212917
7.34500000	0.87258085	0.98601128	0.98515558	0.98499222	0.98499229	0.86044788	0.94872966	0.99210512
7.35000000	0.87250270	0.98597379	0.98498769	0.98505568	0.98505575	0.86020123	0.94854588	0.99208437
7.35500000	0.87242315	0.98593154	0.98481573	0.98511942	0.98511950	0.85994857	0.94836552	0.99206696
7.36000000	0.87234231	0.98588457	0.98463991	0.98518328	0.98518336	0.85969047	0.94818891	0.99205295
7.36500000	0.87226032	0.98583293	0.98446041	0.98524708	0.98524715	0.85942753	0.94801638	0.99204235
7.37000000	0.87217732	0.98577668	0.98427743	0.98531063	0.98531070	0.85916035	0.94784822	0.99203517
7.37500000	0.87209349	0.98571589	0.98409117	0.98537376	0.98537383	0.85888958	0.94768471	0.99203140
7.38000000	0.87200899	0.98565067	0.98390185	0.98543628	0.98543635	0.85861584	0.94752607	0.99203099
7.38500000	0.87192400	0.98558113	0.98370968	0.98549801	0.98549809	0.85833979	0.94737253	0.99203566
7.39000000	0.87183874	0.98550740	0.98351489	0.98555878	0.98555885	0.85806210	0.94722427	0.99204536
7.39500000	0.87175342	0.98542961	0.98331770	0.98561841	0.98561848	0.85778343	0.94708144	0.99205977
7.40000000	0.87166826	0.98534793	0.98311836	0.98567671	0.98567678	0.85750446	0.94694416	0.99207857
7.40500000	0.87158350	0.98526250	0.98291711	0.98573352	0.98573359	0.85722586	0.94681255	0.99210143
7.41000000	0.87149939	0.98517351	0.98271419	0.98578866	0.98578873	0.85694832	0.94668666	0.99212803
7.41500000	0.87141618	0.98508114	0.98250985	0.98584196	0.98584203	0.85667251	0.94656655	0.99215802
7.42000000	0.87133415	0.98498558	0.98230435	0.98589327	0.98589333	0.85639912	0.94645222	0.99219106
7.42500000	0.87125357	0.98488705	0.98209795	0.98594242	0.98594248	0.85612881	0.94634366	0.99222681
7.43000000	0.87117474	0.98478573	0.98189091	0.98598926	0.98598932	0.85586225	0.94624085	0.99226490
7.43500000	0.87109795	0.98468186	0.98168350	0.98603365	0.98603371	0.85560010	0.94614371	0.99230500
7.44000000	0.87102349	0.98457564	0.98147599	0.98607545	0.98607551	0.85534300	0.94605218	0.99234674
7.44500000	0.87095168	0.98446731	0.98126864	0.98611454	0.98611459	0.85509159	0.94596614	0.99238977
7.45000000	0.87088284	0.98435708	0.98106172	0.98615078	0.98615084	0.85484650	0.94588548	0.99243373
7.45500000	0.87081727	0.98424520	0.98085552	0.98618408	0.98618414	0.85460833	0.94581006	0.99247826
7.46000000	0.87075530	0.98413188	0.98065029	0.98621433	0.98621439	0.85437767	0.94573973	0.99252300
7.46500000	0.87069726	0.98401736	0.98044632	0.98624144	0.98624150	0.85415509	0.94567430	0.99256762
7.47000000	0.87064346	0.98390186	0.98024387	0.98626534	0.98626539	0.85394115	0.94561361	0.99261176
7.47500000	0.87059425	0.98378562	0.98004322	0.98628595	0.98628599	0.85373638	0.94555746	0.99265508
7.48000000	0.87054993	0.98366886	0.97984461	0.98630321	0.98630326	0.85354128	0.94550565	0.99269726
7.48500000	0.87051085	0.98355179	0.97964833	0.98631709	0.98631713	0.85335634	0.94545797	0.99273798
7.49000000	0.87047731	0.98343465	0.97945463	0.98632755	0.98632759	0.85318202	0.94541421	0.99277692
7.49500000	0.87044964	0.98331763	0.97926375	0.98633456	0.98633460	0.85301876	0.94537415	0.99281378
7.50000000	0.87042814	0.98320095	0.97907596	0.98633813	0.98633817	0.85286695	0.94533759	0.99284828
7.50500000	0.87041314	0.98308479	0.97889148	0.98633826	0.98633830	0.85272698	0.94530429	0.99288015
7.51000000	0.87040492	0.98296937	0.97871055	0.98633620	0.98633623	0.85259918	0.94527404	0.99290912
7.51500000	0.87040379	0.98285485	0.97853341	0.98633193	0.98633196	0.85248388	0.94524663	0.99293495
7.52000000	0.87041376	0.98274141	0.97836026	0.98632541	0.98632544	0.85238137	0.94522186	0.99295742
7.52500000	0.87043558	0.98262922	0.97819132	0.98631660	0.98631663	0.85229188	0.94519951	0.99297632
7.53000000	0.87046925	0.98251843	0.97802678	0.98630547	0.98630550	0.85221565	0.94517940	0.99299145
7.53500000	0.87051478	0.98240920	0.97786684	0.98629201	0.98629204	0.85215285	0.94516134	0.99300264
7.54000000	0.87057218	0.98230164	0.97771166	0.98627622	0.98627625	0.85210363	0.94514514	0.99300974
7.54500000	0.87064146	0.98219589	0.97756142	0.98625810	0.98625813	0.85206812	0.94513064	0.99301261
7.55000000	0.87072262	0.98209207	0.97741627	0.98623768	0.98623770	0.85204639	0.94511767	0.99301168
7.55500000	0.87081568	0.98199026	0.97727634	0.98621498	0.98621500	0.85203848	0.94510608	0.99300794
7.56000000	0.87092063	0.98189057	0.97714176	0.98619004	0.98619006	0.85204796	0.94509574	0.99300122
7.56500000	0.87103746	0.98179306	0.97701266	0.98616290	0.98616292	0.85207916	0.94508651	0.99299140
7.57000000	0.87116613	0.98169781	0.97688911	0.98613363	0.98613365	0.85213119	0.94507826	0.99297834
7.57500000	0.87130662	0.98160486	0.97677122	0.98610228	0.98610230	0.85220317	0.94507090	0.99296196
7.58000000	0.87145886	0.98151428	0.97665904	0.98606891	0.98606893	0.85229425	0.94506431	0.99294214
7.58500000	0.87162279	0.98142607	0.97655264	0.98603362	0.98603363	0.85240359	0.94505840	0.99291882
7.59000000	0.87179832	0.98134028	0.97645205	0.98599646	0.98599648	0.85253034	0.94505308	0.99289194
7.59500000	0.87198533	0.98125690	0.97635730	0.98595754	0.98595755	0.85267368	0.94504829	0.99286145
7.60000000	0.87218371	0.98117593	0.97626839	0.98591693	0.98591694	0.85283278	0.94504394	0.99282732
7.60500000	0.87239330	0.98109738	0.97618533	0.98587473	0.98587474	0.85300680	0.94503997	0.99278953
7.61000000	0.87261393	0.98102120	0.97610808	0.98583104	0.98583105	0.85319491	0.94503632	0.99274807
7.61500000	0.87284540	0.98094739	0.97603661	0.98578594	0.98578595	0.85339625	0.94503293	0.99270295
7.62000000	0.87308751	0.98087589	0.97597087	0.98573955	0.98573956	0.85360999	0.94502974	0.99265418
7.62500000	0.87334002	0.98080667	0.97591079	0.98569195	0.98569196	0.85383525	0.94502670	0.99260180
7.63000000	0.87360265	0.98073967	0.97585630	0.98564326	0.98564327	0.85407117	0.94502375	0.99254584
7.63500000	0.87387514	0.98067482	0.97580729	0.98559356	0.98559357	0.85431686	0.94502083	0.99248636
7.64000000	0.87415717	0.98061207	0.97576364	0.98554296	0.98554297	0.85457143	0.94501788	0.99242340
7.64500000	0.87444841	0.98055135	0.97572525	0.98549156	0.98549157	0.85483398	0.94501485	0.99235705
7.65000000	0.87474851	0.98049257	0.97569197	0.98543946	0.98543947	0.85510360	0.94501167	0.99228736
7.65500000	0.87505710	0.98043566	0.97566365	0.98538674	0.98538675	0.85537937	0.94500825	0.99221443
7.66000000	0.87537379	0.98038053	0.97564012	0.98533351	0.98533352	0.85566036	0.94500453	0.99213834
7.66500000	0.87569815	0.98032711	0.97562120	0.98527986	0.98527986	0.85594563	0.94500041	0.99205917
7.67000000	0.87602976	0.98027529	0.97560672	0.98522586	0.98522587	0.85623426	0.94499580	0.99197704
7.67500000	0.87636816	0.98022500	0.97559647	0.98517161	0.98517161	0.85652529	0.94499060	0.99189203
7.68000000	0.87671288	0.98017615	0.97559024	0.98511718	0.98511719	0.85681779	0.94498469	0.99180426
7.68500000	0.87706343	0.98012864	0.97558781	0.98506266	0.98506267	0.85711082	0.94497794	0.99171383
7.69000000	0.87741931	0.98008240	0.97558964	0.98500811	0.98500812	0.85740344	0.94497022	0.99162085
7.69500000	0.87778000	0.98003733	0.97559673	0.98495361	0.98495362	0.85769471	0.94496140	0.99152543
7.70000000	0.87814497	0.97999337	0.97560851	0.98489922	0.98489923	0.85798372	0.94495130	0.99142769
7.70500000	0.87851368	0.97995042	0.97562440	0.98484499	0.98484500	0.85826956	0.94493976	0.99132774
7.71000000	0.87888559	0.97990842	0.97564387	0.98479099	0.98479099	0.85855131	0.94492661	0.99122569
7.71500000	0.87926012	0.97986730	0.97566639	0.98473725	0.98473726	0.85882811	0.94491166	0.99112166
7.72000000	0.87963672	0.97982699	0.97569146	0.98468384	0.98468385	0.85909909	0.94489471	0.99101576
7.72500000	0.88001481	0.97978744	0.97571860	0.98463078	0.98463079	0.85936340	0.94487555	0.99090809
7.73000000	0.88039383	0.97974860	0.97574733	0.98457811	0.98457812	0.85962023	0.94485397	0.99079878
7.73500000	0.88077319	0.97971042	0.97577720	0.98452587	0.98452588	0.85986879	0.94482974	0.99068793
7.74000000	0.88115233	0.97967286	0.97580777	0.98447407	0.98447408	0.86010830	0.94480263	0.99057564
7.74500000	0.88153067	0.97963591	0.97583863	0.98442273	0.98442275	0.86033805	0.94477241	0.99046203
7.75000000	0.88190765	0.97959953	0.97586937	0.98437188	0.98437190	0.86055733	0.94473883	0.99034718
7.75500000	0.88228272	0.97956372	0.97589960	0.98432153	0.98432154	0.86076548	0.94470165	0.99023121
7.76000000	0.88265532	0.97952846	0.97592896	0.98427167	0.98427169	0.86096189	0.94466063	0.99011421
7.76500000	0.88302491	0.97949378	0.97595708	0.98422231	0.98422233	0.86114598	0.94461550	0.98999628
7.77000000	0.88339099	0.97945968	0.97598363	0.98417346	0.98417347	0.86131721	0.94456604	0.98987750
7.77500000	0.88375303	0.97942619	0.97600829	0.98412509	0.98412511	0.86147509	0.94451199	0.98975798
7.78000000	0.88411055	0.97939335	0.97603076	0.98407721	0.98407723	0.86161919	0.94445312	0.98963778
7.78500000	0.88446308	0.97936119	0.97605076	0.98402981	0.98402983	0.86174910	0.94438919	0.98951701
7.79000000	0.88481018	0.97932977	0.97606803	0.98398286	0.98398288	0.86186449	0.94431999	0.98939574
7.79500000	0.88515143	0.97929915	0.97608231	0.98393635	0.98393637	0.86196506	0.94424529	0.98927405
7.80000000	0.88548644	0.97926941	0.97609340	0.98389026	0.98389028	0.86205059	0.94416490	0.98915203
7.80500000	0.88581485	0.97924063	0.97610109	0.98384457	0.98384459	0.86212088	0.94407863	0.98902975
7.81000000	0.88613631	0.97921289	0.97610519	0.98379926	0.98379928	0.86217581	0.94398631	0.98890728
7.81500000	0.88645055	0.97918630	0.97610556	0.98375430	0.98375433	0.86221531	0.94388779	0.98878470
7.82000000	0.88675729	0.97916097	0.97610337	0.98370968	0.98370970	0.86223937	0.94378294	0.98866208
7.82500000	0.88705632	0.97913700	0.97609861	0.98366536	0.98366539	0.86224801	0.94367164	0.98853949
7.83000000	0.88734745	0.97911453	0.97609113	0.98362133	0.98362136	0.86224384	0.94355381	0.98841701
7.83500000	0.88763054	0.97909369	0.97608081	0.98357757	0.98357760	0.86223004	0.94342939	0.98829470
7.84000000	0.88790550	0.97907461	0.97606753	0.98353406	0.98353409	0.86220640	0.94329836	0.98817264
7.84500000	0.88817226	0.97905744	0.97605122	0.98349078	0.98349081	0.86217276	0.94316070	0.98805089
7.85000000	0.88843083	0.97904232	0.97603179	0.98344771	0.98344775	0.86212901	0.94301644	0.98792953
7.85500000	0.88868124	0.97902942	0.97600919	0.98340485	0.98340489	0.86207514	0.94286566	0.98780862
7.86000000	0.88892359	0.97901889	0.97598340	0.98336219	0.98336223	0.86201116	0.94270844	0.98768823
7.86500000	0.88915800	0.97901089	0.97595440	0.98331973	0.98331976	0.86193714	0.94254491	0.98756845
7.87000000	0.88938468	0.97900559	0.97592219	0.98327746	0.98327749	0.86185323	0.94237525	0.98744933
7.87500000	0.88960385	0.97900316	0.97588680	0.98323539	0.98323543	0.86175961	0.94219965	0.98733095
7.88000000	0.88981581	0.97900414	0.97584826	0.98319353	0.98319357	0.86165651	0.94201836	0.98721339
7.88500000	0.89002089	0.97901021	0.97580664	0.98315190	0.98315194	0.86154423	0.94183166	0.98709672
7.89000000	0.89021949	0.97902147	0.97576201	0.98311052	0.98311056	0.86142311	0.94163987	0.98698101
7.89500000	0.89041204	0.97903799	0.97571446	0.98306942	0.98306946	0.86129353	0.94144335	0.98686636
7.90000000	0.89059905	0.97905987	0.97566411	0.98302863	0.98302867	0.86115593	0.94124250	0.98675282
7.90500000	0.89078103	0.97908721	0.97561107	0.98298818	0.98298822	0.86101076	0.94103776	0.98664049
7.91000000	0.89095859	0.97912010	0.97555549	0.98294814	0.98294818	0.86085855	0.94082960	0.98652945
7.91500000	0.89113236	0.97915863	0.97549752	0.98290855	0.98290859	0.86069985	0.94061854	0.98641977
7.92000000	0.89130301	0.97920291	0.97543732	0.98286946	0.98286950	0.86053524	0.94040514	0.98631155
7.92500000	0.89147127	0.97925300	0.97537507	0.98283096	0.98283100	0.86036535	0.94018999	0.98620488
7.93000000	0.89163790	0.97930900	0.97531096	0.98279310	0.98279314	0.86019082	0.93997370	0.98609983
7.93500000	0.89180370	0.97937095	0.97524518	0.98275597	0.98275602	0.86001234	0.93975694	0.98599650
7.94000000	0.89196953	0.97943893	0.97517795	0.98271966	0.98271970	0.85983061	0.93954040	0.98589498
7.94500000	0.89213624	0.97951298	0.97510949	0.98268426	0.98268430	0.85964636	0.93932480	0.98579535
7.95000000	0.89230477	0.97959312	0.97504000	0.98264986	0.98264990	0.85946035	0.93911090	0.98569772
7.95500000	0.89247603	0.97967937	0.97496973	0.98261657	0.98261661	0.85927333	0.93889947	0.98560218
7.96000000	0.89265101	0.97977174	0.97489891	0.98258450	0.98258454	0.85908611	0.93869130	0.98550882
7.96500000	0.89283069	0.97987020	0.97482778	0.98255376	0.98255380	0.85889947	0.93848723	0.98541773
7.97000000	0.89301608	0.97997472	0.97475657	0.98252447	0.98252452	0.85871423	0.93828810	0.98532900
7.97500000	0.89320822	0.98008524	0.97468554	0.98249676	0.98249680	0.85853121	0.93809475	0.98524274
7.98000000	0.89340815	0.98020168	0.97461493	0.98247075	0.98247079	0.85835123	0.93790805	0.98515903
7.98500000	0.89361693	0.98032395	0.97454499	0.98244657	0.98244661	0.85817512	0.93772889	0.98507798
7.99000000	0.89383562	0.98045193	0.97447596	0.98242435	0.98242439	0.85800371	0.93755815	0.98499966
7.99500000	0.89406530	0.98058548	0.97440811	0.98240423	0.98240427	0.85783784	0.93739671	0.98492417
8.00000000	0.89430703	0.98072442	0.97434166	0.98238635	0.98238639	0.85767833	0.93724545	0.98485160
8.00500000	0.89456188	0.98086857	0.97427688	0.98237083	0.98237087	0.85752599	0.93710525	0.98478204
8.01000000	0.89483091	0.98101773	0.97421400	0.98235782	0.98235786	0.85738166	0.93697699	0.98471557
8.01500000	0.89511517	0.98117165	0.97415327	0.98234745	0.98234749	0.85724612	0.93686152	0.98465227
8.02000000	0.89541570	0.98133007	0.97409493	0.98233985	0.98233989	0.85712017	0.93675968	0.98459222
8.02500000	0.89573352	0.98149272	0.97403922	0.98233516	0.98233520	0.85700460	0.93667228	0.98453549
8.03000000	0.89606963	0.98165929	0.97398636	0.98233350	0.98233354	0.85690017	0.93660013	0.98448215
8.03500000	0.89642499	0.98182946	0.97393660	0.98233591	0.98233595	0.85680762	0.93654399	0.98443227
8.04000000	0.89680056	0.98200287	0.97389016	0.98234347	0.98234350	0.85672769	0.93650459	0.98438590
8.04500000	0.89719724	0.98217916	0.97384726	0.98235617	0.98235621	0.85666108	0.93648262	0.98434310
8.05000000	0.89761590	0.98235793	0.97380813	0.98237402	0.98237405	0.85660847	0.93647875	0.98430392
8.05500000	0.89805739	0.98253879	0.97377299	0.98239701	0.98239704	0.85657054	0.93650250	0.98426838
8.06000000	0.89852248	0.98272129	0.97374205	0.98242513	0.98242516	0.85654793	0.93655619	0.98423654
8.06500000	0.89901193	0.98290500	0.97371551	0.98245837	0.98245840	0.85654123	0.93663958	0.98420840
8.07000000	0.89952642	0.98308947	0.97369359	0.98249671	0.98249675	0.85655694	0.93675242	0.98418400
8.07500000	0.90006659	0.98327421	0.97367650	0.98254014	0.98254017	0.85659936	0.93689443	0.98416333
8.08000000	0.90063302	0.98345874	0.97366442	0.98258861	0.98258864	0.85666838	0.93706531	0.98414641
8.08500000	0.90122623	0.98364258	0.97365755	0.98264208	0.98264212	0.85676390	0.93726471	0.98413321
8.09000000	0.90184666	0.98382520	0.97365609	0.98270051	0.98270054	0.85688583	0.93749225	0.98412374
8.09500000	0.90249470	0.98400612	0.97366271	0.98276381	0.98276384	0.85703407	0.93774749	0.98411795
8.10000000	0.90317068	0.98418480	0.97367830	0.98283192	0.98283195	0.85720854	0.93802996	0.98411581
8.10500000	0.90387482	0.98436074	0.97370285	0.98290474	0.98290477	0.85740915	0.93833911	0.98411817
8.11000000	0.90460731	0.98453342	0.97373632	0.98298217	0.98298219	0.85763581	0.93867433	0.98412613
8.11500000	0.90536822	0.98470231	0.97377870	0.98306407	0.98306410	0.85788840	0.93903495	0.98413939
8.12000000	0.90615756	0.98486692	0.97382998	0.98315032	0.98315035	0.85816681	0.93942024	0.98415765
8.12500000	0.90697527	0.98502673	0.97389015	0.98324077	0.98324079	0.85847090	0.93982939	0.98418062
8.13000000	0.90782118	0.98518125	0.97395922	0.98333524	0.98333526	0.85880051	0.94026154	0.98420802
8.13500000	0.90869506	0.98533000	0.97403718	0.98343355	0.98343357	0.85915546	0.94071573	0.98423957
8.14000000	0.90959658	0.98547249	0.97412405	0.98353551	0.98353553	0.85953557	0.94119098	0.98427501
8.14500000	0.91052533	0.98560828	0.97421982	0.98364090	0.98364092	0.85994061	0.94168619	0.98431408
8.15000000	0.91148080	0.98573693	0.97432448	0.98374950	0.98374952	0.86037033	0.94220024	0.98435650
8.15500000	0.91246242	0.98585801	0.97443801	0.98386106	0.98386108	0.86082448	0.94273192	0.98440202
8.16000000	0.91346950	0.98597113	0.97456040	0.98397533	0.98397535	0.86130274	0.94327998	0.98445038
8.16500000	0.91450129	0.98607592	0.97469162	0.98409204	0.98409206	0.86180480	0.94384310	0.98450133
8.17000000	0.91555695	0.98617202	0.97483160	0.98421092	0.98421094	0.86233031	0.94441991	0.98455463
8.17500000	0.91663554	0.98625912	0.97498031	0.98433167	0.98433169	0.86287889	0.94500900	0.98461003
8.18000000	0.91773605	0.98633693	0.97513765	0.98445399	0.98445401	0.86345014	0.94560892	0.98466728
8.18500000	0.91885740	0.98640517	0.97530353	0.98457758	0.98457760	0.86404361	0.94621815	0.98472616
8.19000000	0.91999842	0.98646363	0.97547785	0.98470212	0.98470214	0.86465885	0.94683519	0.98478643
8.19500000	0.92115787	0.98651211	0.97566046	0.98482728	0.98482730	0.86529537	0.94745848	0.98484787
8.20000000	0.92233443	0.98655043	0.97585122	0.98495274	0.98495276	0.86595263	0.94808643	0.98491026
8.20500000	0.92352671	0.98657848	0.97604994	0.98507816	0.98507818	0.86663011	0.94871747	0.98497339
8.21000000	0.92473329	0.98659615	0.97625643	0.98520321	0.98520323	0.86732720	0.94935001	0.98503704
8.21500000	0.92595264	0.98660339	0.97647045	0.98532756	0.98532758	0.86804331	0.94998243	0.98510104
8.22000000	0.92718320	0.98660138	0.97669176	0.98545088	0.98545089	0.86877780	0.95061316	0.98516519
8.22500000	0.92842337	0.98659276	0.97692007	0.98557282	0.98557284	0.86953000	0.95124062	0.98522931
8.23000000	0.92967149	0.98657733	0.97715509	0.98569307	0.98569308	0.87029923	0.95186326	0.98529323
8.23500000	0.93092586	0.98655491	0.97739648	0.98581130	0.98581131	0.87108475	0.95247953	0.98535679
8.24000000	0.93218475	0.98652536	0.97764389	0.98592720	0.98592721	0.87188582	0.95308794	0.98541985
8.24500000	0.93344640	0.98648858	0.97789692	0.98604046	0.98604047	0.87270167	0.95368703	0.98548228
8.25000000	0.93470903	0.98644452	0.97815518	0.98615079	0.98615080	0.87353149	0.95427539	0.98554393
8.25500000	0.93597084	0.98639313	0.97841823	0.98625791	0.98625792	0.87437444	0.95485166	0.98560472
8.26000000	0.93723001	0.98633443	0.97868559	0.98636154	0.98636156	0.87522969	0.95541453	0.98566452
8.26500000	0.93848475	0.98626845	0.97895680	0.98646145	0.98646146	0.87609633	0.95596276	0.98572326
8.27000000	0.93973324	0.98619526	0.97923134	0.98655738	0.98655739	0.87697348	0.95649517	0.98578085
8.27500000	0.94097369	0.98611496	0.97950869	0.98664912	0.98664913	0.87786019	0.95701067	0.98583723
8.28000000	0.94220431	0.98602768	0.97978828	0.98673647	0.98673648	0.87875551	0.95750822	0.98589236
8.28500000	0.94342334	0.98593357	0.98006956	0.98681926	0.98681927	0.87965848	0.95798689	0.98594618
8.29000000	0.94462907	0.98583280	0.98035194	0.98689731	0.98689732	0.88056809	0.95844581	0.98599867
8.29500000	0.94581979	0.98572560	0.98063482	0.98697051	0.98697052	0.88148332	0.95888421	0.98604981
8.30000000	0.94699387	0.98561217	0.98091758	0.98703873	0.98703874	0.88240315	0.95930140	0.98609960
8.30500000	0.94814969	0.98549278	0.98119961	0.98710189	0.98710190	0.88332651	0.95969680	0.98614804
8.31000000	0.94928572	0.98536769	0.98148026	0.98715991	0.98715992	0.88425234	0.96006989	0.98619513
8.31500000	0.95040048	0.98523718	0.98175890	0.98721277	0.98721278	0.88517955	0.96042027	0.98624091
8.32000000	0.95149253	0.98510156	0.98203488	0.98726044	0.98726045	0.88610705	0.96074763	0.98628540
8.32500000	0.95256055	0.98496114	0.98230757	0.98730293	0.98730294	0.88703372	0.96105174	0.98632864
8.33000000	0.95360326	0.98481624	0.98257632	0.98734027	0.98734028	0.88795845	0.96133247	0.98637068
8.33500000	0.95461946	0.98466721	0.98284050	0.98737252	0.98737253	0.88888012	0.96158978	0.98641156
8.34000000	0.95560806	0.98451439	0.98309946	0.98739976	0.98739976	0.88979758	0.96182373	0.98645135
8.34500000	0.95656804	0.98435813	0.98335259	0.98742208	0.98742209	0.89070972	0.96203444	0.98649010
8.35000000	0.95749847	0.98419880	0.98359927	0.98743962	0.98743962	0.89161539	0.96222214	0.98652787
8.35500000	0.95839853	0.98403675	0.98383892	0.98745251	0.98745251	0.89251345	0.96238714	0.98656474
8.36000000	0.95926749	0.98387236	0.98407094	0.98746092	0.98746093	0.89340279	0.96252981	0.98660076
8.36500000	0.96010470	0.98370600	0.98429478	0.98746504	0.98746504	0.89428228	0.96265062	0.98663600
8.37000000	0.96090964	0.98353802	0.98450991	0.98746506	0.98746506	0.89515081	0.96275009	0.98667054
8.37500000	0.96168188	0.98336880	0.98471580	0.98746264	0.98746265	0.89600728	0.96282881	0.98670443
8.38000000	0.96242108	0.98319869	0.98491196	0.98745786	0.98745787	0.89685061	0.96288745	0.98673774
8.38500000	0.96312702	0.98302806	0.98509793	0.98745078	0.98745079	0.89767973	0.96292671	0.98677053
8.39000000	0.96379956	0.98285726	0.98527328	0.98744149	0.98744150	0.89849360	0.96294737	0.98680285
8.39500000	0.96443867	0.98268663	0.98543760	0.98743010	0.98743010	0.89929121	0.96295024	0.98683475
8.40000000	0.96504442	0.98251652	0.98559052	0.98741672	0.98741673	0.90007157	0.96294146	0.98686628
8.40500000	0.96561697	0.98234725	0.98573171	0.98740150	0.98740151	0.90083371	0.96292233	0.98689747
8.41000000	0.96615658	0.98217916	0.98586086	0.98738458	0.98738459	0.90157672	0.96289308	0.98692836
8.41500000	0.96666358	0.98201254	0.98597771	0.98736612	0.98736613	0.90229971	0.96285399	0.98695897
8.42000000	0.96713840	0.98184771	0.98608202	0.98734627	0.98734628	0.90300184	0.96280543	0.98698931
8.42500000	0.96758154	0.98168494	0.98617360	0.98732522	0.98732523	0.90368229	0.96274777	0.98701940
8.43000000	0.96799361	0.98152453	0.98625230	0.98730314	0.98730315	0.90434033	0.96268148	0.98704924
8.43500000	0.96837524	0.98136674	0.98631799	0.98728021	0.98728021	0.90497523	0.96260702	0.98707881
8.44000000	0.96872716	0.98121182	0.98637059	0.98725661	0.98725661	0.90558636	0.96252493	0.98710809
8.44500000	0.96905017	0.98106000	0.98641006	0.98723252	0.98723253	0.90617309	0.96243576	0.98713707
8.45000000	0.96934508	0.98091153	0.98643639	0.98720814	0.98720815	0.90673490	0.96234009	0.98716570
8.45500000	0.96961281	0.98076660	0.98644960	0.98718365	0.98718366	0.90727130	0.96223852	0.98719394
8.46000000	0.96985427	0.98062542	0.98644977	0.98715922	0.98715922	0.90778187	0.96213167	0.98722174
8.46500000	0.97007043	0.98048818	0.98644179	0.98713502	0.98713503	0.90826624	0.96202017	0.98724904
8.47000000	0.97026230	0.98035503	0.98642551	0.98711124	0.98711124	0.90872411	0.96190467	0.98727576
8.47500000	0.97043091	0.98022615	0.98640075	0.98708802	0.98708803	0.90915526	0.96178582	0.98730184
8.48000000	0.97057728	0.98010166	0.98636737	0.98706553	0.98706554	0.90955952	0.96166427	0.98732719
8.48500000	0.97070249	0.97998169	0.98632530	0.98704391	0.98704392	0.90993680	0.96154066	0.98735172
8.49000000	0.97080758	0.97986636	0.98627448	0.98702331	0.98702332	0.91028706	0.96141564	0.98737535
8.49500000	0.97089363	0.97975576	0.98621489	0.98700384	0.98700385	0.91061034	0.96128983	0.98739796
8.50000000	0.97096167	0.97964997	0.98614657	0.98698564	0.98698565	0.91090675	0.96116386	0.98741947
8.50500000	0.97101276	0.97954907	0.98606957	0.98696880	0.98696881	0.91117646	0.96103833	0.98743976
8.51000000	0.97104792	0.97945310	0.98598399	0.98695342	0.98695343	0.91141971	0.96091383	0.98745873
8.51500000	0.97106813	0.97936211	0.98588996	0.98693959	0.98693960	0.91163680	0.96079090	0.98747627
8.52000000	0.97107439	0.97927613	0.98578763	0.98692738	0.98692739	0.91182811	0.96067011	0.98749227
8.52500000	0.97107016	0.97919516	0.98567720	0.98691685	0.98691685	0.91199407	0.96055196	0.98750662
8.53000000	0.97105820	0.97911921	0.98555889	0.98690804	0.98690805	0.91213516	0.96043693	0.98751923
8.53500000	0.97103876	0.97904826	0.98543294	0.98690101	0.98690101	0.91225195	0.96032549	0.98752997
8.54000000	0.97101213	0.97898229	0.98529961	0.98689576	0.98689577	0.91234503	0.96021805	0.98753877
8.54500000	0.97097858	0.97892126	0.98515921	0.98689232	0.98689233	0.91241507	0.96011501	0.98754551
8.55000000	0.97093839	0.97886513	0.98501205	0.98689069	0.98689070	0.91246277	0.96001673	0.98755010
8.55500000	0.97089182	0.97881383	0.98485846	0.98689097	0.98689097	0.91248889	0.95992352	0.98755248
8.56000000	0.97083915	0.97876730	0.98469879	0.98689409	0.98689409	0.91249424	0.95983567	0.98755254
8.56500000	0.97078062	0.97872546	0.98453342	0.98689990	0.98689991	0.91248511	0.95975343	0.98755110
8.57000000	0.97071647	0.97868821	0.98436271	0.98690825	0.98690826	0.91246374	0.95967701	0.98754809
8.57500000	0.97064690	0.97865545	0.98418707	0.98691899	0.98691900	0.91243025	0.95960659	0.98754341
8.58000000	0.97057212	0.97862709	0.98400690	0.98693197	0.98693197	0.91238485	0.95954230	0.98753700
8.58500000	0.97049229	0.97860300	0.98382261	0.98694701	0.98694702	0.91232782	0.95948424	0.98752878
8.59000000	0.97040756	0.97858306	0.98363462	0.98696398	0.98696398	0.91225948	0.95943247	0.98751870
8.59500000	0.97031804	0.97856715	0.98344335	0.98698270	0.98698271	0.91218020	0.95938703	0.98750671
8.60000000	0.97022384	0.97855512	0.98324922	0.98700303	0.98700304	0.91209041	0.95934791	0.98749277
8.60500000	0.97012500	0.97854684	0.98305267	0.98702481	0.98702482	0.91199058	0.95931507	0.98747685
8.61000000	0.97002158	0.97854215	0.98285411	0.98704789	0.98704789	0.91188121	0.95928843	0.98745894
8.61500000	0.96991358	0.97854092	0.98265397	0.98707212	0.98707213	0.91176283	0.95926789	0.98743904
8.62000000	0.96980098	0.97854421	0.98245265	0.98709736	0.98709736	0.91163602	0.95925333	0.98741715
8.62500000	0.96968374	0.97855240	0.98225057	0.98712347	0.98712347	0.91150135	0.95924457	0.98739330
8.63000000	0.96956180	0.97856505	0.98204813	0.98715031	0.98715032	0.91135945	0.95924144	0.98736751
8.63500000	0.96943506	0.97858175	0.98184572	0.98717777	0.98717777	0.91121093	0.95924509	0.98733984
8.64000000	0.96930341	0.97860211	0.98164372	0.98720571	0.98720572	0.91105644	0.95925691	0.98731034
8.64500000	0.96916673	0.97862578	0.98144249	0.98723404	0.98723404	0.91089663	0.95927620	0.98727907
8.65000000	0.96902486	0.97865239	0.98124239	0.98726265	0.98726265	0.91073216	0.95930228	0.98724613
8.65500000	0.96887764	0.97868163	0.98104374	0.98729143	0.98729144	0.91056367	0.95933450	0.98721161
8.66000000	0.96872490	0.97871317	0.98084688	0.98732033	0.98732033	0.91039182	0.95937223	0.98717561
8.66500000	0.96856643	0.97874673	0.98065209	0.98734925	0.98734925	0.91021728	0.95941485	0.98713826
8.67000000	0.96840205	0.97878203	0.98045968	0.98737813	0.98737813	0.91004068	0.95946176	0.98709968
8.67500000	0.96823155	0.97881878	0.98026989	0.98740693	0.98740693	0.90986267	0.95951239	0.98706001
8.68000000	0.96805474	0.97885676	0.98008298	0.98743560	0.98743561	0.90968387	0.95956621	0.98701942
8.68500000	0.96787139	0.97889570	0.97989918	0.98746412	0.98746413	0.90950489	0.95962268	0.98697806
8.69000000	0.96768132	0.97893540	0.97971868	0.98749247	0.98749247	0.90932633	0.95968133	0.98693610
8.69500000	0.96748433	0.97897562	0.97954167	0.98752063	0.98752064	0.90914878	0.95974168	0.98689372
8.70000000	0.96728022	0.97901618	0.97936832	0.98754862	0.98754863	0.90897279	0.95980330	0.98685112
8.70500000	0.96706882	0.97905687	0.97919877	0.98757645	0.98757645	0.90879891	0.95986579	0.98680849
8.71000000	0.96684997	0.97909751	0.97903314	0.98760414	0.98760415	0.90862767	0.95992879	0.98676602
8.71500000	0.96662351	0.97913794	0.97887155	0.98763174	0.98763174	0.90845955	0.95999194	0.98672394
8.72000000	0.96638933	0.97917799	0.97871406	0.98765928	0.98765929	0.90829504	0.96005495	0.98668245
8.72500000	0.96614731	0.97921752	0.97856076	0.98768683	0.98768684	0.90813458	0.96011756	0.98664177
8.73000000	0.96589738	0.97925637	0.97841169	0.98771445	0.98771446	0.90797862	0.96017951	0.98660211
8.73500000	0.96563947	0.97929442	0.97826689	0.98774221	0.98774222	0.90782754	0.96024063	0.98656371
8.74000000	0.96537356	0.97933154	0.97812636	0.98777019	0.98777021	0.90768174	0.96030073	0.98652677
8.74500000	0.96509965	0.97936762	0.97799011	0.98779849	0.98779850	0.90754157	0.96035969	0.98649152
8.75000000	0.96481777	0.97940254	0.97785814	0.98782719	0.98782720	0.90740735	0.96041742	0.98645818
8.75500000	0.96452799	0.97943620	0.97773040	0.98785638	0.98785640	0.90727939	0.96047385	0.98642696
8.76000000	0.96423042	0.97946851	0.97760688	0.98788619	0.98788620	0.90715798	0.96052896	0.98639807
8.76500000	0.96392518	0.97949939	0.97748751	0.98791670	0.98791671	0.90704336	0.96058275	0.98637173
8.77000000	0.96361247	0.97952876	0.97737225	0.98794803	0.98794804	0.90693578	0.96063524	0.98634814
8.77500000	0.96329249	0.97955654	0.97726103	0.98798029	0.98798030	0.90683544	0.96068652	0.98632748
8.78000000	0.96296549	0.97958266	0.97715379	0.98801358	0.98801360	0.90674254	0.96073667	0.98630995
8.78500000	0.96263176	0.97960707	0.97705045	0.98804802	0.98804804	0.90665722	0.96078580	0.98629572
8.79000000	0.96229165	0.97962971	0.97695093	0.98808371	0.98808373	0.90657965	0.96083407	0.98628497
8.79500000	0.96194550	0.97965053	0.97685515	0.98812077	0.98812079	0.90650994	0.96088164	0.98627785
8.80000000	0.96159374	0.97966950	0.97676303	0.98815928	0.98815930	0.90644819	0.96092870	0.98627450
8.80500000	0.96123681	0.97968657	0.97667450	0.98819936	0.98819938	0.90639449	0.96097545	0.98627542
8.81000000	0.96087518	0.97970171	0.97658946	0.98824109	0.98824111	0.90634890	0.96102211	0.98628276
8.81500000	0.96050938	0.97971490	0.97650784	0.98828456	0.98828458	0.90631147	0.96106894	0.98629647
8.82000000	0.96013996	0.97972611	0.97642957	0.98832985	0.98832987	0.90628223	0.96111617	0.98631648
8.82500000	0.95976749	0.97973534	0.97635458	0.98837704	0.98837706	0.90626119	0.96116408	0.98634272
8.83000000	0.95939260	0.97974256	0.97628280	0.98842619	0.98842621	0.90624834	0.96121291	0.98637511
8.83500000	0.95901593	0.97974777	0.97621416	0.98847735	0.98847737	0.90624368	0.96126296	0.98641356
8.84000000	0.95863814	0.97975097	0.97614862	0.98853058	0.98853060	0.90624924	0.96131450	0.98645798
8.84500000	0.95825993	0.97975217	0.97608612	0.98858591	0.98858593	0.90626755	0.96136780	0.98650827
8.85000000	0.95788201	0.97975167	0.97602663	0.98864337	0.98864340	0.90629804	0.96142313	0.98656430
8.85500000	0.95750511	0.97974990	0.97597010	0.98870299	0.98870301	0.90634018	0.96148078	0.98662597
8.86000000	0.95712998	0.97974684	0.97591650	0.98876477	0.98876479	0.90639347	0.96154101	0.98669312
8.86500000	0.95675737	0.97974245	0.97586583	0.98882870	0.98882872	0.90645743	0.96160406	0.98676562
8.87000000	0.95638806	0.97973671	0.97581805	0.98889478	0.98889480	0.90653158	0.96167020	0.98684331
8.87500000	0.95602281	0.97972960	0.97577317	0.98896298	0.98896300	0.90661550	0.96173964	0.98692601
8.88000000	0.95566240	0.97972110	0.97573118	0.98903327	0.98903329	0.90670875	0.96181262	0.98701357
8.88500000	0.95530760	0.97971122	0.97569209	0.98910560	0.98910562	0.90681093	0.96188932	0.98710577
8.89000000	0.95495917	0.97969993	0.97565590	0.98917992	0.98917994	0.90692164	0.96196994	0.98720244
8.89500000	0.95461788	0.97968725	0.97562262	0.98925616	0.98925619	0.90704049	0.96205464	0.98730337
8.90000000	0.95428448	0.97967317	0.97559229	0.98933425	0.98933427	0.90716711	0.96214356	0.98740834
8.90500000	0.95395969	0.97965772	0.97556491	0.98941411	0.98941413	0.90730113	0.96223680	0.98751713
8.91000000	0.95364423	0.97964089	0.97554051	0.98949563	0.98949565	0.90744221	0.96233448	0.98762951
8.91500000	0.95333879	0.97962271	0.97551911	0.98957872	0.98957874	0.90758999	0.96243665	0.98774525
8.92000000	0.95304404	0.97960319	0.97550075	0.98966326	0.98966328	0.90774414	0.96254335	0.98786412
8.92500000	0.95276062	0.97958237	0.97548545	0.98974913	0.98974915	0.90790433	0.96265459	0.98798586
8.93000000	0.95248914	0.97956026	0.97547323	0.98983621	0.98983623	0.90807022	0.96277036	0.98811023
8.93500000	0.95223016	0.97953689	0.97546411	0.98992436	0.98992438	0.90824150	0.96289060	0.98823698
8.94000000	0.95198424	0.97951230	0.97545811	0.99001345	0.99001347	0.90841786	0.96301524	0.98836585
8.94500000	0.95175188	0.97948652	0.97545526	0.99010331	0.99010333	0.90859899	0.96314416	0.98849659
8.95000000	0.95153353	0.97945958	0.97545572	0.99019380	0.99019382	0.90878458	0.96327722	0.98862895
8.95500000	0.95132963	0.97943153	0.97546120	0.99028476	0.99028478	0.90897434	0.96341426	0.98876265
8.96000000	0.95114054	0.97940240	0.97547151	0.99037602	0.99037604	0.90916797	0.96355505	0.98889745
8.96500000	0.95096659	0.97937223	0.97548647	0.99046742	0.99046744	0.90936519	0.96369938	0.98903309
8.97000000	0.95080809	0.97934107	0.97550589	0.99055877	0.99055879	0.90956572	0.96384697	0.98916932
8.97500000	0.95066526	0.97930896	0.97552958	0.99064992	0.99064994	0.90976927	0.96399753	0.98930587
8.98000000	0.95053830	0.97927593	0.97555737	0.99074067	0.99074069	0.90997557	0.96415073	0.98944251
8.98500000	0.95042735	0.97924204	0.97558907	0.99083085	0.99083086	0.91018436	0.96430621	0.98957898
8.99000000	0.95033251	0.97920734	0.97562449	0.99092026	0.99092028	0.91039538	0.96446359	0.98971503
8.99500000	0.95025383	0.97917185	0.97566343	0.99100873	0.99100875	0.91060835	0.96462246	0.98985044
9.00000000	0.95019130	0.97913564	0.97570570	0.99109607	0.99109609	0.91082303	0.96478239	0.98998495
9.00500000	0.95014487	0.97909875	0.97575107	0.99118210	0.99118212	0.91103918	0.96494292	0.99011834
9.01000000	0.95011446	0.97906121	0.97579933	0.99126661	0.99126663	0.91125654	0.96510357	0.99025038
9.01500000	0.95009991	0.97902308	0.97585024	0.99134943	0.99134945	0.91147489	0.96526383	0.99038085
9.02000000	0.95010172	0.97898440	0.97590358	0.99143036	0.99143038	0.91169398	0.96542319	0.99050953
9.02500000	0.95012818	0.97894521	0.97595909	0.99150923	0.99150925	0.91191360	0.96558112	0.99063621
9.03000000	0.95017792	0.97890556	0.97601651	0.99158584	0.99158586	0.91213353	0.96573705	0.99076069
9.03500000	0.95024962	0.97886549	0.97607557	0.99166001	0.99166003	0.91235354	0.96589044	0.99088276
9.04000000	0.95034200	0.97882504	0.97613599	0.99173157	0.99173159	0.91257344	0.96604070	0.99100224
9.04500000	0.95045380	0.97878426	0.97619749	0.99180033	0.99180035	0.91279303	0.96618727	0.99111893
9.05000000	0.95058380	0.97874317	0.97625977	0.99186611	0.99186613	0.91301212	0.96632955	0.99123267
9.05500000	0.95073078	0.97870183	0.97632253	0.99192876	0.99192878	0.91323051	0.96646696	0.99134327
9.06000000	0.95089358	0.97866027	0.97638546	0.99198809	0.99198811	0.91344805	0.96659892	0.99145057
9.06500000	0.95107101	0.97861852	0.97644824	0.99204396	0.99204398	0.91366455	0.96672485	0.99155441
9.07000000	0.95126192	0.97857663	0.97651055	0.99209621	0.99209623	0.91387987	0.96684417	0.99165465
9.07500000	0.95146519	0.97853462	0.97657207	0.99214468	0.99214470	0.91409385	0.96695631	0.99175115
9.08000000	0.95167968	0.97849254	0.97663247	0.99218924	0.99218926	0.91430634	0.96706073	0.99184376
9.08500000	0.95190429	0.97845041	0.97669143	0.99222975	0.99222977	0.91451723	0.96715689	0.99193237
9.09000000	0.95213792	0.97840826	0.97674862	0.99226609	0.99226611	0.91472639	0.96724427	0.99201686
9.09500000	0.95237949	0.97836612	0.97680372	0.99229815	0.99229817	0.91493370	0.96732238	0.99209712
9.10000000	0.95262791	0.97832403	0.97685640	0.99232581	0.99232583	0.91513906	0.96739073	0.99217306
9.10500000	0.95288214	0.97828201	0.97690635	0.99234899	0.99234901	0.91534238	0.96744889	0.99224458
9.11000000	0.95314112	0.97824007	0.97695326	0.99236760	0.99236762	0.91554357	0.96749643	0.99231161
9.11500000	0.95340381	0.97819826	0.97699683	0.99238157	0.99238159	0.91574254	0.96753299	0.99237408
9.12000000	0.95366920	0.97815658	0.97703677	0.99239085	0.99239087	0.91593924	0.96755820	0.99243192
9.12500000	0.95393627	0.97811507	0.97707279	0.99239539	0.99239542	0.91613359	0.96757176	0.99248510
9.13000000	0.95420403	0.97807373	0.97710462	0.99239525	0.99239528	0.91632553	0.96757341	0.99253357
9.13500000	0.95447150	0.97803259	0.97713202	0.99239213	0.99239215	0.91651501	0.96756684	0.99257730
9.14000000	0.95473771	0.97799166	0.97715474	0.99238590	0.99238593	0.91670198	0.96755233	0.99261629
9.14500000	0.95500170	0.97795096	0.97717255	0.99237649	0.99237651	0.91688639	0.96752951	0.99265052
9.15000000	0.95526255	0.97791050	0.97718527	0.99236381	0.99236384	0.91706819	0.96749807	0.99268000
9.15500000	0.95551933	0.97787028	0.97719269	0.99234782	0.99234785	0.91724734	0.96745773	0.99270474
9.16000000	0.95577114	0.97783033	0.97719466	0.99232848	0.99232850	0.91742378	0.96740828	0.99272479
9.16500000	0.95601708	0.97779064	0.97719240	0.99230576	0.99230578	0.91759746	0.96734955	0.99274017
9.17000000	0.95625629	0.97775122	0.97718647	0.99227967	0.99227969	0.91776832	0.96728140	0.99275095
9.17500000	0.95648790	0.97771209	0.97717670	0.99225023	0.99225026	0.91793629	0.96720375	0.99275718
9.18000000	0.95671109	0.97767323	0.97716292	0.99221748	0.99221751	0.91810129	0.96711658	0.99275894
9.18500000	0.95692503	0.97763466	0.97714498	0.99218148	0.99218150	0.91826324	0.96701989	0.99275730
9.19000000	0.95712893	0.97759637	0.97712275	0.99214230	0.99214232	0.91842202	0.96691377	0.99275293
9.19500000	0.95732199	0.97755836	0.97709614	0.99210003	0.99210006	0.91857753	0.96679832	0.99274579
9.20000000	0.95750346	0.97752064	0.97706507	0.99205480	0.99205482	0.91872963	0.96667370	0.99273587
9.20500000	0.95767259	0.97748320	0.97702949	0.99200672	0.99200675	0.91887816	0.96654012	0.99272318
9.21000000	0.95782866	0.97744603	0.97698936	0.99195596	0.99195598	0.91902294	0.96639784	0.99270773
9.21500000	0.95797097	0.97740914	0.97694469	0.99190267	0.99190269	0.91916379	0.96624715	0.99268956
9.22000000	0.95809883	0.97737251	0.97689549	0.99184703	0.99184706	0.91930047	0.96608840	0.99266871
9.22500000	0.95821160	0.97733615	0.97684180	0.99178925	0.99178927	0.91943273	0.96592197	0.99264524
9.23000000	0.95830863	0.97730005	0.97678369	0.99172952	0.99172955	0.91956032	0.96574828	0.99261923
9.23500000	0.95838932	0.97726421	0.97672126	0.99166809	0.99166812	0.91968291	0.96556780	0.99259077
9.24000000	0.95845309	0.97722861	0.97665462	0.99160518	0.99160521	0.91980019	0.96538100	0.99255994
9.24500000	0.95849936	0.97719326	0.97658391	0.99154104	0.99154107	0.91991180	0.96518844	0.99252687
9.25000000	0.95852762	0.97715816	0.97650929	0.99147594	0.99147597	0.92001733	0.96499064	0.99249166
9.25500000	0.95853737	0.97712329	0.97643094	0.99141014	0.99141017	0.92011639	0.96478822	0.99245445
9.26000000	0.95853159	0.97708867	0.97634909	0.99134391	0.99134394	0.92020852	0.96458175	0.99241538
9.26500000	0.95851345	0.97705429	0.97626394	0.99127755	0.99127758	0.92029325	0.96437189	0.99237460
9.27000000	0.95848224	0.97702015	0.97617576	0.99121133	0.99121136	0.92037007	0.96415927	0.99233227
9.27500000	0.95843732	0.97698626	0.97608480	0.99114556	0.99114559	0.92043846	0.96394454	0.99228854
9.28000000	0.95837805	0.97695263	0.97599136	0.99108051	0.99108055	0.92049786	0.96372839	0.99224360
9.28500000	0.95830386	0.97691927	0.97589575	0.99101650	0.99101653	0.92054770	0.96351148	0.99219762
9.29000000	0.95821421	0.97688618	0.97579828	0.99095380	0.99095383	0.92058737	0.96329450	0.99215078
9.29500000	0.95810859	0.97685340	0.97569929	0.99089270	0.99089274	0.92061626	0.96307812	0.99210327
9.30000000	0.95798653	0.97682093	0.97559913	0.99083350	0.99083354	0.92063372	0.96286304	0.99205528
9.30500000	0.95784763	0.97678880	0.97549817	0.99077648	0.99077651	0.92063910	0.96264991	0.99200702
9.31000000	0.95769148	0.97675705	0.97539678	0.99072189	0.99072193	0.92063450	0.96243940	0.99195867
9.31500000	0.95751776	0.97672571	0.97529536	0.99067001	0.99067005	0.92062134	0.96223215	0.99191043
9.32000000	0.95732616	0.97669481	0.97519429	0.99062109	0.99062113	0.92059889	0.96202880	0.99186251
9.32500000	0.95711643	0.97666440	0.97509398	0.99057537	0.99057541	0.92056642	0.96182996	0.99181509
9.33000000	0.95688833	0.97663454	0.97499485	0.99053307	0.99053311	0.92052320	0.96163621	0.99176839
9.33500000	0.95664169	0.97660528	0.97489731	0.99049440	0.99049444	0.92046851	0.96144812	0.99172259
9.34000000	0.95637638	0.97657668	0.97480177	0.99045956	0.99045960	0.92040163	0.96126623	0.99167789
9.34500000	0.95609227	0.97654882	0.97470865	0.99042872	0.99042877	0.92032186	0.96109103	0.99163448
9.35000000	0.95578932	0.97652177	0.97461839	0.99040205	0.99040209	0.92022848	0.96092300	0.99159255
9.35500000	0.95546749	0.97649561	0.97453138	0.99037967	0.99037971	0.92012083	0.96076258	0.99155227
9.36000000	0.95512678	0.97647045	0.97444806	0.99036170	0.99036174	0.91999823	0.96061016	0.99151382
9.36500000	0.95476725	0.97644638	0.97436884	0.99034823	0.99034828	0.91986002	0.96046610	0.99147736
9.37000000	0.95438897	0.97642350	0.97429411	0.99033935	0.99033939	0.91970558	0.96033072	0.99144307
9.37500000	0.95399205	0.97640193	0.97422428	0.99033508	0.99033513	0.91953430	0.96020430	0.99141109
9.38000000	0.95357662	0.97638179	0.97415974	0.99033569	0.99033574	0.91934558	0.96008708	0.99138157
9.38500000	0.95314286	0.97636322	0.97410086	0.99034371	0.99034376	0.91913889	0.95997924	0.99135465
9.39000000	0.95269096	0.97634634	0.97404801	0.99035881	0.99035886	0.91891367	0.95988094	0.99133045
9.39500000	0.95222114	0.97633131	0.97400155	0.99038067	0.99038072	0.91866945	0.95979228	0.99130910
9.40000000	0.95173364	0.97631828	0.97396181	0.99040894	0.99040899	0.91840576	0.95971332	0.99129070
9.40500000	0.95122874	0.97630739	0.97392911	0.99044326	0.99044331	0.91812218	0.95964408	0.99127535
9.41000000	0.95070671	0.97629883	0.97390376	0.99048327	0.99048331	0.91781831	0.95958454	0.99126314
9.41500000	0.95016787	0.97629276	0.97388604	0.99052856	0.99052861	0.91749382	0.95953462	0.99125414
9.42000000	0.94961252	0.97628934	0.97387621	0.99057874	0.99057879	0.91714839	0.95949423	0.99124843
9.42500000	0.94904101	0.97628878	0.97387453	0.99063340	0.99063344	0.91678177	0.95946320	0.99124606
9.43000000	0.94845367	0.97629272	0.97388521	0.99069209	0.99069213	0.91639375	0.95944135	0.99124767
9.43500000	0.94785086	0.97630166	0.97390919	0.99075437	0.99075441	0.91598415	0.95942846	0.99125469
9.44000000	0.94723295	0.97631573	0.97394626	0.99081977	0.99081982	0.91555286	0.95942427	0.99126696
9.44500000	0.94660030	0.97633507	0.97399623	0.99088783	0.99088788	0.91509980	0.95943101	0.99128431
9.45000000	0.94595329	0.97635981	0.97405889	0.99095806	0.99095810	0.91462495	0.95945042	0.99130658
9.45500000	0.94529229	0.97639011	0.97413403	0.99102996	0.99103000	0.91412835	0.95948149	0.99133362
9.46000000	0.94461769	0.97642613	0.97422141	0.99110303	0.99110308	0.91361007	0.95952319	0.99136526
9.46500000	0.94392985	0.97646801	0.97432080	0.99117677	0.99117681	0.91307025	0.95957458	0.99140133
9.47000000	0.94322917	0.97651591	0.97443194	0.99125065	0.99125069	0.91250906	0.95963467	0.99144168
9.47500000	0.94251601	0.97656998	0.97455455	0.99132416	0.99132420	0.91192675	0.95970256	0.99148613
9.48000000	0.94179075	0.97663036	0.97468834	0.99139679	0.99139683	0.91132359	0.95977732	0.99153452
9.48500000	0.94105376	0.97669719	0.97483298	0.99146802	0.99146806	0.91069994	0.95985808	0.99158668
9.49000000	0.94030541	0.97677061	0.97498816	0.99153734	0.99153738	0.91005617	0.95994397	0.99164244
9.49500000	0.93954606	0.97685073	0.97515350	0.99160425	0.99160429	0.90939273	0.96003417	0.99170161
9.50000000	0.93877607	0.97693766	0.97532863	0.99166826	0.99166829	0.90871009	0.96012786	0.99176403
9.50500000	0.93799579	0.97703149	0.97551315	0.99172887	0.99172890	0.90800880	0.96022427	0.99182951
9.51000000	0.93720557	0.97713231	0.97570663	0.99178562	0.99178565	0.90728942	0.96032265	0.99189787
9.51500000	0.93640577	0.97724017	0.97590864	0.99183806	0.99183809	0.90655260	0.96042229	0.99196895
9.52000000	0.93559671	0.97735511	0.97611871	0.99188575	0.99188578	0.90579898	0.96052250	0.99204254
9.52500000	0.93477873	0.97747717	0.97633634	0.99192826	0.99192829	0.90502929	0.96062264	0.99211848
9.53000000	0.93395219	0.97760635	0.97656105	0.99196522	0.99196524	0.90424425	0.96072208	0.99219657
9.53500000	0.93311739	0.97774261	0.97679230	0.99199623	0.99199626	0.90344467	0.96082027	0.99227665
9.54000000	0.93227468	0.97788593	0.97702954	0.99202097	0.99202099	0.90263135	0.96091666	0.99235851
9.54500000	0.93142439	0.97803623	0.97727223	0.99203911	0.99203913	0.90180513	0.96101076	0.99244200
9.55000000	0.93056685	0.97819341	0.97751979	0.99205036	0.99205038	0.90096691	0.96110211	0.99252691
9.55500000	0.92970238	0.97835736	0.97777161	0.99205447	0.99205449	0.90011758	0.96119030	0.99261308
9.56000000	0.92883133	0.97852793	0.97802710	0.99205243	0.99205245	0.89925807	0.96127497	0.99270033
9.56500000	0.92795403	0.97870494	0.97828564	0.99204559	0.99204561	0.89838933	0.96135579	0.99278847
9.57000000	0.92707082	0.97888819	0.97854660	0.99203367	0.99203369	0.89751231	0.96143247	0.99287734
9.57500000	0.92618204	0.97907746	0.97880934	0.99201643	0.99201645	0.89662801	0.96150479	0.99296675
9.58000000	0.92528806	0.97927246	0.97907320	0.99199366	0.99199367	0.89573741	0.96157254	0.99305655
9.58500000	0.92438922	0.97947293	0.97933753	0.99196517	0.99196518	0.89484152	0.96163558	0.99314655
9.59000000	0.92348589	0.97967853	0.97960166	0.99193081	0.99193082	0.89394133	0.96169380	0.99323659
9.59500000	0.92257845	0.97988893	0.97986492	0.99189045	0.99189046	0.89303785	0.96174714	0.99332651
9.60000000	0.92166728	0.98010374	0.98012664	0.99184400	0.99184401	0.89213209	0.96179557	0.99341613
9.60500000	0.92075277	0.98032258	0.98038614	0.99179141	0.99179141	0.89122504	0.96183912	0.99350531
9.61000000	0.91983533	0.98054500	0.98064273	0.99173263	0.99173264	0.89031771	0.96187784	0.99359388
9.61500000	0.91891537	0.98077055	0.98089574	0.99166768	0.99166768	0.88941106	0.96191182	0.99368168
9.62000000	0.91799331	0.98099877	0.98114450	0.99159658	0.99159658	0.88850607	0.96194120	0.99376856
9.62500000	0.91706959	0.98122913	0.98138831	0.99151939	0.99151939	0.88760370	0.96196614	0.99385437
9.63000000	0.91614465	0.98146113	0.98162653	0.99143620	0.99143620	0.88670486	0.96198684	0.99393896
9.63500000	0.91521895	0.98169422	0.98185848	0.99134713	0.99134713	0.88581047	0.96200354	0.99402218
9.64000000	0.91429296	0.98192783	0.98208350	0.99125232	0.99125232	0.88492141	0.96201648	0.99410389
9.64500000	0.91336715	0.98216139	0.98230095	0.99115196	0.99115196	0.88403855	0.96202595	0.99418395
9.65000000	0.91244203	0.98239430	0.98251019	0.99104623	0.99104623	0.88316271	0.96203225	0.99426221
9.65500000	0.91151807	0.98262596	0.98271061	0.99093535	0.99093535	0.88229468	0.96203571	0.99433854
9.66000000	0.91059580	0.98285575	0.98290158	0.99081958	0.99081958	0.88143523	0.96203667	0.99441281
9.66500000	0.90967573	0.98308305	0.98308253	0.99069919	0.99069918	0.88058509	0.96203593	0.99448488
9.67000000	0.90875837	0.98330723	0.98325289	0.99057444	0.99057444	0.87974495	0.96203407	0.99455464
9.67500000	0.90784427	0.98352767	0.98341209	0.99044567	0.99044566	0.87891547	0.96203126	0.99462195
9.68000000	0.90693396	0.98374373	0.98355962	0.99031319	0.99031318	0.87809726	0.96202774	0.99468670
9.68500000	0.90602798	0.98395478	0.98369497	0.99017733	0.99017732	0.87729089	0.96202372	0.99474878
9.69000000	0.90512687	0.98416020	0.98381767	0.99003846	0.99003845	0.87649692	0.96201944	0.99480806
9.69500000	0.90423118	0.98435940	0.98392727	0.98989694	0.98989693	0.87571583	0.96201516	0.99486444
9.70000000	0.90334147	0.98455175	0.98402336	0.98975315	0.98975314	0.87494808	0.96201112	0.99491781
9.70500000	0.90245827	0.98473670	0.98410556	0.98960748	0.98960747	0.87419408	0.96200758	0.99496809
9.71000000	0.90158215	0.98491365	0.98417353	0.98946031	0.98946030	0.87345422	0.96200481	0.99501518
9.71500000	0.90071364	0.98508208	0.98422695	0.98931206	0.98931205	0.87272883	0.96200305	0.99505898
9.72000000	0.89985329	0.98524146	0.98426557	0.98916313	0.98916311	0.87201821	0.96200257	0.99509942
9.72500000	0.89900164	0.98539129	0.98428916	0.98901391	0.98901390	0.87132261	0.96200426	0.99513642
9.73000000	0.89815921	0.98553111	0.98429754	0.98886483	0.98886481	0.87064227	0.96200872	0.99516990
9.73500000	0.89732653	0.98566048	0.98429319	0.98871628	0.98871626	0.86997737	0.96201624	0.99519982
9.74000000	0.89650411	0.98577900	0.98427902	0.98856866	0.98856865	0.86932807	0.96202708	0.99522611
9.74500000	0.89569246	0.98588631	0.98425466	0.98842239	0.98842238	0.86869447	0.96204147	0.99524871
9.75000000	0.89489206	0.98598206	0.98421979	0.98827784	0.98827783	0.86807668	0.96205963	0.99526760
9.75500000	0.89410340	0.98606598	0.98417413	0.98813541	0.98813540	0.86747475	0.96208174	0.99528273
9.76000000	0.89332694	0.98613781	0.98411746	0.98799547	0.98799546	0.86688870	0.96210797	0.99529407
9.76500000	0.89256312	0.98619734	0.98404960	0.98785839	0.98785838	0.86631855	0.96213846	0.99530162
9.77000000	0.89181238	0.98624440	0.98397045	0.98772452	0.98772451	0.86576426	0.96217330	0.99530534
9.77500000	0.89107513	0.98627889	0.98387993	0.98759419	0.98759418	0.86522580	0.96221258	0.99530529
9.78000000	0.89035177	0.98630070	0.98377803	0.98746775	0.98746774	0.86470308	0.96225634	0.99530284
9.78500000	0.88964266	0.98630982	0.98366480	0.98734549	0.98734548	0.86419604	0.96230460	0.99529794
9.79000000	0.88894817	0.98630759	0.98354031	0.98722770	0.98722769	0.86370455	0.96235735	0.99529049
9.79500000	0.88826861	0.98629739	0.98340471	0.98711467	0.98711467	0.86322849	0.96241456	0.99528044
9.80000000	0.88760429	0.98627897	0.98325819	0.98700665	0.98700665	0.86276773	0.96247616	0.99526775
9.80500000	0.88695551	0.98625216	0.98310097	0.98690388	0.98690387	0.86232211	0.96254205	0.99525238
9.81000000	0.88632251	0.98621682	0.98293335	0.98680657	0.98680656	0.86189147	0.96261210	0.99523428
9.81500000	0.88570553	0.98617287	0.98275564	0.98671491	0.98671490	0.86147563	0.96268616	0.99521346
9.82000000	0.88510477	0.98612026	0.98256822	0.98662908	0.98662907	0.86107440	0.96276407	0.99518989
9.82500000	0.88452042	0.98605898	0.98237150	0.98654922	0.98654922	0.86068759	0.96284561	0.99516357
9.83000000	0.88395263	0.98598907	0.98216593	0.98647547	0.98647547	0.86031499	0.96293057	0.99513452
9.83500000	0.88340152	0.98591061	0.98195200	0.98640793	0.98640793	0.85995641	0.96301869	0.99510275
9.84000000	0.88286719	0.98582373	0.98173022	0.98634667	0.98634667	0.85961162	0.96310971	0.99506828
9.84500000	0.88234972	0.98572857	0.98150116	0.98629175	0.98629176	0.85928040	0.96320334	0.99503115
9.85000000	0.88184914	0.98562533	0.98126541	0.98624322	0.98624322	0.85896255	0.96329927	0.99499141
9.85500000	0.88136548	0.98551424	0.98102356	0.98620106	0.98620107	0.85865782	0.96339720	0.99494908
9.86000000	0.88089872	0.98539553	0.98077627	0.98616528	0.98616529	0.85836599	0.96349678	0.99490424
9.86500000	0.88044883	0.98526951	0.98052420	0.98613583	0.98613584	0.85808684	0.96359766	0.99485695
9.87000000	0.88001573	0.98513648	0.98026801	0.98611265	0.98611266	0.85782013	0.96369950	0.99480726
9.87500000	0.87959935	0.98499678	0.98000843	0.98609566	0.98609568	0.85756564	0.96380193	0.99475526
9.88000000	0.87919956	0.98485077	0.97974614	0.98608476	0.98608478	0.85732312	0.96390457	0.99470103
9.88500000	0.87881622	0.98469884	0.97948189	0.98607983	0.98607984	0.85709236	0.96400705	0.99464464
9.89000000	0.87844916	0.98454137	0.97921640	0.98608123	0.98608125	0.85687311	0.96410900	0.99458619
9.89500000	0.87809820	0.98437880	0.97895041	0.98609163	0.98609165	0.85666515	0.96421004	0.99452576
9.90000000	0.87776312	0.98421155	0.97868466	0.98611038	0.98611041	0.85646825	0.96430980	0.99446347
9.90500000	0.87744370	0.98404006	0.97841989	0.98613689	0.98613692	0.85628217	0.96440789	0.99439940
9.91000000	0.87713966	0.98386479	0.97815686	0.98617055	0.98617058	0.85610668	0.96450397	0.99433367
9.91500000	0.87685075	0.98368620	0.97789629	0.98621077	0.98621081	0.85594155	0.96459766	0.99426638
9.92000000	0.87657665	0.98350476	0.97763891	0.98625699	0.98625703	0.85578656	0.96468861	0.99419763
9.92500000	0.87631708	0.98332094	0.97738545	0.98630865	0.98630869	0.85564147	0.96477650	0.99412755
9.93000000	0.87607168	0.98313522	0.97713661	0.98636519	0.98636523	0.85550605	0.96486100	0.99405624
9.93500000	0.87584013	0.98294807	0.97689309	0.98642606	0.98642611	0.85538007	0.96494179	0.99398383
9.94000000	0.87562206	0.98275996	0.97665558	0.98649075	0.98649080	0.85526331	0.96501859	0.99391042
9.94500000	0.87541711	0.98257136	0.97642472	0.98655873	0.98655878	0.85515553	0.96509110	0.99383614
9.95000000	0.87522488	0.98238274	0.97620116	0.98662949	0.98662954	0.85505650	0.96515909	0.99376111
9.95500000	0.87504500	0.98219455	0.97598553	0.98670253	0.98670258	0.85496600	0.96522231	0.99368544
9.96000000	0.87487705	0.98200726	0.97577840	0.98677736	0.98677741	0.85488379	0.96528055	0.99360926
9.96500000	0.87472063	0.98182128	0.97558036	0.98685351	0.98685357	0.85480965	0.96533361	0.99353269
9.97000000	0.87457532	0.98163706	0.97539194	0.98693052	0.98693057	0.85474333	0.96538132	0.99345585
9.97500000	0.87444070	0.98145502	0.97521365	0.98700793	0.98700799	0.85468462	0.96542355	0.99337885
9.98000000	0.87431634	0.98127555	0.97504598	0.98708530	0.98708536	0.85463327	0.96546017	0.99330181
9.98500000	0.87420181	0.98109904	0.97488937	0.98716223	0.98716229	0.85458906	0.96549109	0.99322486
9.99000000	0.87409669	0.98092588	0.97474423	0.98723829	0.98723835	0.85455175	0.96551624	0.99314812
9.99500000	0.87400054	0.98075641	0.97461095	0.98731309	0.98731315	0.85452111	0.96553559	0.99307169
10.00000000	0.87391292	0.98059099	0.97448987	0.98738626	0.98738633	0.85449690	0.96554912	0.99299569
10.00500000	0.87383340	0.98042993	0.97438128	0.98745745	0.98745751	0.85447888	0.96555685	0.99292023
10.01000000	0.87376157	0.98027353	0.97428548	0.98752630	0.98752637	0.85446683	0.96555882	0.99284543
10.01500000	0.87369697	0.98012208	0.97420267	0.98759250	0.98759257	0.85446049	0.96555650	0.99277140
10.02000000	0.87363921	0.97997586	0.97413304	0.98765574	0.98765580	0.85445965	0.96555059	0.99269824
10.02500000	0.87358785	0.97983510	0.97407676	0.98771572	0.98771579	0.85446670	0.96554104	0.99262605
10.03000000	0.87354248	0.97970003	0.97403392	0.98777219	0.98777226	0.85448150	0.96552784	0.99255493
10.03500000	0.87350270	0.97957086	0.97400459	0.98782490	0.98782496	0.85450340	0.96551099	0.99248499
10.04000000	0.87346810	0.97944778	0.97398880	0.98787360	0.98787367	0.85453179	0.96549050	0.99241633
10.04500000	0.87343830	0.97933094	0.97398653	0.98791810	0.98791817	0.85456610	0.96546644	0.99234902
10.05000000	0.87341290	0.97922050	0.97400443	0.98795819	0.98795826	0.85460577	0.96543889	0.99228316
10.05500000	0.87339153	0.97911657	0.97404304	0.98799372	0.98799378	0.85465031	0.96540793	0.99221885
10.06000000	0.87337382	0.97901927	0.97410141	0.98802451	0.98802458	0.85469923	0.96537370	0.99215614
10.06500000	0.87335941	0.97892867	0.97417858	0.98805045	0.98805051	0.85475208	0.96533633	0.99209514
10.07000000	0.87334796	0.97884484	0.97427363	0.98807140	0.98807147	0.85480841	0.96529598	0.99203590
10.07500000	0.87333912	0.97876783	0.97438564	0.98808729	0.98808736	0.85486782	0.96525284	0.99197849
10.08000000	0.87333257	0.97869765	0.97451370	0.98809803	0.98809809	0.85492992	0.96520709	0.99192299
10.08500000	0.87332799	0.97863432	0.97465688	0.98810355	0.98810362	0.85499433	0.96515894	0.99186944
10.09000000	0.87332507	0.97857782	0.97481429	0.98810382	0.98810389	0.85506070	0.96510863	0.99181791
10.09500000	0.87332353	0.97852811	0.97498501	0.98810069	0.98810076	0.85512867	0.96505638	0.99176845
10.10000000	0.87332307	0.97848516	0.97516812	0.98809415	0.98809421	0.85519793	0.96500244	0.99172110
10.10500000	0.87332363	0.97844890	0.97536271	0.98808406	0.98808413	0.85526814	0.96494706	0.99167589
10.11000000	0.87332507	0.97841924	0.97556787	0.98807035	0.98807042	0.85533902	0.96489051	0.99163288
10.11500000	0.87332695	0.97839610	0.97578267	0.98805294	0.98805301	0.85541026	0.96483306	0.99159208
10.12000000	0.87332888	0.97837934	0.97600620	0.98803177	0.98803183	0.85548158	0.96477497	0.99155352
10.12500000	0.87333051	0.97836886	0.97623754	0.98800678	0.98800685	0.85555270	0.96471651	0.99151722
10.13000000	0.87333152	0.97836450	0.97647578	0.98797796	0.98797803	0.85562336	0.96465796	0.99148321
10.13500000	0.87333162	0.97836709	0.97672000	0.98794529	0.98794536	0.85569330	0.96459959	0.99145148
10.14000000	0.87333095	0.97837887	0.97696929	0.98790877	0.98790884	0.85576228	0.96454166	0.99142205
10.14500000	0.87332937	0.97839923	0.97722275	0.98786842	0.98786848	0.85583004	0.96448444	0.99139491
10.15000000	0.87332673	0.97842756	0.97747950	0.98782426	0.98782432	0.85589636	0.96442817	0.99137006
10.15500000	0.87332288	0.97846329	0.97773866	0.98777634	0.98777640	0.85596101	0.96437311	0.99134750
10.16000000	0.87331768	0.97850587	0.97799935	0.98772471	0.98772477	0.85602377	0.96431948	0.99132721
10.16500000	0.87331100	0.97855477	0.97826073	0.98766943	0.98766949	0.85608442	0.96426752	0.99130918
10.17000000	0.87330274	0.97860949	0.97852196	0.98761059	0.98761065	0.85614277	0.96421743	0.99129338
10.17500000	0.87329280	0.97866952	0.97878224	0.98754827	0.98754833	0.85619859	0.96416941	0.99127979
10.18000000	0.87328109	0.97873439	0.97904078	0.98748258	0.98748263	0.85625172	0.96412363	0.99126839
10.18500000	0.87326753	0.97880363	0.97929681	0.98741360	0.98741366	0.85630194	0.96408026	0.99125913
10.19000000	0.87325206	0.97887680	0.97954960	0.98734147	0.98734153	0.85634910	0.96403945	0.99125198
10.19500000	0.87323463	0.97895346	0.97979843	0.98726631	0.98726637	0.85639300	0.96400131	0.99124691
10.20000000	0.87321519	0.97903319	0.98004263	0.98718825	0.98718830	0.85643350	0.96396595	0.99124386
10.20500000	0.87319372	0.97911558	0.98028156	0.98710742	0.98710747	0.85647042	0.96393347	0.99124280
10.21000000	0.87317019	0.97920023	0.98051460	0.98702397	0.98702403	0.85650361	0.96390391	0.99124420
10.21500000	0.87314459	0.97928675	0.98074118	0.98693805	0.98693811	0.85653294	0.96387731	0.99124855
10.22000000	0.87311693	0.97937479	0.98096076	0.98684982	0.98684987	0.85655826	0.96385371	0.99125567
10.22500000	0.87308722	0.97946397	0.98117284	0.98675942	0.98675947	0.85657945	0.96383309	0.99126536
10.23000000	0.87305546	0.97955394	0.98137695	0.98666703	0.98666708	0.85659640	0.96381542	0.99127744
10.23500000	0.87302170	0.97964438	0.98157267	0.98657281	0.98657286	0.85660899	0.96380066	0.99129175
10.24000000	0.87298597	0.97973496	0.98175962	0.98647691	0.98647696	0.85661713	0.96378873	0.99130811
10.24500000	0.87294831	0.97982537	0.98193745	0.98637952	0.98637957	0.85662073	0.96377955	0.99132637
10.25000000	0.87290877	0.97991531	0.98210586	0.98628080	0.98628084	0.85662010	0.96377299	0.99134636
10.25500000	0.87286742	0.98000451	0.98226458	0.98618091	0.98618096	0.85661652	0.96376893	0.99136794
10.26000000	0.87282431	0.98009268	0.98241339	0.98608003	0.98608007	0.85660985	0.96376720	0.99139096
10.26500000	0.87277953	0.98017958	0.98255210	0.98597832	0.98597836	0.85659996	0.96376792	0.99141528
10.27000000	0.87273315	0.98026497	0.98268056	0.98587595	0.98587599	0.85658675	0.96377177	0.99144074
10.27500000	0.87268525	0.98034862	0.98279867	0.98577308	0.98577312	0.85657011	0.96377832	0.99146721
10.28000000	0.87263592	0.98043031	0.98290634	0.98566987	0.98566992	0.85654995	0.96378712	0.99149455
10.28500000	0.87258526	0.98050986	0.98300354	0.98556649	0.98556654	0.85652621	0.96379774	0.99152262
10.29000000	0.87253335	0.98058708	0.98309026	0.98546310	0.98546314	0.85649883	0.96380973	0.99155129
10.29500000	0.87248031	0.98066180	0.98316653	0.98535983	0.98535988	0.85646777	0.96382266	0.99158042
10.30000000	0.87242623	0.98073389	0.98323242	0.98525685	0.98525690	0.85643301	0.96383612	0.99160988
10.30500000	0.87237122	0.98080320	0.98328800	0.98515430	0.98515435	0.85639454	0.96384966	0.99163953
10.31000000	0.87231539	0.98086962	0.98333341	0.98505233	0.98505237	0.85635236	0.96386290	0.99166926
10.31500000	0.87225884	0.98093306	0.98336877	0.98495106	0.98495111	0.85630650	0.96387542	0.99169893
10.32000000	0.87220168	0.98099343	0.98339428	0.98485064	0.98485068	0.85625699	0.96388684	0.99172841
10.32500000	0.87214404	0.98105066	0.98341010	0.98475120	0.98475124	0.85620389	0.96389679	0.99175760
10.33000000	0.87208601	0.98110471	0.98341647	0.98465285	0.98465289	0.85614728	0.96390492	0.99178636
10.33500000	0.87202772	0.98115553	0.98341468	0.98455572	0.98455577	0.85608723	0.96391089	0.99181459
10.34000000	0.87196926	0.98120313	0.98340721	0.98445994	0.98445998	0.85602386	0.96391438	0.99184218
10.34500000	0.87191076	0.98124749	0.98339403	0.98436560	0.98436564	0.85595727	0.96391510	0.99186902
10.35000000	0.87185232	0.98128863	0.98337512	0.98427281	0.98427286	0.85588760	0.96391365	0.99189501
10.35500000	0.87179405	0.98132658	0.98335050	0.98418169	0.98418173	0.85581500	0.96391009	0.99192007
10.36000000	0.87173606	0.98136139	0.98332021	0.98409233	0.98409237	0.85573964	0.96390421	0.99194410
10.36500000	0.87167846	0.98139312	0.98328431	0.98400482	0.98400486	0.85566168	0.96389581	0.99196703
10.37000000	0.87162134	0.98142184	0.98324288	0.98391926	0.98391930	0.85558131	0.96388471	0.99198878
10.37500000	0.87156481	0.98144765	0.98319603	0.98383573	0.98383577	0.85549875	0.96387076	0.99200931
10.38000000	0.87150896	0.98147064	0.98314387	0.98375432	0.98375436	0.85541420	0.96385380	0.99202854
10.38500000	0.87145390	0.98149092	0.98308653	0.98367510	0.98367514	0.85532789	0.96383372	0.99204644
10.39000000	0.87139972	0.98150862	0.98302417	0.98359815	0.98359818	0.85524006	0.96381042	0.99206298
10.39500000	0.87134651	0.98152388	0.98295694	0.98352354	0.98352358	0.85515094	0.96378381	0.99207813
10.40000000	0.87129435	0.98153683	0.98288501	0.98345134	0.98345137	0.85506079	0.96375384	0.99209187
10.40500000	0.87124334	0.98154764	0.98280856	0.98338161	0.98338165	0.85496988	0.96372046	0.99210421
10.41000000	0.87119355	0.98155646	0.98272778	0.98331442	0.98331446	0.85487846	0.96368366	0.99211516
10.41500000	0.87114507	0.98156345	0.98264286	0.98324982	0.98324986	0.85478681	0.96364345	0.99212474
10.42000000	0.87109797	0.98156880	0.98255400	0.98318786	0.98318790	0.85469522	0.96359984	0.99213297
10.42500000	0.87105233	0.98157268	0.98246140	0.98312860	0.98312864	0.85460395	0.96355288	0.99213989
10.43000000	0.87100821	0.98157527	0.98236527	0.98307209	0.98307213	0.85451329	0.96350263	0.99214557
10.43500000	0.87096569	0.98157676	0.98226582	0.98301836	0.98301840	0.85442353	0.96344919	0.99215006
10.44000000	0.87092484	0.98157732	0.98216325	0.98296747	0.98296751	0.85433494	0.96339265	0.99215344
10.44500000	0.87088571	0.98157721	0.98205777	0.98291943	0.98291947	0.85424780	0.96333314	0.99215578
10.45000000	0.87084836	0.98157675	0.98194960	0.98287430	0.98287434	0.85416241	0.96327079	0.99215718
10.45500000	0.87081286	0.98157605	0.98183894	0.98283210	0.98283214	0.85407903	0.96320576	0.99215773
10.46000000	0.87077926	0.98157521	0.98172601	0.98279285	0.98279289	0.85399794	0.96313821	0.99215761
10.46500000	0.87074762	0.98157433	0.98161101	0.98275658	0.98275662	0.85391940	0.96306833	0.99215710
10.47000000	0.87071799	0.98157354	0.98149414	0.98272331	0.98272335	0.85384367	0.96299632	0.99215625
10.47500000	0.87069041	0.98157292	0.98137561	0.98269306	0.98269310	0.85377102	0.96292239	0.99215514
10.48000000	0.87066494	0.98157261	0.98125563	0.98266583	0.98266587	0.85370168	0.96284675	0.99215382
10.48500000	0.87064162	0.98157275	0.98113439	0.98264164	0.98264168	0.85363589	0.96276964	0.99215239
10.49000000	0.87062050	0.98157371	0.98101209	0.98262049	0.98262053	0.85357389	0.96269129	0.99215091
10.49500000	0.87060163	0.98157561	0.98088893	0.98260238	0.98260242	0.85351588	0.96261195	0.99214948
10.50000000	0.87058504	0.98157860	0.98076512	0.98258731	0.98258735	0.85346209	0.96253187	0.99214818
10.50500000	0.87057077	0.98158277	0.98064084	0.98257527	0.98257532	0.85341270	0.96245132	0.99214711
10.51000000	0.87055887	0.98158825	0.98051630	0.98256625	0.98256630	0.85336790	0.96237054	0.99214635
10.51500000	0.87054938	0.98159513	0.98039169	0.98256024	0.98256028	0.85332787	0.96228982	0.99214599
10.52000000	0.87054232	0.98160349	0.98026722	0.98255721	0.98255725	0.85329276	0.96220941	0.99214620
10.52500000	0.87053773	0.98161341	0.98014307	0.98255714	0.98255718	0.85326272	0.96212958	0.99214733
10.53000000	0.87053565	0.98162495	0.98001947	0.98256172	0.98256176	0.85323789	0.96205060	0.99214947
10.53500000	0.87053639	0.98163817	0.97989660	0.98257076	0.98257080	0.85321839	0.96197274	0.99215273
10.54000000	0.87054121	0.98165311	0.97977469	0.98258405	0.98258409	0.85320433	0.96189626	0.99215719
10.54500000	0.87055000	0.98166980	0.97965394	0.98260137	0.98260142	0.85319580	0.96182143	0.99216291
10.55000000	0.87056266	0.98168824	0.97953458	0.98262254	0.98262258	0.85319288	0.96174849	0.99216998
10.55500000	0.87057911	0.98170846	0.97941682	0.98264735	0.98264740	0.85319729	0.96167770	0.99217844
10.56000000	0.87059926	0.98173043	0.97930089	0.98267563	0.98267567	0.85321071	0.96160931	0.99218835
10.56500000	0.87062304	0.98175415	0.97918703	0.98270718	0.98270722	0.85323286	0.96154355	0.99219972
10.57000000	0.87065037	0.98177958	0.97907547	0.98274183	0.98274188	0.85326350	0.96148066	0.99221258
10.57500000	0.87068118	0.98180668	0.97896646	0.98277941	0.98277946	0.85330238	0.96142084	0.99222694
10.58000000	0.87071540	0.98183540	0.97886025	0.98281974	0.98281979	0.85334924	0.96136433	0.99224279
10.58500000	0.87075296	0.98186569	0.97875709	0.98286265	0.98286270	0.85340385	0.96131130	0.99226011
10.59000000	0.87079380	0.98189746	0.97865724	0.98290796	0.98290801	0.85346598	0.96126197	0.99227888
10.59500000	0.87083784	0.98193065	0.97856097	0.98295550	0.98295555	0.85353537	0.96121650	0.99229904
10.60000000	0.87088500	0.98196515	0.97846854	0.98300510	0.98300514	0.85361179	0.96117506	0.99232054
10.60500000	0.87093523	0.98200087	0.97838023	0.98305658	0.98305662	0.85369501	0.96113780	0.99234330
10.61000000	0.87098842	0.98203771	0.97829631	0.98310975	0.98310979	0.85378478	0.96110486	0.99236725
10.61500000	0.87104450	0.98207555	0.97821706	0.98316445	0.98316449	0.85388086	0.96107637	0.99239228
10.62000000	0.87110338	0.98211427	0.97814274	0.98322048	0.98322052	0.85398300	0.96105244	0.99241829
10.62500000	0.87116496	0.98215374	0.97807365	0.98327767	0.98327771	0.85409095	0.96103317	0.99244517
10.63000000	0.87122914	0.98219384	0.97801004	0.98333582	0.98333586	0.85420447	0.96101864	0.99247278
10.63500000	0.87129581	0.98223442	0.97795218	0.98339475	0.98339479	0.85432330	0.96100891	0.99250099
10.64000000	0.87136486	0.98227534	0.97790035	0.98345426	0.98345430	0.85444717	0.96100404	0.99252964
10.64500000	0.87143615	0.98231647	0.97785478	0.98351417	0.98351421	0.85457583	0.96100409	0.99255859
10.65000000	0.87150957	0.98235764	0.97781572	0.98357428	0.98357432	0.85470901	0.96101201	0.99258767
10.65500000	0.87158496	0.98239872	0.97778341	0.98363439	0.98363443	0.85484644	0.96102751	0.99261671
10.66000000	0.87166219	0.98243955	0.97775807	0.98369430	0.98369434	0.85498785	0.96105033	0.99264555
10.66500000	0.87174110	0.98247997	0.97773989	0.98375383	0.98375387	0.85513295	0.96108018	0.99267400
10.67000000	0.87182153	0.98251985	0.97772907	0.98381278	0.98381281	0.85528148	0.96111680	0.99270189
10.67500000	0.87190330	0.98255902	0.97772577	0.98387094	0.98387098	0.85543313	0.96115991	0.99272903
10.68000000	0.87198625	0.98259734	0.97773277	0.98392814	0.98392818	0.85558764	0.96120924	0.99275525
10.68500000	0.87207018	0.98263465	0.97775196	0.98398419	0.98398422	0.85574469	0.96126453	0.99278035
10.69000000	0.87215491	0.98267082	0.97778308	0.98403889	0.98403893	0.85590402	0.96132549	0.99280417
10.69500000	0.87224024	0.98270570	0.97782582	0.98409208	0.98409211	0.85606530	0.96139186	0.99282652
10.70000000	0.87232597	0.98273915	0.97787989	0.98414358	0.98414361	0.85622826	0.96146335	0.99284724
10.70500000	0.87241190	0.98277105	0.97794497	0.98419321	0.98419325	0.85639259	0.96153969	0.99286616
10.71000000	0.87249780	0.98280125	0.97802073	0.98424084	0.98424087	0.85655798	0.96162058	0.99288311
10.71500000	0.87258348	0.98282965	0.97810682	0.98428630	0.98428633	0.85672415	0.96170575	0.99289795
10.72000000	0.87266870	0.98285611	0.97820286	0.98432945	0.98432948	0.85689079	0.96179490	0.99291054
10.72500000	0.87275326	0.98288054	0.97830844	0.98437018	0.98437021	0.85705759	0.96188774	0.99292073
10.73000000	0.87283693	0.98290283	0.97842314	0.98440837	0.98440840	0.85722426	0.96198397	0.99292841
10.73500000	0.87291949	0.98292288	0.97854649	0.98444391	0.98444394	0.85739051	0.96208329	0.99293347
10.74000000	0.87300072	0.98294061	0.97867800	0.98447673	0.98447675	0.85755603	0.96218541	0.99293581
10.74500000	0.87308041	0.98295594	0.97881715	0.98450673	0.98450676	0.85772054	0.96229002	0.99293552
10.75000000	0.87315834	0.98296880	0.97896337	0.98453388	0.98453390	0.85788375	0.96239682	0.99293342
10.75500000	0.87323430	0.98297912	0.97911609	0.98455813	0.98455815	0.85804538	0.96250549	0.99292942
10.76000000	0.87330809	0.98298685	0.97927467	0.98457945	0.98457947	0.85820515	0.96261574	0.99292343
10.76500000	0.87337949	0.98299194	0.97943849	0.98459785	0.98459787	0.85836279	0.96272725	0.99291537
10.77000000	0.87344833	0.98299437	0.97960685	0.98461333	0.98461335	0.85851804	0.96283972	0.99290519
10.77500000	0.87351442	0.98299421	0.97977906	0.98462593	0.98462595	0.85867064	0.96295284	0.99289283
10.78000000	0.87357758	0.98299234	0.97995439	0.98463569	0.98463571	0.85882035	0.96306631	0.99287827
10.78500000	0.87363763	0.98298870	0.98013210	0.98464269	0.98464271	0.85896692	0.96317983	0.99286149
10.79000000	0.87369444	0.98298324	0.98031141	0.98464701	0.98464702	0.85911014	0.96329310	0.99284248
10.79500000	0.87374786	0.98297590	0.98049153	0.98464875	0.98464877	0.85924979	0.96340582	0.99282127
10.80000000	0.87379774	0.98296664	0.98067168	0.98464831	0.98464832	0.85938566	0.96351770	0.99279788
10.80500000	0.87384399	0.98295544	0.98085104	0.98464640	0.98464641	0.85951756	0.96362845	0.99277235
10.81000000	0.87388649	0.98294226	0.98102879	0.98464307	0.98464309	0.85964531	0.96373779	0.99274474
10.81500000	0.87392515	0.98292711	0.98120412	0.98463839	0.98463840	0.85976874	0.96384546	0.99271512
10.82000000	0.87395990	0.98290996	0.98137621	0.98463243	0.98463244	0.85988769	0.96395118	0.99268358
10.82500000	0.87399069	0.98289083	0.98154424	0.98462527	0.98462528	0.86000204	0.96405469	0.99265022
10.83000000	0.87401748	0.98286974	0.98170741	0.98461704	0.98461705	0.86011163	0.96415575	0.99261516
10.83500000	0.87404023	0.98284668	0.98186492	0.98460784	0.98460786	0.86021637	0.96425411	0.99257850
10.84000000	0.87405895	0.98282171	0.98201599	0.98459782	0.98459783	0.86031615	0.96434954	0.99254040
10.84500000	0.87407365	0.98279485	0.98215986	0.98458712	0.98458713	0.86041088	0.96444183	0.99250100
10.85000000	0.87408435	0.98276614	0.98229580	0.98457590	0.98457591	0.86050048	0.96453077	0.99246046
10.85500000	0.87409111	0.98273563	0.98242308	0.98456432	0.98456433	0.86058490	0.96461616	0.99241894
10.86000000	0.87409398	0.98270338	0.98254104	0.98455256	0.98455257	0.86066408	0.96469782	0.99237662
10.86500000	0.87409339	0.98266944	0.98264902	0.98454080	0.98454081	0.86073798	0.96477557	0.99233368
10.87000000	0.87409048	0.98263390	0.98274642	0.98452923	0.98452924	0.86080658	0.96484928	0.99229031
10.87500000	0.87408521	0.98259681	0.98283265	0.98451804	0.98451805	0.86086987	0.96491878	0.99224671
10.88000000	0.87407761	0.98255826	0.98290720	0.98450743	0.98450744	0.86092783	0.96498396	0.99220307
10.88500000	0.87406769	0.98251833	0.98296958	0.98449760	0.98449761	0.86098049	0.96504470	0.99215960
10.89000000	0.87405549	0.98247710	0.98301936	0.98448875	0.98448876	0.86102785	0.96510091	0.99211649
10.89500000	0.87404108	0.98243467	0.98305616	0.98448108	0.98448109	0.86106995	0.96515251	0.99207396
10.90000000	0.87402454	0.98239113	0.98307964	0.98447479	0.98447480	0.86110681	0.96519943	0.99203220
10.90500000	0.87400595	0.98234659	0.98308952	0.98447007	0.98447008	0.86113849	0.96524162	0.99199142
10.91000000	0.87398543	0.98230113	0.98308707	0.98446712	0.98446713	0.86116503	0.96527904	0.99195182
10.91500000	0.87396309	0.98225487	0.98307578	0.98446612	0.98446613	0.86118650	0.96531169	0.99191360
10.92000000	0.87393909	0.98220790	0.98305529	0.98446793	0.98446794	0.86120296	0.96533955	0.99187696
10.92500000	0.87391357	0.98216034	0.98302524	0.98447337	0.98447338	0.86121449	0.96536265	0.99184208
10.93000000	0.87388670	0.98211230	0.98298538	0.98448256	0.98448257	0.86122117	0.96538101	0.99180914
10.93500000	0.87385865	0.98206388	0.98293547	0.98449562	0.98449563	0.86122309	0.96539468	0.99177832
10.94000000	0.87382962	0.98201519	0.98287535	0.98451265	0.98451266	0.86122137	0.96540372	0.99174980
10.94500000	0.87379980	0.98196634	0.98280491	0.98453376	0.98453377	0.86121673	0.96540820	0.99172372
10.95000000	0.87376940	0.98191744	0.98272411	0.98455901	0.98455902	0.86120912	0.96540822	0.99170025
10.95500000	0.87373864	0.98186860	0.98263294	0.98458846	0.98458847	0.86119853	0.96540551	0.99167952
10.96000000	0.87370775	0.98181993	0.98253146	0.98462216	0.98462217	0.86118493	0.96540005	0.99166167
10.96500000	0.87367696	0.98177152	0.98241980	0.98466012	0.98466013	0.86116833	0.96539182	0.99164682
10.97000000	0.87364650	0.98172349	0.98229813	0.98470235	0.98470236	0.86114873	0.96538084	0.99163508
10.97500000	0.87361661	0.98167593	0.98216665	0.98474884	0.98474885	0.86112615	0.96536713	0.99162655
10.98000000	0.87358755	0.98162894	0.98202566	0.98479955	0.98479956	0.86110061	0.96535074	0.99162130
10.98500000	0.87355955	0.98158262	0.98187547	0.98485442	0.98485443	0.86107215	0.96533171	0.99161943
10.99000000	0.87353286	0.98153706	0.98171647	0.98491338	0.98491339	0.86104081	0.96531011	0.99162192
10.99500000	0.87350774	0.98149234	0.98154907	0.98497634	0.98497634	0.86100665	0.96528604	0.99162987
11.00000000	0.87348442	0.98144855	0.98137375	0.98504317	0.98504317	0.86096973	0.96525959	0.99164316
11.00500000	0.87346316	0.98140578	0.98119101	0.98511373	0.98511374	0.86093011	0.96523086	0.99166162
11.01000000	0.87344419	0.98136409	0.98100142	0.98518788	0.98518789	0.86088788	0.96519999	0.99168512
11.01500000	0.87342775	0.98132355	0.98080555	0.98526543	0.98526544	0.86084312	0.96516711	0.99171348
11.02000000	0.87341407	0.98128423	0.98060405	0.98534619	0.98534620	0.86079592	0.96513235	0.99174656
11.02500000	0.87340337	0.98124619	0.98039757	0.98542994	0.98542995	0.86074638	0.96509589	0.99178417
11.03000000	0.87339587	0.98120948	0.98018681	0.98551644	0.98551645	0.86069460	0.96505786	0.99182615
11.03500000	0.87339178	0.98117416	0.97997248	0.98560544	0.98560545	0.86064070	0.96501846	0.99187229
11.04000000	0.87339128	0.98114027	0.97975534	0.98569667	0.98569668	0.86058478	0.96497785	0.99192241
11.04500000	0.87339655	0.98110783	0.97953614	0.98578984	0.98578985	0.86052698	0.96493621	0.99197629
11.05000000	0.87340796	0.98107690	0.97931569	0.98588466	0.98588467	0.86046742	0.96489374	0.99203373
11.05500000	0.87342555	0.98104748	0.97909476	0.98598079	0.98598080	0.86040622	0.96485061	0.99209450
11.06000000	0.87344933	0.98101960	0.97887418	0.98607792	0.98607792	0.86034353	0.96480703	0.99215837
11.06500000	0.87347934	0.98099328	0.97865477	0.98617568	0.98617569	0.86027948	0.96476318	0.99222510
11.07000000	0.87351556	0.98096852	0.97843734	0.98627374	0.98627375	0.86021421	0.96471926	0.99229442
11.07500000	0.87355799	0.98094532	0.97822272	0.98637172	0.98637173	0.86014788	0.96467546	0.99236609
11.08000000	0.87360660	0.98092368	0.97801173	0.98646924	0.98646925	0.86008062	0.96463196	0.99243983
11.08500000	0.87366134	0.98090359	0.97780519	0.98656592	0.98656593	0.86001258	0.96458895	0.99251537
11.09000000	0.87372214	0.98088503	0.97760391	0.98666138	0.98666139	0.85994392	0.96454661	0.99259243
11.09500000	0.87378892	0.98086797	0.97740866	0.98675521	0.98675522	0.85987479	0.96450510	0.99267071
11.10000000	0.87386157	0.98085241	0.97722023	0.98684702	0.98684703	0.85980534	0.96446460	0.99274992
11.10500000	0.87393997	0.98083828	0.97703938	0.98693640	0.98693641	0.85973572	0.96442524	0.99282976
11.11000000	0.87402396	0.98082558	0.97686683	0.98702296	0.98702297	0.85966608	0.96438718	0.99290992
11.11500000	0.87411339	0.98081424	0.97670329	0.98710630	0.98710631	0.85959658	0.96435054	0.99299009
11.12000000	0.87420805	0.98080422	0.97654944	0.98718601	0.98718602	0.85952736	0.96431544	0.99306997
11.12500000	0.87430774	0.98079546	0.97640591	0.98726170	0.98726171	0.85945858	0.96428199	0.99314923
11.13000000	0.87441222	0.98078792	0.97627333	0.98733300	0.98733300	0.85939037	0.96425026	0.99322757
11.13500000	0.87452125	0.98078153	0.97615225	0.98739951	0.98739952	0.85932289	0.96422034	0.99330467
11.14000000	0.87463453	0.98077623	0.97604322	0.98746087	0.98746087	0.85925627	0.96419228	0.99338023
11.14500000	0.87475179	0.98077194	0.97594672	0.98751671	0.98751672	0.85919065	0.96416610	0.99345394
11.15000000	0.87487270	0.98076861	0.97586319	0.98756671	0.98756671	0.85912616	0.96414184	0.99352549
11.15500000	0.87499692	0.98076614	0.97579305	0.98761051	0.98761052	0.85906294	0.96411948	0.99359458
11.16000000	0.87512412	0.98076448	0.97573663	0.98764780	0.98764781	0.85900111	0.96409902	0.99366094
11.16500000	0.87525391	0.98076354	0.97569425	0.98767830	0.98767831	0.85894079	0.96408040	0.99372427
11.17000000	0.87538591	0.98076323	0.97566617	0.98770170	0.98770171	0.85888210	0.96406357	0.99378431
11.17500000	0.87551973	0.98076365	0.97565257	0.98771777	0.98771778	0.85882515	0.96404845	0.99384078
11.18000000	0.87565495	0.98076482	0.97565426	0.98772625	0.98772626	0.85877004	0.96403495	0.99389345
11.18500000	0.87579114	0.98076658	0.97567947	0.98772693	0.98772694	0.85871687	0.96402294	0.99394208
11.19000000	0.87592786	0.98076880	0.97572742	0.98772236	0.98772237	0.85866574	0.96401230	0.99398643
11.19500000	0.87606468	0.98077132	0.97579731	0.98771252	0.98771253	0.85861674	0.96400287	0.99402631
11.20000000	0.87620112	0.98077402	0.97588833	0.98769714	0.98769715	0.85856994	0.96399448	0.99406152
11.20500000	0.87633675	0.98077676	0.97599968	0.98767598	0.98767599	0.85852541	0.96398695	0.99409189
11.21000000	0.87647108	0.98077944	0.97613052	0.98764882	0.98764883	0.85848324	0.96398008	0.99411725
11.21500000	0.87660365	0.98078194	0.97628004	0.98761547	0.98761548	0.85844346	0.96397366	0.99413747
11.22000000	0.87673400	0.98078417	0.97644738	0.98757576	0.98757578	0.85840613	0.96396746	0.99415243
11.22500000	0.87686164	0.98078602	0.97663168	0.98752956	0.98752958	0.85837130	0.96396125	0.99416202
11.23000000	0.87698612	0.98078742	0.97683205	0.98747676	0.98747677	0.85833900	0.96395479	0.99416616
11.23500000	0.87710696	0.98078830	0.97704760	0.98741727	0.98741728	0.85830926	0.96394782	0.99416531
11.24000000	0.87722372	0.98078857	0.97727740	0.98735104	0.98735105	0.85828209	0.96394008	0.99416095
11.24500000	0.87733593	0.98078834	0.97752052	0.98727804	0.98727805	0.85825750	0.96393132	0.99415296
11.25000000	0.87744316	0.98078765	0.97777601	0.98719828	0.98719830	0.85823548	0.96392126	0.99414121
11.25500000	0.87754497	0.98078648	0.97804291	0.98711179	0.98711181	0.85821604	0.96390965	0.99412560
11.26000000	0.87764095	0.98078478	0.97832024	0.98701863	0.98701865	0.85819915	0.96389621	0.99410604
11.26500000	0.87773068	0.98078252	0.97860700	0.98691889	0.98691891	0.85818478	0.96388068	0.99408250
11.27000000	0.87781378	0.98077969	0.97890221	0.98681269	0.98681270	0.85817290	0.96386280	0.99405492
11.27500000	0.87788987	0.98077626	0.97920486	0.98670016	0.98670018	0.85816346	0.96384231	0.99402328
11.28000000	0.87795860	0.98077222	0.97951394	0.98658148	0.98658150	0.85815640	0.96381897	0.99398760
11.28500000	0.87801963	0.98076757	0.97982846	0.98645685	0.98645687	0.85815165	0.96379253	0.99394789
11.29000000	0.87807264	0.98076230	0.98014739	0.98632650	0.98632652	0.85814915	0.96376277	0.99390420
11.29500000	0.87811734	0.98075644	0.98046976	0.98619067	0.98619069	0.85814881	0.96372945	0.99385657
11.30000000	0.87815346	0.98074998	0.98079455	0.98604965	0.98604967	0.85815158	0.96369237	0.99380510
11.30500000	0.87818076	0.98074295	0.98112080	0.98590372	0.98590374	0.85815739	0.96365134	0.99374988
11.31000000	0.87819902	0.98073537	0.98144753	0.98575321	0.98575323	0.85816598	0.96360616	0.99369102
11.31500000	0.87820804	0.98072729	0.98177380	0.98559847	0.98559849	0.85817706	0.96355667	0.99362866
11.32000000	0.87820780	0.98071873	0.98209869	0.98543986	0.98543988	0.85819036	0.96350270	0.99356293
11.32500000	0.87820159	0.98070974	0.98242128	0.98527776	0.98527779	0.85820563	0.96344413	0.99349400
11.33000000	0.87818912	0.98070038	0.98274071	0.98511259	0.98511261	0.85822261	0.96338081	0.99342204
11.33500000	0.87817012	0.98069069	0.98305612	0.98494475	0.98494478	0.85824103	0.96331265	0.99334725
11.34000000	0.87814436	0.98068073	0.98336671	0.98477468	0.98477471	0.85826065	0.96323955	0.99326983
11.34500000	0.87811165	0.98067058	0.98367168	0.98460285	0.98460287	0.85828121	0.96316144	0.99319000
11.35000000	0.87807182	0.98066029	0.98397030	0.98442969	0.98442972	0.85830248	0.96307825	0.99310797
11.35500000	0.87802471	0.98064995	0.98426186	0.98425570	0.98425573	0.85832422	0.96298993	0.99302398
11.36000000	0.87797022	0.98063962	0.98454571	0.98408136	0.98408139	0.85834620	0.96289647	0.99293829
11.36500000	0.87790828	0.98062939	0.98482123	0.98390715	0.98390718	0.85836818	0.96279785	0.99285114
11.37000000	0.87783883	0.98061935	0.98508785	0.98373358	0.98373361	0.85838995	0.96269407	0.99276280
11.37500000	0.87776185	0.98060957	0.98534504	0.98356114	0.98356118	0.85841129	0.96258516	0.99267353
11.38000000	0.87767736	0.98060015	0.98559233	0.98339035	0.98339038	0.85843200	0.96247115	0.99258361
11.38500000	0.87758539	0.98059116	0.98582930	0.98322170	0.98322174	0.85845188	0.96235209	0.99249331
11.39000000	0.87748602	0.98058272	0.98605556	0.98305571	0.98305575	0.85847072	0.96222804	0.99240292
11.39500000	0.87737934	0.98057489	0.98627081	0.98289287	0.98289291	0.85848836	0.96209908	0.99231271
11.40000000	0.87726549	0.98056778	0.98647475	0.98273369	0.98273373	0.85850461	0.96196532	0.99222297
11.40500000	0.87714461	0.98056148	0.98666718	0.98257866	0.98257870	0.85851932	0.96182684	0.99213398
11.41000000	0.87701689	0.98055607	0.98684791	0.98242826	0.98242830	0.85853232	0.96168377	0.99204602
11.41500000	0.87688254	0.98055164	0.98701683	0.98228297	0.98228301	0.85854346	0.96153624	0.99195938
11.42000000	0.87674179	0.98054828	0.98717387	0.98214325	0.98214329	0.85855263	0.96138439	0.99187433
11.42500000	0.87659491	0.98054608	0.98731900	0.98200954	0.98200959	0.85855969	0.96122837	0.99179114
11.43000000	0.87644216	0.98054511	0.98745224	0.98188230	0.98188234	0.85856454	0.96106835	0.99171009
11.43500000	0.87628387	0.98054567	0.98757365	0.98176193	0.98176198	0.85856706	0.96090450	0.99163142
11.44000000	0.87612036	0.98054843	0.98768336	0.98164884	0.98164889	0.85856719	0.96073699	0.99155539
11.44500000	0.87595198	0.98055343	0.98778150	0.98154341	0.98154346	0.85856572	0.96056602	0.99148226
11.45000000	0.87577909	0.98056070	0.98786826	0.98144600	0.98144605	0.85856261	0.96039179	0.99141225
11.45500000	0.87560209	0.98057026	0.98794388	0.98135695	0.98135700	0.85855777	0.96021450	0.99134559
11.46000000	0.87542138	0.98058214	0.98800861	0.98127658	0.98127663	0.85855112	0.96003436	0.99128249
11.46500000	0.87523738	0.98059635	0.98806272	0.98120518	0.98120523	0.85854260	0.95985160	0.99122316
11.47000000	0.87505053	0.98061292	0.98810655	0.98114302	0.98114307	0.85853216	0.95966644	0.99116779
11.47500000	0.87486127	0.98063183	0.98814043	0.98109033	0.98109038	0.85851975	0.95947911	0.99111655
11.48000000	0.87467008	0.98065311	0.98816471	0.98104732	0.98104738	0.85850533	0.95928985	0.99106961
11.48500000	0.87447741	0.98067674	0.98817978	0.98101418	0.98101424	0.85848890	0.95909888	0.99102711
11.49000000	0.87428377	0.98070270	0.98818602	0.98099107	0.98099113	0.85847043	0.95890646	0.99098919
11.49500000	0.87408963	0.98073100	0.98818466	0.98097810	0.98097816	0.85844994	0.95871283	0.99095597
11.50000000	0.87389550	0.98076159	0.98817824	0.98097538	0.98097544	0.85842743	0.95851823	0.99092754
11.50500000	0.87370188	0.98079445	0.98816684	0.98098750	0.98098756	0.85840293	0.95832292	0.99090399
11.51000000	0.87350928	0.98082955	0.98815055	0.98101570	0.98101576	0.85837647	0.95812714	0.99088538
11.51500000	0.87331821	0.98086684	0.98812949	0.98105941	0.98105947	0.85834811	0.95793113	0.99087177
11.52000000	0.87312919	0.98090627	0.98810378	0.98111806	0.98111812	0.85831790	0.95773516	0.99086318
11.52500000	0.87294272	0.98094778	0.98807358	0.98119108	0.98119114	0.85828591	0.95753946	0.99085963
11.53000000	0.87275932	0.98099133	0.98803903	0.98127791	0.98127797	0.85825222	0.95734428	0.99086199
11.53500000	0.87257950	0.98103683	0.98800029	0.98137798	0.98137804	0.85821692	0.95714987	0.99087228
11.54000000	0.87240376	0.98108422	0.98795753	0.98149072	0.98149078	0.85818010	0.95695645	0.99089013
11.54500000	0.87223260	0.98113342	0.98791091	0.98161554	0.98161560	0.85814189	0.95676428	0.99091519
11.55000000	0.87206652	0.98118435	0.98786059	0.98175186	0.98175193	0.85810238	0.95657357	0.99094711
11.55500000	0.87190600	0.98123693	0.98780673	0.98189908	0.98189914	0.85806171	0.95638456	0.99098552
11.56000000	0.87175152	0.98129106	0.98774948	0.98205658	0.98205665	0.85802000	0.95619745	0.99103007
11.56500000	0.87160355	0.98134666	0.98768900	0.98222375	0.98222381	0.85797740	0.95601247	0.99108039
11.57000000	0.87146253	0.98140362	0.98762540	0.98239994	0.98240000	0.85793404	0.95582982	0.99113613
11.57500000	0.87132890	0.98146184	0.98755882	0.98258451	0.98258457	0.85789007	0.95564970	0.99119690
11.58000000	0.87120310	0.98152122	0.98748938	0.98277680	0.98277686	0.85784564	0.95547229	0.99126234
11.58500000	0.87108554	0.98158166	0.98741715	0.98297615	0.98297621	0.85780089	0.95529777	0.99133206
11.59000000	0.87097660	0.98164305	0.98734224	0.98318187	0.98318193	0.85775599	0.95512632	0.99140568
11.59500000	0.87087668	0.98170528	0.98726470	0.98339326	0.98339332	0.85771108	0.95495808	0.99148282
11.60000000	0.87078611	0.98176823	0.98718459	0.98360964	0.98360970	0.85766632	0.95479321	0.99156308
11.60500000	0.87070525	0.98183180	0.98710195	0.98383030	0.98383036	0.85762185	0.95463185	0.99164606
11.61000000	0.87063441	0.98189587	0.98701678	0.98405452	0.98405458	0.85757783	0.95447411	0.99173138
11.61500000	0.87057388	0.98196033	0.98692909	0.98428159	0.98428165	0.85753438	0.95432011	0.99181862
11.62000000	0.87052394	0.98202505	0.98683887	0.98451079	0.98451085	0.85749165	0.95416994	0.99190739
11.62500000	0.87048484	0.98208992	0.98674608	0.98474140	0.98474145	0.85744977	0.95402370	0.99199729
11.63000000	0.87045681	0.98215483	0.98665069	0.98497270	0.98497275	0.85740886	0.95388146	0.99208792
11.63500000	0.87044004	0.98221966	0.98655262	0.98520397	0.98520402	0.85736902	0.95374327	0.99217890
11.64000000	0.87043471	0.98228429	0.98645182	0.98543450	0.98543455	0.85733036	0.95360917	0.99226983
11.64500000	0.87044472	0.98234860	0.98634819	0.98566358	0.98566364	0.85729297	0.95347921	0.99236033
11.65000000	0.87047308	0.98241247	0.98624163	0.98589053	0.98589058	0.85725692	0.95335339	0.99245002
11.65500000	0.87051930	0.98247580	0.98613205	0.98611465	0.98611471	0.85722230	0.95323172	0.99253855
11.66000000	0.87058285	0.98253845	0.98601934	0.98633528	0.98633533	0.85718914	0.95311419	0.99262554
11.66500000	0.87066327	0.98260033	0.98590337	0.98655177	0.98655181	0.85715750	0.95300077	0.99271066
11.67000000	0.87076007	0.98266130	0.98578402	0.98676346	0.98676351	0.85712739	0.95289143	0.99279358
11.67500000	0.87087278	0.98272126	0.98566118	0.98696975	0.98696980	0.85709883	0.95278611	0.99287398
11.68000000	0.87100092	0.98278010	0.98553472	0.98717005	0.98717010	0.85707183	0.95268476	0.99295155
11.68500000	0.87114400	0.98283770	0.98540452	0.98736378	0.98736383	0.85704635	0.95258728	0.99302602
11.69000000	0.87130156	0.98289395	0.98527047	0.98755041	0.98755046	0.85702238	0.95249360	0.99309713
11.69500000	0.87147309	0.98294875	0.98513244	0.98772941	0.98772946	0.85699986	0.95240362	0.99316461
11.70000000	0.87165811	0.98300199	0.98499035	0.98790031	0.98790036	0.85697875	0.95231722	0.99322826
11.70500000	0.87185609	0.98305357	0.98484410	0.98806266	0.98806270	0.85695897	0.95223428	0.99328786
11.71000000	0.87206653	0.98310338	0.98469361	0.98821603	0.98821607	0.85694045	0.95215468	0.99334322
11.71500000	0.87228888	0.98315133	0.98453881	0.98836005	0.98836009	0.85692308	0.95207827	0.99339420
11.72000000	0.87252260	0.98319732	0.98437966	0.98849436	0.98849440	0.85690677	0.95200491	0.99344066
11.72500000	0.87276714	0.98324126	0.98421611	0.98861867	0.98861871	0.85689139	0.95193444	0.99348247
11.73000000	0.87302193	0.98328307	0.98404816	0.98873271	0.98873275	0.85687684	0.95186671	0.99351954
11.73500000	0.87328638	0.98332265	0.98387581	0.98883625	0.98883629	0.85686297	0.95180155	0.99355182
11.74000000	0.87355992	0.98335993	0.98369909	0.98892909	0.98892913	0.85684965	0.95173879	0.99357925
11.74500000	0.87384192	0.98339483	0.98351804	0.98901110	0.98901114	0.85683675	0.95167826	0.99360182
11.75000000	0.87413179	0.98342727	0.98333273	0.98908218	0.98908221	0.85682412	0.95161978	0.99361952
11.75500000	0.87442890	0.98345720	0.98314327	0.98914225	0.98914228	0.85681161	0.95156318	0.99363237
11.76000000	0.87473262	0.98348454	0.98294976	0.98919129	0.98919133	0.85679907	0.95150829	0.99364043
11.76500000	0.87504232	0.98350925	0.98275237	0.98922933	0.98922936	0.85678636	0.95145493	0.99364375
11.77000000	0.87535736	0.98353127	0.98255124	0.98925642	0.98925646	0.85677333	0.95140293	0.99364292
11.77500000	0.87567711	0.98355055	0.98234659	0.98927267	0.98927270	0.85675985	0.95135211	0.99363921
11.78000000	0.87600092	0.98356705	0.98213862	0.98927821	0.98927824	0.85674577	0.95130231	0.99363259
11.78500000	0.87632815	0.98358074	0.98192758	0.98927509	0.98927512	0.85673096	0.95125336	0.99362306
11.79000000	0.87665817	0.98359159	0.98171373	0.98926541	0.98926544	0.85671531	0.95120512	0.99361061
11.79500000	0.87699034	0.98359958	0.98149736	0.98924908	0.98924911	0.85669869	0.95115742	0.99359528
11.80000000	0.87732404	0.98360469	0.98127879	0.98922607	0.98922610	0.85668100	0.95111013	0.99357710
11.80500000	0.87765867	0.98360691	0.98105833	0.98919638	0.98919641	0.85666215	0.95106310	0.99355612
11.81000000	0.87799361	0.98360650	0.98083634	0.98916006	0.98916009	0.85664205	0.95101621	0.99353242
11.81500000	0.87832829	0.98360426	0.98061319	0.98911717	0.98911720	0.85662063	0.95096933	0.99350606
11.82000000	0.87866213	0.98360013	0.98038926	0.98906784	0.98906787	0.85659784	0.95092235	0.99347715
11.82500000	0.87899458	0.98359407	0.98016493	0.98901221	0.98901224	0.85657363	0.95087517	0.99344577
11.83000000	0.87932511	0.98358603	0.97994063	0.98895045	0.98895048	0.85654798	0.95082768	0.99341204
11.83500000	0.87965321	0.98357596	0.97971677	0.98888277	0.98888280	0.85652086	0.95077982	0.99337607
11.84000000	0.87997841	0.98356385	0.97949377	0.98880941	0.98880944	0.85649230	0.95073149	0.99333797
11.84500000	0.88030025	0.98354967	0.97927208	0.98873063	0.98873066	0.85646230	0.95068263	0.99329788
11.85000000	0.88061831	0.98353340	0.97905213	0.98864669	0.98864672	0.85643089	0.95063319	0.99325591
11.85500000	0.88093220	0.98351503	0.97883436	0.98855792	0.98855795	0.85639814	0.95058311	0.99321220
11.86000000	0.88124157	0.98349458	0.97861920	0.98846461	0.98846464	0.85636410	0.95053237	0.99316687
11.86500000	0.88154608	0.98347203	0.97840711	0.98836712	0.98836715	0.85632886	0.95048091	0.99312005
11.87000000	0.88184546	0.98344741	0.97819850	0.98826579	0.98826582	0.85629252	0.95042873	0.99307188
11.87500000	0.88213946	0.98342073	0.97799381	0.98816098	0.98816101	0.85625518	0.95037582	0.99302246
11.88000000	0.88242787	0.98339201	0.97779345	0.98805307	0.98805310	0.85621699	0.95032215	0.99297192
11.88500000	0.88271053	0.98336130	0.97759784	0.98794243	0.98794246	0.85617806	0.95026775	0.99292039
11.89000000	0.88298731	0.98332861	0.97740736	0.98782946	0.98782949	0.85613857	0.95021260	0.99286797
11.89500000	0.88325813	0.98329400	0.97722239	0.98771453	0.98771456	0.85609868	0.95015674	0.99281477
11.90000000	0.88352296	0.98325752	0.97704330	0.98759805	0.98759808	0.85605856	0.95010018	0.99276089
11.90500000	0.88378180	0.98321920	0.97687043	0.98748039	0.98748042	0.85601841	0.95004294	0.99270643
11.91000000	0.88403469	0.98317911	0.97670410	0.98736196	0.98736198	0.85597841	0.94998506	0.99265148
11.91500000	0.88428174	0.98313732	0.97654461	0.98724312	0.98724315	0.85593878	0.94992658	0.99259611
11.92000000	0.88452307	0.98309387	0.97639225	0.98712427	0.98712430	0.85589973	0.94986753	0.99254041
11.92500000	0.88475885	0.98304886	0.97624726	0.98700577	0.98700580	0.85586147	0.94980797	0.99248444
11.93000000	0.88498932	0.98300233	0.97610987	0.98688799	0.98688801	0.85582424	0.94974793	0.99242825
11.93500000	0.88521473	0.98295438	0.97598029	0.98677127	0.98677130	0.85578824	0.94968747	0.99237191
11.94000000	0.88543539	0.98290508	0.97585869	0.98665596	0.98665599	0.85575372	0.94962664	0.99231546
11.94500000	0.88565162	0.98285452	0.97574521	0.98654239	0.98654242	0.85572090	0.94956551	0.99225894
11.95000000	0.88586382	0.98280277	0.97563997	0.98643087	0.98643090	0.85569001	0.94950412	0.99220238
11.95500000	0.88607239	0.98274994	0.97554305	0.98632171	0.98632173	0.85566127	0.94944256	0.99214581
11.96000000	0.88627777	0.98269610	0.97545451	0.98621517	0.98621520	0.85563491	0.94938087	0.99208924
11.96500000	0.88648046	0.98264135	0.97537438	0.98611155	0.98611157	0.85561114	0.94931912	0.99203269
11.97000000	0.88668096	0.98258579	0.97530265	0.98601108	0.98601110	0.85559017	0.94925740	0.99197617
11.97500000	0.88687980	0.98252951	0.97523930	0.98591399	0.98591402	0.85557222	0.94919576	0.99191967
11.98000000	0.88707755	0.98247261	0.97518424	0.98582051	0.98582053	0.85555747	0.94913428	0.99186320
11.98500000	0.88727481	0.98241518	0.97513740	0.98573082	0.98573085	0.85554611	0.94907305	0.99180676
11.99000000	0.88747217	0.98235733	0.97509865	0.98564512	0.98564514	0.85553832	0.94901213	0.99175032
11.99500000	0.88767027	0.98229916	0.97506785	0.98556355	0.98556357	0.85553426	0.94895162	0.99169388
12.00000000	0.88786976	0.98224076	0.97504481	0.98548625	0.98548627	0.85553410	0.94889160	0.99163742
12.00500000	0.88807128	0.98218224	0.97502934	0.98541335	0.98541337	0.85554028	0.94883216	0.99158092
12.01000000	0.88827552	0.98212369	0.97502121	0.98534494	0.98534497	0.85555288	0.94877339	0.99152436
12.01500000	0.88848315	0.98206521	0.97502018	0.98528113	0.98528115	0.85557186	0.94871539	0.99146772
12.02000000	0.88869484	0.98200691	0.97502943	0.98522195	0.98522198	0.85559716	0.94865826	0.99141097
12.02500000	0.88891130	0.98194887	0.97504879	0.98516748	0.98516750	0.85562872	0.94860210	0.99135410
12.03000000	0.88913321	0.98189120	0.97507739	0.98511773	0.98511775	0.85566647	0.94854703	0.99129706
12.03500000	0.88936126	0.98183398	0.97511441	0.98507272	0.98507274	0.85571033	0.94849315	0.99123986
12.04000000	0.88959612	0.98177730	0.97515905	0.98503245	0.98503247	0.85576021	0.94844058	0.99118245
12.04500000	0.88983847	0.98172127	0.97521052	0.98499691	0.98499693	0.85581599	0.94838945	0.99112482
12.05000000	0.89008897	0.98166595	0.97526808	0.98496605	0.98496607	0.85587757	0.94833988	0.99106695
12.05500000	0.89034828	0.98161143	0.97533098	0.98493983	0.98493985	0.85594482	0.94829199	0.99100881
12.06000000	0.89061704	0.98155780	0.97539852	0.98491819	0.98491821	0.85601759	0.94824592	0.99095040
12.06500000	0.89089585	0.98150512	0.97547001	0.98490106	0.98490108	0.85609573	0.94820181	0.99089170
12.07000000	0.89118532	0.98145347	0.97554478	0.98488835	0.98488837	0.85617908	0.94815980	0.99083269
12.07500000	0.89148603	0.98140293	0.97562218	0.98487997	0.98487999	0.85626746	0.94812002	0.99077337
12.08000000	0.89179852	0.98135354	0.97570160	0.98487581	0.98487583	0.85636070	0.94808263	0.99071374
12.08500000	0.89212332	0.98130537	0.97578243	0.98487575	0.98487577	0.85645859	0.94804777	0.99065378
12.09000000	0.89246093	0.98125848	0.97586410	0.98488204	0.98488205	0.85656095	0.94801559	0.99059350
12.09500000	0.89281179	0.98121292	0.97594606	0.98489425	0.98489426	0.85666755	0.94798623	0.99053289
12.10000000	0.89317635	0.98116873	0.97602778	0.98491195	0.98491197	0.85677819	0.94795986	0.99047198
12.10500000	0.89355500	0.98112595	0.97610878	0.98493475	0.98493476	0.85689265	0.94793661	0.99041077
12.11000000	0.89394808	0.98108461	0.97618856	0.98496224	0.98496226	0.85701070	0.94791664	0.99034926
12.11500000	0.89435591	0.98104475	0.97626670	0.98499406	0.98499407	0.85713212	0.94790009	0.99028748
12.12000000	0.89477875	0.98100639	0.97634277	0.98502984	0.98502986	0.85725668	0.94788711	0.99022545
12.12500000	0.89521684	0.98096955	0.97641638	0.98506925	0.98506927	0.85738417	0.94787783	0.99016318
12.13000000	0.89567036	0.98093425	0.97648716	0.98511196	0.98511197	0.85751434	0.94787240	0.99010070
12.13500000	0.89613944	0.98090049	0.97655479	0.98515765	0.98515767	0.85764698	0.94787094	0.99003805
12.14000000	0.89662415	0.98086827	0.97661896	0.98520603	0.98520605	0.85778186	0.94787516	0.98997524
12.14500000	0.89712455	0.98083760	0.97667939	0.98525681	0.98525683	0.85791878	0.94788596	0.98991232
12.15000000	0.89764060	0.98080847	0.97673584	0.98530972	0.98530974	0.85805752	0.94790330	0.98984931
12.15500000	0.89817224	0.98078087	0.97678809	0.98536450	0.98536452	0.85819789	0.94792711	0.98978625
12.16000000	0.89871935	0.98075478	0.97683593	0.98542090	0.98542091	0.85833968	0.94795735	0.98972318
12.16500000	0.89928174	0.98073019	0.97687922	0.98547867	0.98547869	0.85848271	0.94799395	0.98966014
12.17000000	0.89985920	0.98070706	0.97691781	0.98553761	0.98553763	0.85862680	0.94803686	0.98959717
12.17500000	0.90045143	0.98068537	0.97695160	0.98559748	0.98559750	0.85877179	0.94808602	0.98953430
12.18000000	0.90105809	0.98066509	0.97698050	0.98565809	0.98565811	0.85891753	0.94814136	0.98947159
12.18500000	0.90167880	0.98064617	0.97700445	0.98571925	0.98571927	0.85906387	0.94820282	0.98940906
12.19000000	0.90231310	0.98062859	0.97702341	0.98578077	0.98578079	0.85921069	0.94827030	0.98934676
12.19500000	0.90296049	0.98061229	0.97703739	0.98584248	0.98584250	0.85935787	0.94834373	0.98928474
12.20000000	0.90362043	0.98059723	0.97704638	0.98590422	0.98590424	0.85950530	0.94842299	0.98922302
12.20500000	0.90429231	0.98058336	0.97705043	0.98596582	0.98596585	0.85965290	0.94850798	0.98916166
12.21000000	0.90497547	0.98057064	0.97704989	0.98602716	0.98602718	0.85980060	0.94859859	0.98910068
12.21500000	0.90566923	0.98055900	0.97704632	0.98608809	0.98608811	0.85994834	0.94869467	0.98904012
12.22000000	0.90637284	0.98054839	0.97703966	0.98614848	0.98614851	0.86009607	0.94879608	0.98898001
12.22500000	0.90708552	0.98053875	0.97702986	0.98620822	0.98620825	0.86024376	0.94890268	0.98892040
12.23000000	0.90780643	0.98053002	0.97701691	0.98626720	0.98626723	0.86039140	0.94901430	0.98886129
12.23500000	0.90853473	0.98052216	0.97700081	0.98632531	0.98632534	0.86053898	0.94913077	0.98880274
12.24000000	0.90926950	0.98051508	0.97698155	0.98638246	0.98638249	0.86068653	0.94925190	0.98874475
12.24500000	0.91000984	0.98050874	0.97695918	0.98643856	0.98643859	0.86083408	0.94937750	0.98868735
12.25000000	0.91075479	0.98050307	0.97693372	0.98649353	0.98649356	0.86098165	0.94950737	0.98863056
12.25500000	0.91150337	0.98049801	0.97690522	0.98654729	0.98654733	0.86112932	0.94964130	0.98857440
12.26000000	0.91225459	0.98049349	0.97687375	0.98659979	0.98659982	0.86127715	0.94977909	0.98851888
12.26500000	0.91300744	0.98048946	0.97683938	0.98665096	0.98665099	0.86142522	0.94992051	0.98846402
12.27000000	0.91376091	0.98048585	0.97680217	0.98670075	0.98670078	0.86157363	0.95006534	0.98840982
12.27500000	0.91451398	0.98048261	0.97676221	0.98674910	0.98674914	0.86172248	0.95021335	0.98835629
12.28000000	0.91526561	0.98047966	0.97671959	0.98679599	0.98679603	0.86187188	0.95036432	0.98830345
12.28500000	0.91601478	0.98047696	0.97667439	0.98684138	0.98684142	0.86202197	0.95051803	0.98825129
12.29000000	0.91676049	0.98047445	0.97662672	0.98688524	0.98688528	0.86217287	0.95067424	0.98819982
12.29500000	0.91750172	0.98047206	0.97657666	0.98692754	0.98692758	0.86232473	0.95083274	0.98814903
12.30000000	0.91823750	0.98046975	0.97652431	0.98696828	0.98696832	0.86247770	0.95099331	0.98809894
12.30500000	0.91896685	0.98046745	0.97646976	0.98700745	0.98700749	0.86263192	0.95115573	0.98804953
12.31000000	0.91968884	0.98046512	0.97641311	0.98704504	0.98704508	0.86278758	0.95131980	0.98800082
12.31500000	0.92040255	0.98046270	0.97635444	0.98708105	0.98708109	0.86294482	0.95148534	0.98795280
12.32000000	0.92110711	0.98046015	0.97629384	0.98711551	0.98711555	0.86310381	0.95165214	0.98790548
12.32500000	0.92180167	0.98045741	0.97623139	0.98714842	0.98714846	0.86326473	0.95182003	0.98785885
12.33000000	0.92248544	0.98045445	0.97616716	0.98717982	0.98717986	0.86342773	0.95198887	0.98781292
12.33500000	0.92315765	0.98045121	0.97610123	0.98720972	0.98720976	0.86359300	0.95215848	0.98776769
12.34000000	0.92381760	0.98044766	0.97603366	0.98723818	0.98723822	0.86376070	0.95232876	0.98772318
12.34500000	0.92446462	0.98044375	0.97596449	0.98726523	0.98726528	0.86393099	0.95249956	0.98767940
12.35000000	0.92509811	0.98043945	0.97589379	0.98729094	0.98729098	0.86410403	0.95267081	0.98763635
12.35500000	0.92571751	0.98043472	0.97582158	0.98731535	0.98731539	0.86427997	0.95284241	0.98759406
12.36000000	0.92632233	0.98042953	0.97574791	0.98733854	0.98733858	0.86445897	0.95301431	0.98755255
12.36500000	0.92691213	0.98042385	0.97567280	0.98736058	0.98736062	0.86464117	0.95318645	0.98751184
12.37000000	0.92748653	0.98041765	0.97559626	0.98738155	0.98738159	0.86482670	0.95335882	0.98747196
12.37500000	0.92804521	0.98041091	0.97551830	0.98740154	0.98740159	0.86501568	0.95353140	0.98743294
12.38000000	0.92858792	0.98040359	0.97543892	0.98742066	0.98742070	0.86520824	0.95370422	0.98739482
12.38500000	0.92911446	0.98039569	0.97535811	0.98743900	0.98743905	0.86540448	0.95387730	0.98735764
12.39000000	0.92962471	0.98038718	0.97527586	0.98745668	0.98745673	0.86560449	0.95405070	0.98732145
12.39500000	0.93011859	0.98037804	0.97519214	0.98747382	0.98747386	0.86580837	0.95422449	0.98728630
12.40000000	0.93059611	0.98036827	0.97510692	0.98749054	0.98749058	0.86601618	0.95439876	0.98725225
12.40500000	0.93105731	0.98035787	0.97502018	0.98750698	0.98750702	0.86622800	0.95457362	0.98721934
12.41000000	0.93150232	0.98034681	0.97493185	0.98752328	0.98752332	0.86644387	0.95474919	0.98718766
12.41500000	0.93193130	0.98033511	0.97484191	0.98753959	0.98753963	0.86666385	0.95492562	0.98715727
12.42000000	0.93234451	0.98032276	0.97475030	0.98755606	0.98755610	0.86688796	0.95510305	0.98712824
12.42500000	0.93274223	0.98030978	0.97465696	0.98757285	0.98757289	0.86711625	0.95528167	0.98710065
12.43000000	0.93312481	0.98029616	0.97456184	0.98759013	0.98759017	0.86734872	0.95546164	0.98707458
12.43500000	0.93349265	0.98028193	0.97446488	0.98760808	0.98760812	0.86758540	0.95564316	0.98705012
12.44000000	0.93384621	0.98026711	0.97436602	0.98762686	0.98762690	0.86782630	0.95582643	0.98702736
12.44500000	0.93418598	0.98025171	0.97426521	0.98764667	0.98764671	0.86807143	0.95601165	0.98700639
12.45000000	0.93451250	0.98023577	0.97416239	0.98766770	0.98766774	0.86832080	0.95619903	0.98698730
12.45500000	0.93482638	0.98021931	0.97405750	0.98769012	0.98769016	0.86857441	0.95638879	0.98697020
12.46000000	0.93512823	0.98020239	0.97395051	0.98771415	0.98771419	0.86883229	0.95658115	0.98695518
12.46500000	0.93541873	0.98018503	0.97384136	0.98773997	0.98774001	0.86909445	0.95677631	0.98694234
12.47000000	0.93569856	0.98016729	0.97373001	0.98776779	0.98776783	0.86936092	0.95697450	0.98693181
12.47500000	0.93596848	0.98014923	0.97361644	0.98779781	0.98779785	0.86963174	0.95717592	0.98692367
12.48000000	0.93622922	0.98013089	0.97350063	0.98783024	0.98783028	0.86990698	0.95738078	0.98691804
12.48500000	0.93648157	0.98011235	0.97338256	0.98786529	0.98786533	0.87018669	0.95758927	0.98691502
12.49000000	0.93672633	0.98009368	0.97326223	0.98790315	0.98790319	0.87047097	0.95780159	0.98691474
12.49500000	0.93696431	0.98007495	0.97313965	0.98794403	0.98794407	0.87075995	0.95801789	0.98691882
12.50000000	0.93719634	0.98005624	0.97301485	0.98798814	0.98798817	0.87105374	0.95823836	0.98692747
12.50500000	0.93742327	0.98003765	0.97288786	0.98803567	0.98803571	0.87135254	0.95846314	0.98694069
12.51000000	0.93764592	0.98001926	0.97275873	0.98808683	0.98808687	0.87165653	0.95869236	0.98695851
12.51500000	0.93786514	0.98000117	0.97262753	0.98814181	0.98814185	0.87196596	0.95892615	0.98698097
12.52000000	0.93808177	0.97998349	0.97249434	0.98820080	0.98820084	0.87228109	0.95916461	0.98700808
12.52500000	0.93829664	0.97996632	0.97235927	0.98826399	0.98826402	0.87260224	0.95940782	0.98703990
12.53000000	0.93851058	0.97994979	0.97222243	0.98833154	0.98833158	0.87292977	0.95965586	0.98707647
12.53500000	0.93872440	0.97993400	0.97208395	0.98840365	0.98840368	0.87326406	0.95990876	0.98711783
12.54000000	0.93893888	0.97991909	0.97194399	0.98848045	0.98848049	0.87360556	0.96016656	0.98716402
12.54500000	0.93915481	0.97990517	0.97180272	0.98856212	0.98856216	0.87395478	0.96042926	0.98721508
12.55000000	0.93937293	0.97989239	0.97166033	0.98864879	0.98864883	0.87431223	0.96069687	0.98727106
12.55500000	0.93959397	0.97988088	0.97151703	0.98874060	0.98874064	0.87467852	0.96096935	0.98733200
12.56000000	0.93981863	0.97987078	0.97137304	0.98883767	0.98883771	0.87505429	0.96124667	0.98739793
12.56500000	0.94004758	0.97986222	0.97122862	0.98894010	0.98894014	0.87544023	0.96152874	0.98746888
12.57000000	0.94028144	0.97985536	0.97108403	0.98904799	0.98904803	0.87583708	0.96181550	0.98754488
12.57500000	0.94052083	0.97985035	0.97093954	0.98916142	0.98916146	0.87624564	0.96210686	0.98762594
12.58000000	0.94076629	0.97984732	0.97079546	0.98928045	0.98928049	0.87666675	0.96240268	0.98771207
12.58500000	0.94101835	0.97984642	0.97065211	0.98940514	0.98940518	0.87710130	0.96270287	0.98780328
12.59000000	0.94127750	0.97984866	0.97050981	0.98953551	0.98953555	0.87755024	0.96300727	0.98789957
12.59500000	0.94154419	0.97985472	0.97036893	0.98967158	0.98967161	0.87801454	0.96331573	0.98800091
12.60000000	0.94181880	0.97986469	0.97022981	0.98981333	0.98981337	0.87849525	0.96362810	0.98810728
12.60500000	0.94210170	0.97987869	0.97009284	0.98996076	0.98996079	0.87899342	0.96394420	0.98821865
12.61000000	0.94239321	0.97989682	0.96995840	0.99011381	0.99011385	0.87951015	0.96426387	0.98833497
12.61500000	0.94269359	0.97991920	0.96982689	0.99027243	0.99027246	0.88004660	0.96458692	0.98845618
12.62000000	0.94300308	0.97994592	0.96969874	0.99043652	0.99043655	0.88060393	0.96491316	0.98858221
12.62500000	0.94332186	0.97997709	0.96957434	0.99060599	0.99060602	0.88118333	0.96524240	0.98871298
12.63000000	0.94365007	0.98001281	0.96945415	0.99078071	0.99078074	0.88178601	0.96557446	0.98884839
12.63500000	0.94398782	0.98005319	0.96933857	0.99096054	0.99096057	0.88241320	0.96590915	0.98898834
12.64000000	0.94433514	0.98009832	0.96922806	0.99114531	0.99114534	0.88306615	0.96624628	0.98913270
12.64500000	0.94469207	0.98014828	0.96912306	0.99133484	0.99133487	0.88374609	0.96658566	0.98928134
12.65000000	0.94505858	0.98020316	0.96902401	0.99152892	0.99152895	0.88445427	0.96692712	0.98943412
12.65500000	0.94543459	0.98026303	0.96893136	0.99172732	0.99172735	0.88519192	0.96727049	0.98959088
12.66000000	0.94582001	0.98032796	0.96884553	0.99192980	0.99192983	0.88596025	0.96761560	0.98975145
12.66500000	0.94621468	0.98039801	0.96876699	0.99213609	0.99213612	0.88676048	0.96796229	0.98991564
12.67000000	0.94661843	0.98047321	0.96869615	0.99234592	0.99234595	0.88759376	0.96831043	0.99008327
12.67500000	0.94703103	0.98055362	0.96863345	0.99255898	0.99255900	0.88846124	0.96865988	0.99025412
12.68000000	0.94745223	0.98063924	0.96857930	0.99277495	0.99277498	0.88936400	0.96901051	0.99042799
12.68500000	0.94788173	0.98073011	0.96853411	0.99299351	0.99299354	0.89030310	0.96936222	0.99060464
12.69000000	0.94831921	0.98082621	0.96849829	0.99321431	0.99321433	0.89127952	0.96971492	0.99078385
12.69500000	0.94876431	0.98092753	0.96847220	0.99343699	0.99343701	0.89229418	0.97006852	0.99096536
12.70000000	0.94921662	0.98103406	0.96845623	0.99366117	0.99366119	0.89334795	0.97042297	0.99114893
12.70500000	0.94967574	0.98114575	0.96845073	0.99388648	0.99388650	0.89444159	0.97077822	0.99133430
12.71000000	0.95014118	0.98126255	0.96845919	0.99411252	0.99411254	0.89557580	0.97113422	0.99152119
12.71500000	0.95061246	0.98138439	0.96848510	0.99433890	0.99433892	0.89675117	0.97149098	0.99170935
12.72000000	0.95108906	0.98151119	0.96852829	0.99456520	0.99456522	0.89796822	0.97184849	0.99189848
12.72500000	0.95157042	0.98164286	0.96858861	0.99479102	0.99479104	0.89922733	0.97220676	0.99208832
12.73000000	0.95205595	0.98177928	0.96866589	0.99501594	0.99501596	0.90052878	0.97256583	0.99227857
12.73500000	0.95254504	0.98192032	0.96875996	0.99523955	0.99523956	0.90187275	0.97292574	0.99246895
12.74000000	0.95303702	0.98206584	0.96887067	0.99546142	0.99546144	0.90325927	0.97328656	0.99265916
12.74500000	0.95353124	0.98221569	0.96899783	0.99568115	0.99568116	0.90468826	0.97364837	0.99284892
12.75000000	0.95402697	0.98236968	0.96914125	0.99589831	0.99589833	0.90615951	0.97401125	0.99303793
12.75500000	0.95452348	0.98252764	0.96930072	0.99611250	0.99611252	0.90767265	0.97437530	0.99322590
12.76000000	0.95502000	0.98268936	0.96947601	0.99632332	0.99632333	0.90922718	0.97474064	0.99341254
12.76500000	0.95551574	0.98285462	0.96966686	0.99653036	0.99653037	0.91082247	0.97510739	0.99359756
12.77000000	0.95600988	0.98302319	0.96987299	0.99673324	0.99673325	0.91245773	0.97547568	0.99378067
12.77500000	0.95650156	0.98319483	0.97009410	0.99693158	0.99693158	0.91413202	0.97584564	0.99396158
12.78000000	0.95698991	0.98336927	0.97032985	0.99712500	0.99712501	0.91584424	0.97621743	0.99414002
12.78500000	0.95747404	0.98354625	0.97057988	0.99731315	0.99731316	0.91759317	0.97659117	0.99431570
12.79000000	0.95795304	0.98372547	0.97084378	0.99749569	0.99749570	0.91937740	0.97696704	0.99448835
12.79500000	0.95842595	0.98390665	0.97112115	0.99767228	0.99767229	0.92119539	0.97734516	0.99465770
12.80000000	0.95889183	0.98408949	0.97141151	0.99784262	0.99784262	0.92304546	0.97772569	0.99482349
12.80500000	0.95934971	0.98427365	0.97171437	0.99800639	0.99800640	0.92492577	0.97810876	0.99498545
12.81000000	0.95979860	0.98445883	0.97202923	0.99816332	0.99816333	0.92683433	0.97849453	0.99514335
12.81500000	0.96023751	0.98464468	0.97235552	0.99831314	0.99831314	0.92876902	0.97888311	0.99529692
12.82000000	0.96066544	0.98483087	0.97269267	0.99845560	0.99845560	0.93072758	0.97927463	0.99544593
12.82500000	0.96108140	0.98501705	0.97304007	0.99859047	0.99859047	0.93270763	0.97966919	0.99559014
12.83000000	0.96148438	0.98520289	0.97339708	0.99871753	0.99871754	0.93470666	0.98006689	0.99572934
12.83500000	0.96187339	0.98538801	0.97376303	0.99883661	0.99883661	0.93672203	0.98046781	0.99586331
12.84000000	0.96224745	0.98557207	0.97413724	0.99894752	0.99894752	0.93875100	0.98087202	0.99599183
12.84500000	0.96260558	0.98575472	0.97451899	0.99905011	0.99905011	0.94079072	0.98127955	0.99611472
12.85000000	0.96294683	0.98593559	0.97490755	0.99914425	0.99914425	0.94283826	0.98169043	0.99623177
12.85500000	0.96327027	0.98611435	0.97530217	0.99922982	0.99922983	0.94489059	0.98210466	0.99634281
12.86000000	0.96357499	0.98629063	0.97570207	0.99930674	0.99930674	0.94694461	0.98252222	0.99644767
12.86500000	0.96386011	0.98646409	0.97610647	0.99937493	0.99937493	0.94899714	0.98294306	0.99654618
12.87000000	0.96412481	0.98663441	0.97651456	0.99943434	0.99943434	0.95104496	0.98336711	0.99663821
12.87500000	0.96436829	0.98680124	0.97692553	0.99948494	0.99948494	0.95308479	0.98379427	0.99672360
12.88000000	0.96458978	0.98696427	0.97733856	0.99952671	0.99952671	0.95511333	0.98422440	0.99680223
12.88500000	0.96478858	0.98712319	0.97775282	0.99955966	0.99955967	0.95712724	0.98465735	0.99687399
12.89000000	0.96496404	0.98727769	0.97816748	0.99958383	0.99958383	0.95912317	0.98509291	0.99693878
12.89500000	0.96511555	0.98742749	0.97858170	0.99959926	0.99959926	0.96109776	0.98553088	0.99699650
12.90000000	0.96524258	0.98757232	0.97899464	0.99960601	0.99960601	0.96304767	0.98597099	0.99704708
12.90500000	0.96534465	0.98771192	0.97940548	0.99960487	0.99960487	0.96496958	0.98641295	0.99709045
12.91000000	0.96542133	0.98784604	0.97981339	0.99959838	0.99959838	0.96686019	0.98685645	0.99712658
12.91500000	0.96547228	0.98797447	0.98021755	0.99958643	0.99958642	0.96871623	0.98730112	0.99715542
12.92000000	0.96549721	0.98809699	0.98061714	0.99956892	0.99956891	0.97053450	0.98774659	0.99717695
12.92500000	0.96549640	0.98821342	0.98101136	0.99954578	0.99954578	0.97231186	0.98819243	0.99719118
12.93000000	0.96547907	0.98832358	0.98139944	0.99951698	0.99951698	0.97404522	0.98863819	0.99719811
12.93500000	0.96544457	0.98842732	0.98178060	0.99948250	0.99948250	0.97573159	0.98908338	0.99719790
12.94000000	0.96539231	0.98852451	0.98215408	0.99944234	0.99944234	0.97736807	0.98952749	0.99719317
12.94500000	0.96532178	0.98861504	0.98251916	0.99939654	0.99939653	0.97895183	0.98996996	0.99718378
12.95000000	0.96523257	0.98869882	0.98287511	0.99934513	0.99934512	0.98048019	0.99041022	0.99716962
12.95500000	0.96512434	0.98877576	0.98322126	0.99928819	0.99928819	0.98195056	0.99084766	0.99715062
12.96000000	0.96499681	0.98884583	0.98355693	0.99922582	0.99922582	0.98336045	0.99128165	0.99712669
12.96500000	0.96484978	0.98890898	0.98388150	0.99915812	0.99915812	0.98470755	0.99171153	0.99709781
12.97000000	0.96468315	0.98896520	0.98419433	0.99908523	0.99908522	0.98598965	0.99213661	0.99706394
12.97500000	0.96449686	0.98901449	0.98449487	0.99900729	0.99900728	0.98720469	0.99255618	0.99702508
12.98000000	0.96429092	0.98905687	0.98478255	0.99892446	0.99892446	0.98835076	0.99296953	0.99698125
12.98500000	0.96406543	0.98909237	0.98505685	0.99883694	0.99883693	0.98942610	0.99337590	0.99693247
12.99000000	0.96382053	0.98912106	0.98531729	0.99874490	0.99874490	0.99042911	0.99377454	0.99687882
12.99500000	0.96355642	0.98914300	0.98556341	0.99864857	0.99864857	0.99135835	0.99416467	0.99682035
13.00000000	0.96327338	0.98915827	0.98579479	0.99854817	0.99854816	0.99221254	0.99454551	0.99675717
13.00500000	0.96297173	0.98916697	0.98601106	0.99844393	0.99844392	0.99299057	0.99491627	0.99668936
13.01000000	0.96265183	0.98916921	0.98621186	0.99833610	0.99833609	0.99369152	0.99527614	0.99661707
13.01500000	0.96231411	0.98916664	0.98639688	0.99822494	0.99822493	0.99431460	0.99562433	0.99654043
13.02000000	0.96195904	0.98916009	0.98656585	0.99811071	0.99811070	0.99485923	0.99596005	0.99645959
13.02500000	0.96158713	0.98914951	0.98671855	0.99799368	0.99799367	0.99532499	0.99628251	0.99637471
13.03000000	0.96119891	0.98913486	0.98685476	0.99787415	0.99787414	0.99571163	0.99659091	0.99628598
13.03500000	0.96079497	0.98911612	0.98697434	0.99775239	0.99775238	0.99601909	0.99688449	0.99619359
13.04000000	0.96037592	0.98909328	0.98707717	0.99762869	0.99762868	0.99624745	0.99716250	0.99609775
13.04500000	0.95994240	0.98906636	0.98716316	0.99750336	0.99750335	0.99639700	0.99742419	0.99599865
13.05000000	0.95949507	0.98903537	0.98723228	0.99737667	0.99737666	0.99646817	0.99766886	0.99589652
13.05500000	0.95903463	0.98900035	0.98728453	0.99724894	0.99724893	0.99646405	0.99789580	0.99579160
13.06000000	0.95856175	0.98896133	0.98731995	0.99712046	0.99712044	0.99641164	0.99810437	0.99568410
13.06500000	0.95807717	0.98891836	0.98733860	0.99699151	0.99699150	0.99630974	0.99829393	0.99557428
13.07000000	0.95758161	0.98887151	0.98734060	0.99686239	0.99686238	0.99615736	0.99846390	0.99546238
13.07500000	0.95707579	0.98882084	0.98733154	0.99673339	0.99673338	0.99595374	0.99861373	0.99534864
13.08000000	0.95656045	0.98876643	0.98731194	0.99660478	0.99660477	0.99569833	0.99874290	0.99523331
13.08500000	0.95603633	0.98870834	0.98728159	0.99647685	0.99647683	0.99539078	0.99885097	0.99511663
13.09000000	0.95550415	0.98864666	0.98724030	0.99634984	0.99634983	0.99503096	0.99893752	0.99499886
13.09500000	0.95496465	0.98858147	0.98718795	0.99622403	0.99622402	0.99461890	0.99900219	0.99488025
13.10000000	0.95441854	0.98851287	0.98712446	0.99609965	0.99609964	0.99415485	0.99904467	0.99476103
13.10500000	0.95386653	0.98844095	0.98704980	0.99597695	0.99597694	0.99363918	0.99906473	0.99464145
13.11000000	0.95330930	0.98836580	0.98696396	0.99585613	0.99585612	0.99307248	0.99906313	0.99452173
13.11500000	0.95274754	0.98828751	0.98686700	0.99573742	0.99573741	0.99245544	0.99904726	0.99440212
13.12000000	0.95218190	0.98820618	0.98675901	0.99562101	0.99562099	0.99178894	0.99901655	0.99428283
13.12500000	0.95161303	0.98812190	0.98664010	0.99550707	0.99550705	0.99107396	0.99897051	0.99416408
13.13000000	0.95104152	0.98803478	0.98651043	0.99539576	0.99539575	0.99031162	0.99890871	0.99404607
13.13500000	0.95046797	0.98794491	0.98637019	0.99528725	0.99528724	0.98950317	0.99883080	0.99392900
13.14000000	0.94989295	0.98785239	0.98621962	0.99518165	0.99518164	0.98864994	0.99873651	0.99381307
13.14500000	0.94931699	0.98775730	0.98605895	0.99507909	0.99507907	0.98775337	0.99862563	0.99369843
13.15000000	0.94874060	0.98765975	0.98588847	0.99497965	0.99497963	0.98681499	0.99849802	0.99358527
13.15500000	0.94816426	0.98755983	0.98570849	0.99488341	0.99488340	0.98583640	0.99835364	0.99347373
13.16000000	0.94758841	0.98745764	0.98551933	0.99479044	0.99479043	0.98481928	0.99819249	0.99336396
13.16500000	0.94701348	0.98735325	0.98532134	0.99470077	0.99470076	0.98376534	0.99801464	0.99325609
13.17000000	0.94643985	0.98724677	0.98511491	0.99461443	0.99461442	0.98267638	0.99782026	0.99315023
13.17500000	0.94586787	0.98713829	0.98490041	0.99453142	0.99453141	0.98155422	0.99760956	0.99304648
13.18000000	0.94529788	0.98702788	0.98467826	0.99445173	0.99445172	0.98040069	0.99738283	0.99294495
13.18500000	0.94473016	0.98691565	0.98444886	0.99437532	0.99437532	0.97921768	0.99714041	0.99284570
13.19000000	0.94416498	0.98680167	0.98421266	0.99430216	0.99430215	0.97800708	0.99688272	0.99274880
13.19500000	0.94360256	0.98668603	0.98397010	0.99423217	0.99423216	0.97677078	0.99661023	0.99265429
13.20000000	0.94304313	0.98656882	0.98372163	0.99416528	0.99416527	0.97551068	0.99632347	0.99256223
13.20500000	0.94248684	0.98645012	0.98346771	0.99410138	0.99410137	0.97422867	0.99602303	0.99247264
13.21000000	0.94193384	0.98633002	0.98320880	0.99404036	0.99404036	0.97292661	0.99570955	0.99238552
13.21500000	0.94138427	0.98620860	0.98294538	0.99398211	0.99398210	0.97160635	0.99538372	0.99230087
13.22000000	0.94083820	0.98608594	0.98267790	0.99392648	0.99392647	0.97026972	0.99504628	0.99221870
13.22500000	0.94029572	0.98596214	0.98240685	0.99387332	0.99387331	0.96891851	0.99469801	0.99213898
13.23000000	0.93975687	0.98583727	0.98213270	0.99382247	0.99382247	0.96755447	0.99433972	0.99206167
13.23500000	0.93922167	0.98571143	0.98185592	0.99377376	0.99377376	0.96617930	0.99397228	0.99198673
13.24000000	0.93869014	0.98558471	0.98157696	0.99372702	0.99372702	0.96479467	0.99359657	0.99191411
13.24500000	0.93816227	0.98545719	0.98129631	0.99368206	0.99368206	0.96340218	0.99321352	0.99184376
13.25000000	0.93763801	0.98532896	0.98101440	0.99363868	0.99363868	0.96200339	0.99282408	0.99177560
13.25500000	0.93711733	0.98520013	0.98073169	0.99359669	0.99359669	0.96059980	0.99242920	0.99170957
13.26000000	0.93660018	0.98507079	0.98044862	0.99355589	0.99355589	0.95919285	0.99202987	0.99164557
13.26500000	0.93608647	0.98494104	0.98016563	0.99351608	0.99351608	0.95778391	0.99162709	0.99158353
13.27000000	0.93557612	0.98481098	0.97988313	0.99347706	0.99347706	0.95637430	0.99122187	0.99152336
13.27500000	0.93506906	0.98468073	0.97960154	0.99343862	0.99343862	0.95496528	0.99081523	0.99146497
13.28000000	0.93456517	0.98455039	0.97932126	0.99340056	0.99340057	0.95355803	0.99040817	0.99140825
13.28500000	0.93406435	0.98442007	0.97904268	0.99336270	0.99336271	0.95215366	0.99000171	0.99135312
13.29000000	0.93356648	0.98428991	0.97876616	0.99332484	0.99332484	0.95075326	0.98959686	0.99129948
13.29500000	0.93307147	0.98416001	0.97849209	0.99328680	0.99328680	0.94935780	0.98919461	0.99124723
13.30000000	0.93257918	0.98403051	0.97822079	0.99324839	0.99324840	0.94796823	0.98879596	0.99119629
13.30500000	0.93208951	0.98390154	0.97795261	0.99320946	0.99320946	0.94658541	0.98840186	0.99114655
13.31000000	0.93160233	0.98377324	0.97768786	0.99316984	0.99316984	0.94521017	0.98801326	0.99109794
13.31500000	0.93111753	0.98364575	0.97742685	0.99312939	0.99312939	0.94384325	0.98763109	0.99105037
13.32000000	0.93063500	0.98351923	0.97716986	0.99308797	0.99308797	0.94248536	0.98725624	0.99100377
13.32500000	0.93015463	0.98339381	0.97691715	0.99304546	0.99304546	0.94113714	0.98688958	0.99095806
13.33000000	0.92967631	0.98326967	0.97666899	0.99300175	0.99300175	0.93979919	0.98653194	0.99091317
13.33500000	0.92919996	0.98314696	0.97642561	0.99295675	0.99295675	0.93847205	0.98618411	0.99086907
13.34000000	0.92872547	0.98302585	0.97618722	0.99291037	0.99291038	0.93715623	0.98584685	0.99082568
13.34500000	0.92825278	0.98290652	0.97595403	0.99286256	0.99286257	0.93585218	0.98552089	0.99078299
13.35000000	0.92778180	0.98278914	0.97572622	0.99281327	0.99281328	0.93456031	0.98520688	0.99074094
13.35500000	0.92731248	0.98267389	0.97550395	0.99276247	0.99276248	0.93328100	0.98490547	0.99069954
13.36000000	0.92684477	0.98256097	0.97528738	0.99271014	0.99271015	0.93201460	0.98461723	0.99065876
13.36500000	0.92637862	0.98245056	0.97507663	0.99265629	0.99265630	0.93076141	0.98434269	0.99061861
13.37000000	0.92591400	0.98234286	0.97487181	0.99260094	0.99260095	0.92952172	0.98408234	0.99057909
13.37500000	0.92545091	0.98223806	0.97467302	0.99254413	0.99254414	0.92829578	0.98383660	0.99054023
13.38000000	0.92498935	0.98213637	0.97448034	0.99248590	0.99248591	0.92708381	0.98360585	0.99050207
13.38500000	0.92452931	0.98203799	0.97429383	0.99242634	0.99242635	0.92588602	0.98339041	0.99046463
13.39000000	0.92407084	0.98194312	0.97411352	0.99236552	0.99236552	0.92470261	0.98319055	0.99042797
13.39500000	0.92361397	0.98185197	0.97393943	0.99230354	0.99230355	0.92353373	0.98300647	0.99039216
13.40000000	0.92315876	0.98176475	0.97377159	0.99224053	0.99224054	0.92237954	0.98283834	0.99035727
13.40500000	0.92270527	0.98168167	0.97360998	0.99217661	0.99217662	0.92124018	0.98268624	0.99032337
13.41000000	0.92225360	0.98160293	0.97345456	0.99211192	0.99211193	0.92011578	0.98255022	0.99029056
13.41500000	0.92180384	0.98152873	0.97330531	0.99204662	0.99204663	0.91900646	0.98243027	0.99025893
13.42000000	0.92135610	0.98145928	0.97316216	0.99198087	0.99198089	0.91791232	0.98232632	0.99022858
13.42500000	0.92091051	0.98139478	0.97302504	0.99191486	0.99191487	0.91683348	0.98223824	0.99019964
13.43000000	0.92046721	0.98133543	0.97289387	0.99184876	0.99184877	0.91577002	0.98216584	0.99017220
13.43500000	0.92002635	0.98128142	0.97276853	0.99178277	0.99178278	0.91472204	0.98210891	0.99014640
13.44000000	0.91958810	0.98123294	0.97264893	0.99171709	0.99171710	0.91368963	0.98206714	0.99012235
13.44500000	0.91915263	0.98119016	0.97253493	0.99165192	0.99165193	0.91267287	0.98204021	0.99010019
13.45000000	0.91872013	0.98115326	0.97242640	0.99158747	0.99158748	0.91167184	0.98202772	0.99008005
13.45500000	0.91829079	0.98112240	0.97232317	0.99152395	0.99152397	0.91068661	0.98203017	0.99006205
13.46000000	0.91786482	0.98109775	0.97222510	0.99146159	0.99146161	0.90971727	0.98205418	0.99004634
13.46500000	0.91744242	0.98107944	0.97213201	0.99140059	0.99140061	0.90876388	0.98209810	0.99003303
13.47000000	0.91702382	0.98106761	0.97204371	0.99134117	0.99134119	0.90782651	0.98216035	0.99002226
13.47500000	0.91660922	0.98106238	0.97196002	0.99128353	0.99128355	0.90690522	0.98223938	0.99001416
13.48000000	0.91619886	0.98106476	0.97188075	0.99122790	0.99122792	0.90600008	0.98233365	0.99000885
13.48500000	0.91579295	0.98107794	0.97180568	0.99117447	0.99117450	0.90511115	0.98244169	0.99000645
13.49000000	0.91539172	0.98110166	0.97173462	0.99112345	0.99112347	0.90423846	0.98256205	0.99000744
13.49500000	0.91499539	0.98113566	0.97166733	0.99107503	0.99107505	0.90338207	0.98269329	0.99001340
13.50000000	0.91460418	0.98117969	0.97160361	0.99102940	0.99102942	0.90254202	0.98283403	0.99002432
13.50500000	0.91421830	0.98123348	0.97154324	0.99098673	0.99098675	0.90171833	0.98298290	0.99004016
13.51000000	0.91383796	0.98129681	0.97148598	0.99094719	0.99094722	0.90091102	0.98313856	0.99006092
13.51500000	0.91346336	0.98136940	0.97143161	0.99091095	0.99091098	0.90012010	0.98329969	0.99008656
13.52000000	0.91309469	0.98145100	0.97137990	0.99087815	0.99087818	0.89934557	0.98346503	0.99011706
13.52500000	0.91273213	0.98154135	0.97133063	0.99084894	0.99084897	0.89858742	0.98363331	0.99015238
13.53000000	0.91237585	0.98164016	0.97128357	0.99082344	0.99082347	0.89784562	0.98380331	0.99019249
13.53500000	0.91202598	0.98174715	0.97123850	0.99080176	0.99080179	0.89712012	0.98397385	0.99023733
13.54000000	0.91168269	0.98186202	0.97119519	0.99078400	0.99078403	0.89641086	0.98414378	0.99028687
13.54500000	0.91134607	0.98198444	0.97115343	0.99077025	0.99077028	0.89571777	0.98431196	0.99034103
13.55000000	0.91101625	0.98211408	0.97111300	0.99076059	0.99076062	0.89504076	0.98447732	0.99039974
13.55500000	0.91069330	0.98225060	0.97107370	0.99075507	0.99075511	0.89437970	0.98463881	0.99046294
13.56000000	0.91037728	0.98239363	0.97103532	0.99075375	0.99075378	0.89373447	0.98479543	0.99053052
13.56500000	0.91006826	0.98254279	0.97099767	0.99075837	0.99075841	0.89310491	0.98494620	0.99060240
13.57000000	0.90976623	0.98269767	0.97096057	0.99076960	0.99076964	0.89249084	0.98509021	0.99067847
13.57500000	0.90947122	0.98285785	0.97092382	0.99078720	0.99078723	0.89189207	0.98522656	0.99075862
13.58000000	0.90918320	0.98302292	0.97088727	0.99081092	0.99081096	0.89130837	0.98535443	0.99084273
13.58500000	0.90890213	0.98319240	0.97085076	0.99084053	0.99084057	0.89073950	0.98547302	0.99093066
13.59000000	0.90862793	0.98336583	0.97081413	0.99087580	0.99087584	0.89018519	0.98558158	0.99102228
13.59500000	0.90836053	0.98354274	0.97077724	0.99091647	0.99091651	0.88964516	0.98567940	0.99111744
13.60000000	0.90809981	0.98372263	0.97073997	0.99096229	0.99096233	0.88911909	0.98576584	0.99121600
13.60500000	0.90784563	0.98390497	0.97070220	0.99101301	0.99101306	0.88860665	0.98584028	0.99131779
13.61000000	0.90759784	0.98408926	0.97066382	0.99106837	0.99106841	0.88810747	0.98590217	0.99142264
13.61500000	0.90735626	0.98427496	0.97062475	0.99112809	0.99112814	0.88762120	0.98595100	0.99153039
13.62000000	0.90712068	0.98446153	0.97058490	0.99119191	0.99119195	0.88714743	0.98598628	0.99164086
13.62500000	0.90689089	0.98464842	0.97054422	0.99125953	0.99125958	0.88668574	0.98600762	0.99175385
13.63000000	0.90666662	0.98483507	0.97050263	0.99133068	0.99133073	0.88623570	0.98601463	0.99186920
13.63500000	0.90644763	0.98502094	0.97046011	0.99140506	0.99140511	0.88579688	0.98600986	0.99198670
13.64000000	0.90623362	0.98520545	0.97041663	0.99148238	0.99148242	0.88536880	0.98599557	0.99210615
13.64500000	0.90602429	0.98538806	0.97037217	0.99156232	0.99156237	0.88495098	0.98597130	0.99222736
13.65000000	0.90581933	0.98556821	0.97032673	0.99164457	0.99164463	0.88454296	0.98593659	0.99235013
13.65500000	0.90561838	0.98574535	0.97028032	0.99172884	0.99172889	0.88414423	0.98589105	0.99247426
13.66000000	0.90542111	0.98591893	0.97023297	0.99181480	0.99181485	0.88375430	0.98583433	0.99259953
13.66500000	0.90522713	0.98608843	0.97018471	0.99190214	0.99190219	0.88337266	0.98576611	0.99272573
13.67000000	0.90503608	0.98625332	0.97013559	0.99199053	0.99199058	0.88299881	0.98568612	0.99285267
13.67500000	0.90484756	0.98641308	0.97008567	0.99207966	0.99207971	0.88263224	0.98559413	0.99298013
13.68000000	0.90466116	0.98656724	0.97003502	0.99216922	0.99216927	0.88227247	0.98548996	0.99310789
13.68500000	0.90447648	0.98671532	0.96998372	0.99225888	0.99225893	0.88191898	0.98537345	0.99323576
13.69000000	0.90429309	0.98685686	0.96993185	0.99234834	0.99234839	0.88157131	0.98524449	0.99336352
13.69500000	0.90411058	0.98699143	0.96987953	0.99243728	0.99243734	0.88122896	0.98510301	0.99349097
13.70000000	0.90392850	0.98711862	0.96982685	0.99252542	0.99252547	0.88089149	0.98494897	0.99361790
13.70500000	0.90374643	0.98723806	0.96977393	0.99261244	0.99261250	0.88055845	0.98478236	0.99374412
13.71000000	0.90356392	0.98734939	0.96972090	0.99269807	0.99269813	0.88022941	0.98460321	0.99386942
13.71500000	0.90338055	0.98745228	0.96966788	0.99278203	0.99278208	0.87990397	0.98441160	0.99399360
13.72000000	0.90319587	0.98754644	0.96961500	0.99286404	0.99286409	0.87958173	0.98420761	0.99411648
13.72500000	0.90300945	0.98763160	0.96956240	0.99294384	0.99294390	0.87926234	0.98399137	0.99423788
13.73000000	0.90282086	0.98770754	0.96951023	0.99302120	0.99302126	0.87894547	0.98376303	0.99435759
13.73500000	0.90262968	0.98777405	0.96945862	0.99309588	0.99309594	0.87863081	0.98352278	0.99447546
13.74000000	0.90243548	0.98783097	0.96940773	0.99316766	0.99316772	0.87831807	0.98327082	0.99459131
13.74500000	0.90223786	0.98787816	0.96935770	0.99323633	0.99323638	0.87800703	0.98300739	0.99470497
13.75000000	0.90203641	0.98791555	0.96930868	0.99330170	0.99330176	0.87769745	0.98273275	0.99481628
13.75500000	0.90183075	0.98794305	0.96926081	0.99336360	0.99336365	0.87738915	0.98244716	0.99492510
13.76000000	0.90162049	0.98796064	0.96921423	0.99342186	0.99342192	0.87708199	0.98215094	0.99503127
13.76500000	0.90140527	0.98796834	0.96916910	0.99347635	0.99347640	0.87677584	0.98184440	0.99513466
13.77000000	0.90118474	0.98796698	0.96912555	0.99352693	0.99352698	0.87647063	0.98152787	0.99523514
13.77500000	0.90095856	0.98795946	0.96908372	0.99357349	0.99357355	0.87616629	0.98120170	0.99533257
13.78000000	0.90072641	0.98794562	0.96904373	0.99361595	0.99361600	0.87586281	0.98086627	0.99542685
13.78500000	0.90048800	0.98792532	0.96900572	0.99365422	0.99365427	0.87556020	0.98052196	0.99551786
13.79000000	0.90024304	0.98789848	0.96896981	0.99368824	0.99368829	0.87525850	0.98016916	0.99560549
13.79500000	0.89999127	0.98786504	0.96893610	0.99371796	0.99371802	0.87495780	0.97980829	0.99568967
13.80000000	0.89973246	0.98782499	0.96890471	0.99374337	0.99374342	0.87465819	0.97943974	0.99577028
13.80500000	0.89946638	0.98777834	0.96887574	0.99376444	0.99376449	0.87435980	0.97906397	0.99584726
13.81000000	0.89919284	0.98772511	0.96884928	0.99378117	0.99378123	0.87406279	0.97868139	0.99592053
13.81500000	0.89891167	0.98766539	0.96882542	0.99379359	0.99379364	0.87376735	0.97829247	0.99599002
13.82000000	0.89862273	0.98759927	0.96880424	0.99380172	0.99380177	0.87347367	0.97789764	0.99605567
13.82500000	0.89832589	0.98752687	0.96878580	0.99380560	0.99380566	0.87318199	0.97749738	0.99611742
13.83000000	0.89802106	0.98744834	0.96877017	0.99380541	0.99380546	0.87289255	0.97709215	0.99617522
13.83500000	0.89770817	0.98736386	0.96875740	0.99380263	0.99380269	0.87260560	0.97668242	0.99622904
13.84000000	0.89738719	0.98727361	0.96874754	0.99379723	0.99379728	0.87232142	0.97626867	0.99627882
13.84500000	0.89705809	0.98717781	0.96874062	0.99378916	0.99378921	0.87204031	0.97585139	0.99632454
13.85000000	0.89672090	0.98707669	0.96873668	0.99377841	0.99377846	0.87176254	0.97543105	0.99636617
13.85500000	0.89637566	0.98697050	0.96873572	0.99376497	0.99376502	0.87148844	0.97500817	0.99640368
13.86000000	0.89602243	0.98685950	0.96873899	0.99374885	0.99374890	0.87121830	0.97458323	0.99643706
13.86500000	0.89566132	0.98674396	0.96874695	0.99373006	0.99373011	0.87095244	0.97415673	0.99646628
13.87000000	0.89529245	0.98662418	0.96875942	0.99370863	0.99370868	0.87069116	0.97372919	0.99649135
13.87500000	0.89491598	0.98650046	0.96877623	0.99368459	0.99368465	0.87043478	0.97330111	0.99651225
13.88000000	0.89453209	0.98637309	0.96879722	0.99365800	0.99365806	0.87018360	0.97287300	0.99652898
13.88500000	0.89414099	0.98624240	0.96882221	0.99362891	0.99362896	0.86993791	0.97244539	0.99654153
13.89000000	0.89374291	0.98610870	0.96885105	0.99359737	0.99359743	0.86969801	0.97201878	0.99654992
13.89500000	0.89333811	0.98597233	0.96888359	0.99356347	0.99356352	0.86946416	0.97159369	0.99655415
13.90000000	0.89292689	0.98583359	0.96891965	0.99352726	0.99352731	0.86923665	0.97117066	0.99655423
13.90500000	0.89250955	0.98569283	0.96895909	0.99348883	0.99348888	0.86901571	0.97075021	0.99655169
13.91000000	0.89208642	0.98555036	0.96900173	0.99344826	0.99344831	0.86880158	0.97033284	0.99654649
13.91500000	0.89165788	0.98540652	0.96904744	0.99340565	0.99340570	0.86859448	0.96991910	0.99653855
13.92000000	0.89122429	0.98526162	0.96909604	0.99336108	0.99336113	0.86839461	0.96950951	0.99652779
13.92500000	0.89078605	0.98511599	0.96914739	0.99331464	0.99331469	0.86820213	0.96910457	0.99651416
13.93000000	0.89034359	0.98496994	0.96920131	0.99326644	0.99326649	0.86801722	0.96870482	0.99649761
13.93500000	0.88989734	0.98482377	0.96925765	0.99321658	0.99321663	0.86784001	0.96831075	0.99647809
13.94000000	0.88944775	0.98467778	0.96931624	0.99316514	0.99316519	0.86767059	0.96792289	0.99645556
13.94500000	0.88899529	0.98453227	0.96937692	0.99311224	0.99311229	0.86750907	0.96754173	0.99643001
13.95000000	0.88854045	0.98438751	0.96943953	0.99305797	0.99305802	0.86735551	0.96716775	0.99640139
13.95500000	0.88808371	0.98424378	0.96950389	0.99300243	0.99300248	0.86720995	0.96680145	0.99636972
13.96000000	0.88762558	0.98410134	0.96956984	0.99294573	0.99294578	0.86707240	0.96644329	0.99633496
13.96500000	0.88716658	0.98396042	0.96963720	0.99288796	0.99288801	0.86694286	0.96609373	0.99629714
13.97000000	0.88670721	0.98382128	0.96970579	0.99282922	0.99282927	0.86682129	0.96575320	0.99625625
13.97500000	0.88624802	0.98368413	0.96977543	0.99276960	0.99276965	0.86670764	0.96542214	0.99621231
13.98000000	0.88578951	0.98354918	0.96984595	0.99270920	0.99270925	0.86660184	0.96510094	0.99616534
13.98500000	0.88533224	0.98341663	0.96991716	0.99264811	0.99264816	0.86650377	0.96478999	0.99611537
13.99000000	0.88487671	0.98328665	0.96998886	0.99258642	0.99258647	0.86641333	0.96448965	0.99606243
13.99500000	0.88442347	0.98315942	0.97006087	0.99252421	0.99252426	0.86633036	0.96420026	0.99600657
14.00000000	0.88397305	0.98303507	0.97013299	0.99246156	0.99246161	0.86625471	0.96392211	0.99594784
14.00500000	0.88352595	0.98291376	0.97020502	0.99239856	0.99239861	0.86618619	0.96365551	0.99588628
14.01000000	0.88308270	0.98279559	0.97027676	0.99233527	0.99233532	0.86612462	0.96340068	0.99582196
14.01500000	0.88264380	0.98268068	0.97034799	0.99227177	0.99227181	0.86606978	0.96315786	0.99575494
14.02000000	0.88220975	0.98256911	0.97041852	0.99220811	0.99220816	0.86602144	0.96292722	0.99568529
14.02500000	0.88178103	0.98246096	0.97048813	0.99214437	0.99214441	0.86597937	0.96270892	0.99561309
14.03000000	0.88135813	0.98235629	0.97055660	0.99208059	0.99208064	0.86594332	0.96250307	0.99553841
14.03500000	0.88094149	0.98225514	0.97062372	0.99201683	0.99201688	0.86591302	0.96230973	0.99546135
14.04000000	0.88053156	0.98215754	0.97068926	0.99195313	0.99195318	0.86588822	0.96212895	0.99538199
14.04500000	0.88012878	0.98206351	0.97075300	0.99188954	0.99188958	0.86586863	0.96196073	0.99530043
14.05000000	0.87973354	0.98197305	0.97081472	0.99182608	0.99182613	0.86585398	0.96180501	0.99521676
14.05500000	0.87934625	0.98188615	0.97087420	0.99176279	0.99176284	0.86584399	0.96166172	0.99513109
14.06000000	0.87896728	0.98180279	0.97093120	0.99169969	0.99169973	0.86583837	0.96153074	0.99504351
14.06500000	0.87859697	0.98172293	0.97098551	0.99163679	0.99163684	0.86583685	0.96141189	0.99495414
14.07000000	0.87823566	0.98164653	0.97103690	0.99157412	0.99157417	0.86584050	0.96130497	0.99486308
14.07500000	0.87788366	0.98157352	0.97108514	0.99151167	0.99151172	0.86584966	0.96120974	0.99477044
14.08000000	0.87754125	0.98150383	0.97113002	0.99144945	0.99144949	0.86586369	0.96112591	0.99467633
14.08500000	0.87720869	0.98143740	0.97117133	0.99138744	0.99138749	0.86588199	0.96105316	0.99458088
14.09000000	0.87688623	0.98137413	0.97120885	0.99132565	0.99132569	0.86590402	0.96099114	0.99448419
14.09500000	0.87657408	0.98131392	0.97124237	0.99126405	0.99126409	0.86592925	0.96093944	0.99438638
14.10000000	0.87627242	0.98125668	0.97127169	0.99120262	0.99120267	0.86595721	0.96089765	0.99428757
14.10500000	0.87598144	0.98120230	0.97129663	0.99114134	0.99114139	0.86598747	0.96086529	0.99418787
14.11000000	0.87570126	0.98115066	0.97131699	0.99108017	0.99108022	0.86601962	0.96084190	0.99408740
14.11500000	0.87543200	0.98110164	0.97133260	0.99101909	0.99101914	0.86605329	0.96082694	0.99398627
14.12000000	0.87517377	0.98105512	0.97134330	0.99095804	0.99095809	0.86608816	0.96081989	0.99388461
14.12500000	0.87492662	0.98101097	0.97134892	0.99089700	0.99089704	0.86612390	0.96082034	0.99378252
14.13000000	0.87469060	0.98096907	0.97134934	0.99083590	0.99083595	0.86616024	0.96083160	0.99368011
14.13500000	0.87446573	0.98092929	0.97134625	0.99077470	0.99077475	0.86619694	0.96085229	0.99357751
14.14000000	0.87425201	0.98089149	0.97133965	0.99071335	0.99071340	0.86623378	0.96088113	0.99347482
14.14500000	0.87404942	0.98085555	0.97132933	0.99065179	0.99065184	0.86627055	0.96091684	0.99337215
14.15000000	0.87385791	0.98082133	0.97131513	0.99058996	0.99059001	0.86630708	0.96095825	0.99326960
14.15500000	0.87367740	0.98078871	0.97129690	0.99052782	0.99052787	0.86634323	0.96100421	0.99316729
14.16000000	0.87350782	0.98075756	0.97127450	0.99046529	0.99046534	0.86637886	0.96105361	0.99306530
14.16500000	0.87334905	0.98072777	0.97124782	0.99040231	0.99040236	0.86641386	0.96110542	0.99296375
14.17000000	0.87320097	0.98069921	0.97121675	0.99033884	0.99033889	0.86644814	0.96115863	0.99286273
14.17500000	0.87306342	0.98067176	0.97118120	0.99027480	0.99027485	0.86648163	0.96121232	0.99276233
14.18000000	0.87293625	0.98064532	0.97114111	0.99021015	0.99021020	0.86651427	0.96126560	0.99266265
14.18500000	0.87281927	0.98061979	0.97109643	0.99014482	0.99014487	0.86654601	0.96131762	0.99256378
14.19000000	0.87271228	0.98059507	0.97104713	0.99007875	0.99007881	0.86657682	0.96136760	0.99246580
14.19500000	0.87261508	0.98057106	0.97099321	0.99001191	0.99001196	0.86660668	0.96141482	0.99236879
14.20000000	0.87252744	0.98054768	0.97093467	0.98994423	0.98994428	0.86663558	0.96145861	0.99227283
14.20500000	0.87244912	0.98052484	0.97087153	0.98987567	0.98987572	0.86666352	0.96149835	0.99217801
14.21000000	0.87237988	0.98050249	0.97080385	0.98980619	0.98980624	0.86669051	0.96153348	0.99208440
14.21500000	0.87231945	0.98048055	0.97073170	0.98973575	0.98973580	0.86671655	0.96156351	0.99199206
14.22000000	0.87226756	0.98045897	0.97065516	0.98966431	0.98966436	0.86674167	0.96158798	0.99190106
14.22500000	0.87222393	0.98043770	0.97057434	0.98959185	0.98959190	0.86676589	0.96160651	0.99181147
14.23000000	0.87218829	0.98041670	0.97048936	0.98951834	0.98951839	0.86678924	0.96161877	0.99172334
14.23500000	0.87216033	0.98039593	0.97040036	0.98944375	0.98944380	0.86681173	0.96162449	0.99163674
14.24000000	0.87213975	0.98037537	0.97030752	0.98936808	0.98936813	0.86683341	0.96162384	0.99155171
14.24500000	0.87212625	0.98035500	0.97021100	0.98929132	0.98929137	0.86685431	0.96161884	0.99146830
14.25000000	0.87211952	0.98033480	0.97011101	0.98921346	0.98921351	0.86687444	0.96160927	0.99138657
14.25500000	0.87211925	0.98031477	0.97000776	0.98913451	0.98913456	0.86689384	0.96159494	0.99130655
14.26000000	0.87212866	0.98029492	0.96990148	0.98905448	0.98905453	0.86691253	0.96157571	0.99122827
14.26500000	0.87214704	0.98027526	0.96979241	0.98897337	0.98897342	0.86693054	0.96155147	0.99115179
14.27000000	0.87217358	0.98025578	0.96968082	0.98889122	0.98889127	0.86694789	0.96152216	0.99107712
14.27500000	0.87220750	0.98023653	0.96956698	0.98880805	0.98880810	0.86696459	0.96148776	0.99100429
14.28000000	0.87224808	0.98021752	0.96945118	0.98872389	0.98872394	0.86698066	0.96144828	0.99093333
14.28500000	0.87229465	0.98019879	0.96933372	0.98863879	0.98863884	0.86699611	0.96140377	0.99086425
14.29000000	0.87234655	0.98018037	0.96921490	0.98855278	0.98855283	0.86701094	0.96135433	0.99079707
14.29500000	0.87240320	0.98016230	0.96909505	0.98846592	0.98846597	0.86702516	0.96130008	0.99073181
14.30000000	0.87246401	0.98014463	0.96897450	0.98837827	0.98837832	0.86703877	0.96124116	0.99066846
14.30500000	0.87252847	0.98012740	0.96885359	0.98828989	0.98828993	0.86705175	0.96117778	0.99060704
14.31000000	0.87259606	0.98011066	0.96873266	0.98820083	0.98820088	0.86706412	0.96111015	0.99054754
14.31500000	0.87266630	0.98009447	0.96861206	0.98811119	0.98811123	0.86707585	0.96103851	0.99048996
14.32000000	0.87273876	0.98007888	0.96849215	0.98802102	0.98802107	0.86708693	0.96096313	0.99043429
14.32500000	0.87281301	0.98006394	0.96837330	0.98793041	0.98793046	0.86709735	0.96088430	0.99038052
14.33000000	0.87288865	0.98004971	0.96825586	0.98783945	0.98783950	0.86710710	0.96080234	0.99032863
14.33500000	0.87296531	0.98003625	0.96814020	0.98774822	0.98774826	0.86711616	0.96071757	0.99027861
14.34000000	0.87304264	0.98002362	0.96802669	0.98765680	0.98765685	0.86712451	0.96063036	0.99023042
14.34500000	0.87312031	0.98001186	0.96791571	0.98756530	0.98756534	0.86713216	0.96054105	0.99018405
14.35000000	0.87319801	0.98000104	0.96780760	0.98747380	0.98747385	0.86713907	0.96045001	0.99013946
14.35500000	0.87327546	0.97999121	0.96770275	0.98738240	0.98738245	0.86714526	0.96035764	0.99009663
14.36000000	0.87335238	0.97998243	0.96760151	0.98729120	0.98729125	0.86715071	0.96026431	0.99005551
14.36500000	0.87342852	0.97997473	0.96750425	0.98720030	0.98720034	0.86715543	0.96017042	0.99001606
14.37000000	0.87350365	0.97996818	0.96741132	0.98710978	0.98710982	0.86715942	0.96007636	0.98997825
14.37500000	0.87357756	0.97996282	0.96732308	0.98701975	0.98701979	0.86716269	0.95998251	0.98994203
14.38000000	0.87365004	0.97995868	0.96723987	0.98693030	0.98693034	0.86716526	0.95988928	0.98990736
14.38500000	0.87372091	0.97995582	0.96716203	0.98684153	0.98684157	0.86716717	0.95979705	0.98987418
14.39000000	0.87379000	0.97995426	0.96708989	0.98675353	0.98675357	0.86716843	0.95970619	0.98984245
14.39500000	0.87385717	0.97995404	0.96702379	0.98666639	0.98666643	0.86716910	0.95961707	0.98981211
14.40000000	0.87392226	0.97995588	0.96696404	0.98658019	0.98658023	0.86716922	0.95953006	0.98978312
14.40500000	0.87398515	0.97995988	0.96691096	0.98649503	0.98649507	0.86716898	0.95944549	0.98975541
14.41000000	0.87404575	0.97996601	0.96686485	0.98641099	0.98641102	0.86716848	0.95936371	0.98972895
14.41500000	0.87410393	0.97997421	0.96682600	0.98632813	0.98632817	0.86716775	0.95928504	0.98970367
14.42000000	0.87415963	0.97998446	0.96679470	0.98624655	0.98624658	0.86716682	0.95920978	0.98967953
14.42500000	0.87421277	0.97999670	0.96677123	0.98616629	0.98616633	0.86716577	0.95913821	0.98965647
14.43000000	0.87426329	0.98001091	0.96675584	0.98608744	0.98608748	0.86716464	0.95907061	0.98963444
14.43500000	0.87431114	0.98002702	0.96674881	0.98601006	0.98601009	0.86716351	0.95900724	0.98961340
14.44000000	0.87435627	0.98004501	0.96675131	0.98593419	0.98593422	0.86716246	0.95894831	0.98959329
14.44500000	0.87439867	0.98006482	0.96676784	0.98585989	0.98585992	0.86716156	0.95889406	0.98957408
14.45000000	0.87443831	0.98008640	0.96679825	0.98578720	0.98578724	0.86716091	0.95884466	0.98955572
14.45500000	0.87447519	0.98010971	0.96684240	0.98571618	0.98571621	0.86716060	0.95880030	0.98953818
14.46000000	0.87450930	0.98013470	0.96690016	0.98564684	0.98564687	0.86716081	0.95876114	0.98952142
14.46500000	0.87454066	0.98016131	0.96697142	0.98557923	0.98557926	0.86716187	0.95872730	0.98950542
14.47000000	0.87456929	0.98018950	0.96705610	0.98551336	0.98551339	0.86716395	0.95869890	0.98949013
14.47500000	0.87459520	0.98021920	0.96715411	0.98544926	0.98544929	0.86716716	0.95867603	0.98947556
14.48000000	0.87461844	0.98025037	0.96726535	0.98538695	0.98538698	0.86717166	0.95865878	0.98946166
14.48500000	0.87463905	0.98028293	0.96738977	0.98532643	0.98532646	0.86717758	0.95864721	0.98944844
14.49000000	0.87465707	0.98031685	0.96752727	0.98526772	0.98526775	0.86718505	0.95864134	0.98943589
14.49500000	0.87467255	0.98035205	0.96767779	0.98521080	0.98521083	0.86719422	0.95864122	0.98942400
14.50000000	0.87468556	0.98038848	0.96784125	0.98515570	0.98515572	0.86720521	0.95865020	0.98941278
14.50500000	0.87469616	0.98042608	0.96801758	0.98510238	0.98510241	0.86721812	0.95866801	0.98940224
14.51000000	0.87470443	0.98046478	0.96820667	0.98505086	0.98505088	0.86723309	0.95869431	0.98939239
14.51500000	0.87471042	0.98050453	0.96840845	0.98500111	0.98500113	0.86725020	0.95872876	0.98938325
14.52000000	0.87471424	0.98054526	0.96862280	0.98495311	0.98495314	0.86726956	0.95877102	0.98937485
14.52500000	0.87471594	0.98058691	0.96884963	0.98490686	0.98490689	0.86729123	0.95882076	0.98936722
14.53000000	0.87471575	0.98062941	0.96908881	0.98486233	0.98486236	0.86731530	0.95887768	0.98936040
14.53500000	0.87471435	0.98067271	0.96934020	0.98481950	0.98481952	0.86734180	0.95894146	0.98935442
14.54000000	0.87471175	0.98071675	0.96960366	0.98477833	0.98477836	0.86737079	0.95901179	0.98934935
14.54500000	0.87470797	0.98076147	0.96987902	0.98473882	0.98473884	0.86740228	0.95908839	0.98934523
14.55000000	0.87470304	0.98080679	0.97016612	0.98470093	0.98470095	0.86743629	0.95917095	0.98934211
14.55500000	0.87469699	0.98085267	0.97046475	0.98466463	0.98466465	0.86747281	0.95925919	0.98934008
14.56000000	0.87468986	0.98089905	0.97077470	0.98462990	0.98462992	0.86751182	0.95935284	0.98933918
14.56500000	0.87468169	0.98094587	0.97109574	0.98459671	0.98459673	0.86755328	0.95945161	0.98933970
14.57000000	0.87467254	0.98099307	0.97142762	0.98456503	0.98456505	0.86759713	0.95955526	0.98934227
14.57500000	0.87466244	0.98104060	0.97177006	0.98453483	0.98453485	0.86764331	0.95966350	0.98934693
14.58000000	0.87465147	0.98108841	0.97212278	0.98450610	0.98450612	0.86769172	0.95977609	0.98935377
14.58500000	0.87463969	0.98113645	0.97248545	0.98447880	0.98447882	0.86774227	0.95989280	0.98936284
14.59000000	0.87462715	0.98118467	0.97285773	0.98445292	0.98445294	0.86779483	0.96001336	0.98937422
14.59500000	0.87461393	0.98123302	0.97323926	0.98442844	0.98442845	0.86784928	0.96013756	0.98938799
14.60000000	0.87460010	0.98128145	0.97362966	0.98440532	0.98440534	0.86790547	0.96026517	0.98940423
14.60500000	0.87458575	0.98132993	0.97402851	0.98438357	0.98438359	0.86796325	0.96039598	0.98942304
14.61000000	0.87457095	0.98137842	0.97443537	0.98436316	0.98436317	0.86802243	0.96052976	0.98944450
14.61500000	0.87455578	0.98142687	0.97484979	0.98434408	0.98434409	0.86808286	0.96066633	0.98946871
14.62000000	0.87454033	0.98147526	0.97527128	0.98432632	0.98432634	0.86814433	0.96080548	0.98949576
14.62500000	0.87452470	0.98152355	0.97569933	0.98430988	0.98430989	0.86820665	0.96094702	0.98952573
14.63000000	0.87450898	0.98157171	0.97613340	0.98429474	0.98429476	0.86826961	0.96109078	0.98955873
14.63500000	0.87449325	0.98161972	0.97657294	0.98428092	0.98428093	0.86833302	0.96123658	0.98959484
14.64000000	0.87447764	0.98166754	0.97701737	0.98426840	0.98426841	0.86839665	0.96138425	0.98963413
14.64500000	0.87446222	0.98171516	0.97746607	0.98425719	0.98425721	0.86846030	0.96153362	0.98967671
14.65000000	0.87444712	0.98176256	0.97791843	0.98424731	0.98424732	0.86852374	0.96168454	0.98972264
14.65500000	0.87443243	0.98180971	0.97837380	0.98423874	0.98423876	0.86858678	0.96183686	0.98977200
14.66000000	0.87441828	0.98185661	0.97883152	0.98423152	0.98423153	0.86864918	0.96199043	0.98982485
14.66500000	0.87440476	0.98190323	0.97929090	0.98422564	0.98422566	0.86871075	0.96214511	0.98988126
14.67000000	0.87439199	0.98194958	0.97975124	0.98422113	0.98422114	0.86877128	0.96230076	0.98994127
14.67500000	0.87438009	0.98199564	0.98021183	0.98421800	0.98421801	0.86883058	0.96245724	0.99000494
14.68000000	0.87436918	0.98204140	0.98067196	0.98421627	0.98421628	0.86888845	0.96261443	0.99007229
14.68500000	0.87435937	0.98208685	0.98113087	0.98421596	0.98421597	0.86894471	0.96277219	0.99014337
14.69000000	0.87435079	0.98213200	0.98158783	0.98421776	0.98421778	0.86899920	0.96293040	0.99021818
14.69500000	0.87434355	0.98217684	0.98204208	0.98422185	0.98422187	0.86905175	0.96308893	0.99029674
14.70000000	0.87433778	0.98222137	0.98249288	0.98422816	0.98422818	0.86910220	0.96324767	0.99037904
14.70500000	0.87433360	0.98226559	0.98293948	0.98423668	0.98423669	0.86915043	0.96340647	0.99046508
14.71000000	0.87433112	0.98230950	0.98338111	0.98424735	0.98424737	0.86919631	0.96356524	0.99055483
14.71500000	0.87433047	0.98235310	0.98381704	0.98426018	0.98426020	0.86923973	0.96372383	0.99064825
14.72000000	0.87433254	0.98239639	0.98424653	0.98427513	0.98427515	0.86928058	0.96388214	0.99074531
14.72500000	0.87433784	0.98243938	0.98466884	0.98429218	0.98429221	0.86931879	0.96404005	0.99084594
14.73000000	0.87434644	0.98248207	0.98508327	0.98431134	0.98431136	0.86935428	0.96419741	0.99095007
14.73500000	0.87435840	0.98252445	0.98548912	0.98433258	0.98433261	0.86938700	0.96435413	0.99105763
14.74000000	0.87437379	0.98256655	0.98588571	0.98435590	0.98435593	0.86941691	0.96451006	0.99116853
14.74500000	0.87439268	0.98260834	0.98627239	0.98438129	0.98438132	0.86944397	0.96466509	0.99128265
14.75000000	0.87441514	0.98264985	0.98664853	0.98440873	0.98440876	0.86946817	0.96481909	0.99139989
14.75500000	0.87444122	0.98269107	0.98701354	0.98443823	0.98443826	0.86948951	0.96497193	0.99152012
14.76000000	0.87447099	0.98273199	0.98736683	0.98446975	0.98446978	0.86950799	0.96512348	0.99164319
14.76500000	0.87450450	0.98277262	0.98770790	0.98450330	0.98450333	0.86952364	0.96527360	0.99176897
14.77000000	0.87454180	0.98281296	0.98803622	0.98453884	0.98453888	0.86953648	0.96542217	0.99189729
14.77500000	0.87458292	0.98285299	0.98835136	0.98457637	0.98457640	0.86954656	0.96556904	0.99202799
14.78000000	0.87462790	0.98289273	0.98865289	0.98461585	0.98461588	0.86955393	0.96571408	0.99216088
14.78500000	0.87467677	0.98293215	0.98894045	0.98465725	0.98465728	0.86955863	0.96585714	0.99229579
14.79000000	0.87472954	0.98297126	0.98921370	0.98470054	0.98470057	0.86956074	0.96599807	0.99243251
14.79500000	0.87478621	0.98301003	0.98947239	0.98474567	0.98474571	0.86956048	0.96613674	0.99257084
14.80000000	0.87484679	0.98304846	0.98971626	0.98479260	0.98479264	0.86955868	0.96627299	0.99271058
14.80500000	0.87491126	0.98308653	0.98994516	0.98484128	0.98484132	0.86955532	0.96640666	0.99285151
14.81000000	0.87497960	0.98312422	0.99015895	0.98489165	0.98489169	0.86955040	0.96653760	0.99299342
14.81500000	0.87505179	0.98316152	0.99035756	0.98494364	0.98494368	0.86954394	0.96666564	0.99313607
14.82000000	0.87512777	0.98319839	0.99054098	0.98499717	0.98499722	0.86953593	0.96679063	0.99327924
14.82500000	0.87520749	0.98323482	0.99070922	0.98505218	0.98505222	0.86952638	0.96691240	0.99342271
14.83000000	0.87529089	0.98327077	0.99086238	0.98510856	0.98510861	0.86951532	0.96703077	0.99356624
14.83500000	0.87537790	0.98330622	0.99100060	0.98516623	0.98516628	0.86950276	0.96714557	0.99370960
14.84000000	0.87546843	0.98334112	0.99112406	0.98522509	0.98522514	0.86948871	0.96725662	0.99385257
14.84500000	0.87556238	0.98337545	0.99123301	0.98528502	0.98528507	0.86947318	0.96736374	0.99399490
14.85000000	0.87565965	0.98340916	0.99132774	0.98534593	0.98534598	0.86945621	0.96746676	0.99413639
14.85500000	0.87576013	0.98344221	0.99140858	0.98540767	0.98540772	0.86943779	0.96756547	0.99427680
14.86000000	0.87586368	0.98347455	0.99147592	0.98547013	0.98547018	0.86941794	0.96765969	0.99441592
14.86500000	0.87597018	0.98350614	0.99153020	0.98553318	0.98553323	0.86939668	0.96774923	0.99455354
14.87000000	0.87607948	0.98353694	0.99157189	0.98559667	0.98559673	0.86937399	0.96783390	0.99468944
14.87500000	0.87619143	0.98356687	0.99160149	0.98566048	0.98566053	0.86934988	0.96791349	0.99482343
14.88000000	0.87630588	0.98359590	0.99161957	0.98572444	0.98572450	0.86932436	0.96798781	0.99495531
14.88500000	0.87642266	0.98362397	0.99162670	0.98578842	0.98578847	0.86929739	0.96805666	0.99508491
14.89000000	0.87654159	0.98365102	0.99162471	0.98585226	0.98585232	0.86926898	0.96811984	0.99521204
14.89500000	0.87666250	0.98367698	0.99161660	0.98591581	0.98591587	0.86923909	0.96817716	0.99533654
14.90000000	0.87678521	0.98370181	0.99160256	0.98597892	0.98597898	0.86920770	0.96822840	0.99545825
14.90500000	0.87690952	0.98372543	0.99158284	0.98604143	0.98604149	0.86917478	0.96827337	0.99557703
14.91000000	0.87703524	0.98374780	0.99155772	0.98610319	0.98610325	0.86914027	0.96831188	0.99569273
14.91500000	0.87716218	0.98376883	0.99152752	0.98616405	0.98616411	0.86910414	0.96834372	0.99580525
14.92000000	0.87729013	0.98378849	0.99149259	0.98622387	0.98622392	0.86906634	0.96836871	0.99591445
14.92500000	0.87741890	0.98380670	0.99145331	0.98628249	0.98628254	0.86902680	0.96838665	0.99602025
14.93000000	0.87754827	0.98382340	0.99141010	0.98633977	0.98633983	0.86898546	0.96839735	0.99612255
14.93500000	0.87767805	0.98383854	0.99136336	0.98639559	0.98639565	0.86894225	0.96840063	0.99622126
14.94000000	0.87780801	0.98385205	0.99131356	0.98644981	0.98644987	0.86889710	0.96839793	0.99631633
14.94500000	0.87793796	0.98386389	0.99126116	0.98650231	0.98650237	0.86884993	0.96839027	0.99640769
14.95000000	0.87806769	0.98387400	0.99120662	0.98655298	0.98655304	0.86880067	0.96837736	0.99649530
14.95500000	0.87819698	0.98388232	0.99115043	0.98660172	0.98660177	0.86874922	0.96835894	0.99657912
14.96000000	0.87832564	0.98388882	0.99109308	0.98664841	0.98664847	0.86869551	0.96833473	0.99665913
14.96500000	0.87845345	0.98389344	0.99103505	0.98669299	0.98669305	0.86863944	0.96830449	0.99673531
14.97000000	0.87858020	0.98389614	0.99097682	0.98673537	0.98673543	0.86858094	0.96826797	0.99680766
14.97500000	0.87870571	0.98389690	0.99091888	0.98677549	0.98677555	0.86851991	0.96822495	0.99687618
14.98000000	0.87882976	0.98389613	0.99086170	0.98681329	0.98681335	0.86845626	0.96817520	0.99694088
14.98500000	0.87895216	0.98389408	0.99080573	0.98684874	0.98684879	0.86838993	0.96811850	0.99700179
14.99000000	0.87907272	0.98389068	0.99075143	0.98688179	0.98688185	0.86832082	0.96805467	0.99705894
14.99500000	0.87919124	0.98388589	0.99069921	0.98691244	0.98691249	0.86824885	0.96798350	0.99711235
15.00000000	0.87930754	0.98387965	0.99064950	0.98694066	0.98694072	0.86817396	0.96790482	0.99716208
15.00500000	0.87942143	0.98387192	0.99060267	0.98696648	0.98696654	0.86809608	0.96781845	0.99720818
15.01000000	0.87953273	0.98386266	0.99055910	0.98698990	0.98698996	0.86801514	0.96772425	0.99725071
15.01500000	0.87964127	0.98385185	0.99051912	0.98701096	0.98701101	0.86793109	0.96762205	0.99728971
15.02000000	0.87974688	0.98383946	0.99048304	0.98702968	0.98702974	0.86784387	0.96751173	0.99732527
15.02500000	0.87984939	0.98382547	0.99045116	0.98704613	0.98704618	0.86775345	0.96739317	0.99735746
15.03000000	0.87994864	0.98380987	0.99042371	0.98706036	0.98706041	0.86765980	0.96726624	0.99738633
15.03500000	0.88004448	0.98379266	0.99040093	0.98707244	0.98707249	0.86756288	0.96713085	0.99741199
15.04000000	0.88013675	0.98377384	0.99038300	0.98708245	0.98708250	0.86746268	0.96698691	0.99743450
15.04500000	0.88022532	0.98375341	0.99037008	0.98709048	0.98709053	0.86735920	0.96683435	0.99745394
15.05000000	0.88031005	0.98373139	0.99036228	0.98709663	0.98709668	0.86725243	0.96667311	0.99747040
15.05500000	0.88039081	0.98370780	0.99035970	0.98710099	0.98710104	0.86714239	0.96650315	0.99748397
15.06000000	0.88046747	0.98368266	0.99036400	0.98710369	0.98710374	0.86702910	0.96632442	0.99749473
15.06500000	0.88053992	0.98365601	0.99037660	0.98710483	0.98710487	0.86691260	0.96613692	0.99750275
15.07000000	0.88060804	0.98362790	0.99039715	0.98710464	0.98710469	0.86679293	0.96594064	0.99750813
15.07500000	0.88067174	0.98359836	0.99042532	0.98710363	0.98710368	0.86667013	0.96573560	0.99751094
15.08000000	0.88073091	0.98356744	0.99046073	0.98710185	0.98710189	0.86654428	0.96552182	0.99751126
15.08500000	0.88078548	0.98353521	0.99050297	0.98709934	0.98709938	0.86641544	0.96529936	0.99750995
15.09000000	0.88083536	0.98350172	0.99055162	0.98709618	0.98709622	0.86628370	0.96506828	0.99750713
15.09500000	0.88088048	0.98346705	0.99060624	0.98709243	0.98709247	0.86614915	0.96482866	0.99750279
15.10000000	0.88092077	0.98343127	0.99066634	0.98708816	0.98708820	0.86601188	0.96458059	0.99749692
15.10500000	0.88095618	0.98339446	0.99073145	0.98708344	0.98708348	0.86587202	0.96432421	0.99748952
15.11000000	0.88098667	0.98335670	0.99080106	0.98707837	0.98707840	0.86572968	0.96405963	0.99748057
15.11500000	0.88101220	0.98331807	0.99087462	0.98707300	0.98707304	0.86558498	0.96378701	0.99747009
15.12000000	0.88103273	0.98327868	0.99095160	0.98706743	0.98706747	0.86543805	0.96350653	0.99745805
15.12500000	0.88104824	0.98323861	0.99103144	0.98706174	0.98706178	0.86528905	0.96321836	0.99744446
15.13000000	0.88105873	0.98319796	0.99111357	0.98705601	0.98705604	0.86513810	0.96292273	0.99742930
15.13500000	0.88106418	0.98315684	0.99119741	0.98705032	0.98705036	0.86498538	0.96261985	0.99741257
15.14000000	0.88106461	0.98311535	0.99128235	0.98704476	0.98704479	0.86483102	0.96230996	0.99739426
15.14500000	0.88106174	0.98307359	0.99136782	0.98703940	0.98703944	0.86467521	0.96199333	0.99737434
15.15000000	0.88105565	0.98303167	0.99145320	0.98703433	0.98703436	0.86451809	0.96167023	0.99735281
15.15500000	0.88104624	0.98298970	0.99153790	0.98702963	0.98702965	0.86435986	0.96134096	0.99732965
15.16000000	0.88103343	0.98294779	0.99162132	0.98702535	0.98702538	0.86420066	0.96100583	0.99730483
15.16500000	0.88101715	0.98290605	0.99170286	0.98702159	0.98702162	0.86404070	0.96066517	0.99727832
15.17000000	0.88099736	0.98286459	0.99178192	0.98701841	0.98701844	0.86388013	0.96031932	0.99725009
15.17500000	0.88097401	0.98282352	0.99185792	0.98701588	0.98701591	0.86371914	0.95996863	0.99722013
15.18000000	0.88094707	0.98278294	0.99193029	0.98701406	0.98701408	0.86355791	0.95961347	0.99718838
15.18500000	0.88091651	0.98274296	0.99199847	0.98701301	0.98701303	0.86339661	0.95925424	0.99715482
15.19000000	0.88088233	0.98270369	0.99206190	0.98701279	0.98701281	0.86323543	0.95889132	0.99711939
15.19500000	0.88084453	0.98266523	0.99212006	0.98701385	0.98701387	0.86307455	0.95852513	0.99708208
15.20000000	0.88080312	0.98262767	0.99217242	0.98701637	0.98701638	0.86291413	0.95815608	0.99704282
15.20500000	0.88075812	0.98259113	0.99221850	0.98702037	0.98702038	0.86275436	0.95778461	0.99700158
15.21000000	0.88070954	0.98255568	0.99225782	0.98702587	0.98702589	0.86259541	0.95741116	0.99695832
15.21500000	0.88065744	0.98252142	0.99228992	0.98703290	0.98703292	0.86243744	0.95703616	0.99691298
15.22000000	0.88060186	0.98248844	0.99231438	0.98704147	0.98704149	0.86228062	0.95666007	0.99686553
15.22500000	0.88054284	0.98245681	0.99233079	0.98705161	0.98705162	0.86212511	0.95628336	0.99681593
15.23000000	0.88048045	0.98242661	0.99233878	0.98706331	0.98706332	0.86197108	0.95590648	0.99676414
15.23500000	0.88041475	0.98239793	0.99233829	0.98707660	0.98707661	0.86181867	0.95552991	0.99671011
15.24000000	0.88034582	0.98237082	0.99233210	0.98709148	0.98709149	0.86166803	0.95515411	0.99665381
15.24500000	0.88027374	0.98234534	0.99231980	0.98710797	0.98710798	0.86151930	0.95477957	0.99659522
15.25000000	0.88019859	0.98232156	0.99230103	0.98712606	0.98712607	0.86137264	0.95440674	0.99653431
15.25500000	0.88012047	0.98229952	0.99227543	0.98714577	0.98714578	0.86122815	0.95403612	0.99647105
15.26000000	0.88003946	0.98227927	0.99224270	0.98716711	0.98716712	0.86108598	0.95366816	0.99640543
15.26500000	0.87995569	0.98226086	0.99220252	0.98719007	0.98719008	0.86094625	0.95330333	0.99633743
15.27000000	0.87986924	0.98224431	0.99215462	0.98721466	0.98721467	0.86080906	0.95294211	0.99626706
15.27500000	0.87978024	0.98222966	0.99209877	0.98724088	0.98724089	0.86067452	0.95258495	0.99619432
15.28000000	0.87968879	0.98221693	0.99203473	0.98726873	0.98726874	0.86054274	0.95223230	0.99611921
15.28500000	0.87959503	0.98220614	0.99196233	0.98729821	0.98729822	0.86041380	0.95188462	0.99604175
15.29000000	0.87949907	0.98219729	0.99188138	0.98732932	0.98732933	0.86028779	0.95154234	0.99596197
15.29500000	0.87940105	0.98219040	0.99179176	0.98736206	0.98736207	0.86016479	0.95120588	0.99587989
15.30000000	0.87930109	0.98218546	0.99169333	0.98739642	0.98739643	0.86004487	0.95087568	0.99579556
15.30500000	0.87919933	0.98218247	0.99158602	0.98743239	0.98743240	0.85992808	0.95055214	0.99570902
15.31000000	0.87909592	0.98218142	0.99146976	0.98746997	0.98746998	0.85981449	0.95023565	0.99562033
15.31500000	0.87899099	0.98218281	0.99134451	0.98750914	0.98750915	0.85970414	0.94992660	0.99552955
15.32000000	0.87888469	0.98218719	0.99121025	0.98754989	0.98754990	0.85959706	0.94962535	0.99543676
15.32500000	0.87877716	0.98219440	0.99106699	0.98759220	0.98759222	0.85949330	0.94933226	0.99534203
15.33000000	0.87866856	0.98220430	0.99091477	0.98763606	0.98763607	0.85939285	0.94904767	0.99524545
15.33500000	0.87855905	0.98221673	0.99075365	0.98768143	0.98768145	0.85929575	0.94877189	0.99514712
15.34000000	0.87844877	0.98223157	0.99058371	0.98772830	0.98772831	0.85920198	0.94850523	0.99504713
15.34500000	0.87833790	0.98224867	0.99040505	0.98777662	0.98777664	0.85911156	0.94824797	0.99494559
15.35000000	0.87822658	0.98226788	0.99021780	0.98782636	0.98782638	0.85902447	0.94800039	0.99484262
15.35500000	0.87811497	0.98228909	0.99002211	0.98787747	0.98787750	0.85894067	0.94776271	0.99473835
15.36000000	0.87800326	0.98231215	0.98981815	0.98792992	0.98792994	0.85886016	0.94753518	0.99463288
15.36500000	0.87789159	0.98233693	0.98960611	0.98798365	0.98798367	0.85878289	0.94731799	0.99452637
15.37000000	0.87778014	0.98236329	0.98938620	0.98803859	0.98803861	0.85870882	0.94711133	0.99441894
15.37500000	0.87766907	0.98239112	0.98915866	0.98809468	0.98809471	0.85863790	0.94691535	0.99431073
15.38000000	0.87755855	0.98242027	0.98892373	0.98815186	0.98815188	0.85857007	0.94673020	0.99420190
15.38500000	0.87744875	0.98245063	0.98868168	0.98821004	0.98821007	0.85850526	0.94655598	0.99409259
15.39000000	0.87733983	0.98248205	0.98843280	0.98826914	0.98826917	0.85844341	0.94639280	0.99398296
15.39500000	0.87723197	0.98251443	0.98817738	0.98832908	0.98832911	0.85838444	0.94624073	0.99387316
15.40000000	0.87712533	0.98254762	0.98791574	0.98838975	0.98838978	0.85832827	0.94609979	0.99376335
15.40500000	0.87702007	0.98258152	0.98764821	0.98845106	0.98845109	0.85827482	0.94597003	0.99365368
15.41000000	0.87691637	0.98261599	0.98737513	0.98851290	0.98851294	0.85822399	0.94585143	0.99354432
15.41500000	0.87681437	0.98265091	0.98709686	0.98857516	0.98857519	0.85817568	0.94574397	0.99343544
15.42000000	0.87671423	0.98268618	0.98681375	0.98863771	0.98863775	0.85812980	0.94564759	0.99332718
15.42500000	0.87661612	0.98272167	0.98652618	0.98870044	0.98870048	0.85808625	0.94556223	0.99321972
15.43000000	0.87652018	0.98275726	0.98623452	0.98876322	0.98876326	0.85804493	0.94548779	0.99311321
15.43500000	0.87642657	0.98279286	0.98593917	0.98882591	0.98882596	0.85800572	0.94542413	0.99300782
15.44000000	0.87633541	0.98282834	0.98564050	0.98888839	0.98888843	0.85796852	0.94537112	0.99290370
15.44500000	0.87624686	0.98286361	0.98533891	0.98895050	0.98895055	0.85793323	0.94532859	0.99280100
15.45000000	0.87616104	0.98289856	0.98503478	0.98901211	0.98901216	0.85789973	0.94529634	0.99269988
15.45500000	0.87607807	0.98293310	0.98472852	0.98907308	0.98907313	0.85786792	0.94527416	0.99260049
15.46000000	0.87599809	0.98296713	0.98442051	0.98913325	0.98913330	0.85783768	0.94526182	0.99250296
15.46500000	0.87592119	0.98300055	0.98411112	0.98919249	0.98919254	0.85780891	0.94525904	0.99240745
15.47000000	0.87584750	0.98303330	0.98380073	0.98925063	0.98925068	0.85778150	0.94526947	0.99231409
15.47500000	0.87577709	0.98306527	0.98348972	0.98930754	0.98930759	0.85775535	0.94529389	0.99222299
15.48000000	0.87571007	0.98309640	0.98317845	0.98936307	0.98936312	0.85773035	0.94533129	0.99213430
15.48500000	0.87564651	0.98312661	0.98286725	0.98941706	0.98941711	0.85770641	0.94538069	0.99204812
15.49000000	0.87558648	0.98315583	0.98255647	0.98946938	0.98946943	0.85768342	0.94544115	0.99196457
15.49500000	0.87553005	0.98318401	0.98224642	0.98951988	0.98951993	0.85766130	0.94551174	0.99188375
15.50000000	0.87547728	0.98321107	0.98193742	0.98956843	0.98956848	0.85763993	0.94559159	0.99180574
15.50500000	0.87542820	0.98323698	0.98162975	0.98961488	0.98961494	0.85761925	0.94567982	0.99173064
15.51000000	0.87538284	0.98326167	0.98132368	0.98965912	0.98965917	0.85759915	0.94577560	0.99165853
15.51500000	0.87534124	0.98328511	0.98101947	0.98970101	0.98970106	0.85757956	0.94587808	0.99158947
15.52000000	0.87530341	0.98330726	0.98071734	0.98974043	0.98974048	0.85756040	0.94598647	0.99152351
15.52500000	0.87526935	0.98332809	0.98041752	0.98977726	0.98977732	0.85754158	0.94609997	0.99146072
15.53000000	0.87523906	0.98334756	0.98012019	0.98981141	0.98981146	0.85752304	0.94621779	0.99140112
15.53500000	0.87521251	0.98336565	0.97982552	0.98984276	0.98984282	0.85750471	0.94633918	0.99134475
15.54000000	0.87518968	0.98338235	0.97953366	0.98987123	0.98987129	0.85748651	0.94646338	0.99129162
15.54500000	0.87517054	0.98339764	0.97924474	0.98989673	0.98989678	0.85746838	0.94658964	0.99124173
15.55000000	0.87515503	0.98341151	0.97895886	0.98991917	0.98991923	0.85745026	0.94671726	0.99119510
15.55500000	0.87514311	0.98342395	0.97867611	0.98993850	0.98993855	0.85743209	0.94684551	0.99115169
15.56000000	0.87513469	0.98343496	0.97839655	0.98995464	0.98995469	0.85741381	0.94697369	0.99111149
15.56500000	0.87512971	0.98344455	0.97812023	0.98996754	0.98996759	0.85739538	0.94710114	0.99107445
15.57000000	0.87512808	0.98345271	0.97784717	0.98997716	0.98997721	0.85737672	0.94722717	0.99104054
15.57500000	0.87513068	0.98345946	0.97757737	0.98998345	0.98998351	0.85735780	0.94735115	0.99100970
15.58000000	0.87513822	0.98346482	0.97731083	0.98998640	0.98998646	0.85733857	0.94747244	0.99098185
15.58500000	0.87515033	0.98346878	0.97704751	0.98998614	0.98998620	0.85731897	0.94759043	0.99095693
15.59000000	0.87516667	0.98347139	0.97678738	0.98998376	0.98998381	0.85729897	0.94770453	0.99093484
15.59500000	0.87518690	0.98347264	0.97653038	0.98997918	0.98997923	0.85727850	0.94781417	0.99091549
15.60000000	0.87521069	0.98347260	0.97627643	0.98997233	0.98997238	0.85725754	0.94791881	0.99089877
15.60500000	0.87523770	0.98347174	0.97602547	0.98996314	0.98996319	0.85723602	0.94801791	0.99088457
15.61000000	0.87526763	0.98347005	0.97577741	0.98995157	0.98995162	0.85721392	0.94811098	0.99087277
15.61500000	0.87530016	0.98346752	0.97553214	0.98993757	0.98993762	0.85719118	0.94819756	0.99086323
15.62000000	0.87533498	0.98346415	0.97528958	0.98992111	0.98992116	0.85716776	0.94827718	0.99085584
15.62500000	0.87537179	0.98345992	0.97504961	0.98990217	0.98990222	0.85714361	0.94834944	0.99085043
15.63000000	0.87541029	0.98345483	0.97481214	0.98988072	0.98988077	0.85711870	0.94841395	0.99084686
15.63500000	0.87545019	0.98344890	0.97457706	0.98985677	0.98985681	0.85709297	0.94847036	0.99084499
15.64000000	0.87549119	0.98344210	0.97434426	0.98983029	0.98983033	0.85706638	0.94851833	0.99084464
15.64500000	0.87553302	0.98343446	0.97411364	0.98980130	0.98980134	0.85703889	0.94855758	0.99084628
15.65000000	0.87557538	0.98342598	0.97388512	0.98976981	0.98976985	0.85701045	0.94858785	0.99084979
15.65500000	0.87561799	0.98341666	0.97365859	0.98973583	0.98973587	0.85698103	0.94860891	0.99085483
15.66000000	0.87566060	0.98340652	0.97343399	0.98969938	0.98969943	0.85695056	0.94862057	0.99086108
15.66500000	0.87570292	0.98339556	0.97321123	0.98966050	0.98966054	0.85691902	0.94862267	0.99086824
15.67000000	0.87574469	0.98338380	0.97299026	0.98961920	0.98961924	0.85688636	0.94861793	0.99087601
15.67500000	0.87578565	0.98337125	0.97277103	0.98957553	0.98957557	0.85685253	0.94860691	0.99088410
15.68000000	0.87582556	0.98335792	0.97255349	0.98952952	0.98952956	0.85681751	0.94858936	0.99089225
15.68500000	0.87586416	0.98334383	0.97233763	0.98948122	0.98948125	0.85678124	0.94856507	0.99090020
15.69000000	0.87590121	0.98332900	0.97212344	0.98943066	0.98943070	0.85674370	0.94853384	0.99090770
15.69500000	0.87593649	0.98331343	0.97191092	0.98937789	0.98937793	0.85670485	0.94849554	0.99091451
15.70000000	0.87596976	0.98329716	0.97170009	0.98932297	0.98932301	0.85666466	0.94845005	0.99092042
15.70500000	0.87600083	0.98328020	0.97149099	0.98926595	0.98926598	0.85662312	0.94839729	0.99092520
15.71000000	0.87602947	0.98326257	0.97128367	0.98920686	0.98920690	0.85658019	0.94833722	0.99092867
15.71500000	0.87605551	0.98324429	0.97107821	0.98914578	0.98914582	0.85653586	0.94826983	0.99093062
15.72000000	0.87607875	0.98322539	0.97087468	0.98908275	0.98908279	0.85649013	0.94819514	0.99093088
15.72500000	0.87609903	0.98320589	0.97067319	0.98901784	0.98901787	0.85644298	0.94811320	0.99092988
15.73000000	0.87611620	0.98318581	0.97047386	0.98895108	0.98895112	0.85639442	0.94802411	0.99092758
15.73500000	0.87613010	0.98316519	0.97027682	0.98888255	0.98888259	0.85634445	0.94792797	0.99092385
15.74000000	0.87614061	0.98314404	0.97008222	0.98881230	0.98881234	0.85629311	0.94782495	0.99091855
15.74500000	0.87614763	0.98312241	0.96989021	0.98874039	0.98874042	0.85624040	0.94771522	0.99091157
15.75000000	0.87615106	0.98310032	0.96970097	0.98866687	0.98866691	0.85618636	0.94759899	0.99090278
15.75500000	0.87615091	0.98307781	0.96951470	0.98859181	0.98859184	0.85613104	0.94747651	0.99089207
15.76000000	0.87614842	0.98305491	0.96933158	0.98851526	0.98851530	0.85607449	0.94734804	0.99087935
15.76500000	0.87614349	0.98303166	0.96915183	0.98843729	0.98843733	0.85601676	0.94721388	0.99086451
15.77000000	0.87613601	0.98300810	0.96897566	0.98835796	0.98835799	0.85595793	0.94707436	0.99084746
15.77500000	0.87612592	0.98298427	0.96880331	0.98827732	0.98827735	0.85589808	0.94692982	0.99082813
15.78000000	0.87611316	0.98296022	0.96863500	0.98819544	0.98819548	0.85583730	0.94678064	0.99080643
15.78500000	0.87609768	0.98293600	0.96847097	0.98811239	0.98811243	0.85577569	0.94662723	0.99078229
15.79000000	0.87607947	0.98291164	0.96831147	0.98802823	0.98802827	0.85571335	0.94647000	0.99075567
15.79500000	0.87605853	0.98288721	0.96815674	0.98794303	0.98794307	0.85565041	0.94630940	0.99072649
15.80000000	0.87603487	0.98286275	0.96800703	0.98785686	0.98785689	0.85558701	0.94614589	0.99069472
15.80500000	0.87600854	0.98283832	0.96786258	0.98776978	0.98776982	0.85552326	0.94597996	0.99066032
15.81000000	0.87597961	0.98281398	0.96772364	0.98768188	0.98768192	0.85545933	0.94581211	0.99062325
15.81500000	0.87594815	0.98278978	0.96759046	0.98759322	0.98759326	0.85539537	0.94564286	0.99058348
15.82000000	0.87591428	0.98276578	0.96746327	0.98750390	0.98750394	0.85533153	0.94547273	0.99054102
15.82500000	0.87587812	0.98274204	0.96734229	0.98741398	0.98741402	0.85526800	0.94530229	0.99049583
15.83000000	0.87583982	0.98271863	0.96722777	0.98732356	0.98732360	0.85520494	0.94513207	0.99044792
15.83500000	0.87579955	0.98269561	0.96711990	0.98723272	0.98723276	0.85514253	0.94496266	0.99039729
15.84000000	0.87575750	0.98267304	0.96701889	0.98714156	0.98714160	0.85508096	0.94479462	0.99034397
15.84500000	0.87571389	0.98265099	0.96692495	0.98705017	0.98705021	0.85502041	0.94462852	0.99028795
15.85000000	0.87566896	0.98262952	0.96683824	0.98695865	0.98695869	0.85496109	0.94446497	0.99022928
15.85500000	0.87562295	0.98260869	0.96675894	0.98686710	0.98686715	0.85490317	0.94430452	0.99016799
15.86000000	0.87557615	0.98258856	0.96668719	0.98677563	0.98677568	0.85484686	0.94414777	0.99010412
15.86500000	0.87552886	0.98256921	0.96662313	0.98668436	0.98668441	0.85479234	0.94399530	0.99003771
15.87000000	0.87548138	0.98255069	0.96656687	0.98659340	0.98659345	0.85473981	0.94384768	0.98996884
15.87500000	0.87543406	0.98253306	0.96651852	0.98650287	0.98650292	0.85468945	0.94370546	0.98989756
15.88000000	0.87538724	0.98251637	0.96647815	0.98641289	0.98641294	0.85464146	0.94356921	0.98982394
15.88500000	0.87534130	0.98250068	0.96644582	0.98632359	0.98632364	0.85459601	0.94343946	0.98974808
15.89000000	0.87529662	0.98248605	0.96642157	0.98623510	0.98623515	0.85455327	0.94331674	0.98967005
15.89500000	0.87525359	0.98247253	0.96640541	0.98614755	0.98614761	0.85451342	0.94320156	0.98958996
15.90000000	0.87521265	0.98246015	0.96639734	0.98606109	0.98606115	0.85447662	0.94309440	0.98950791
15.90500000	0.87517420	0.98244896	0.96639733	0.98597586	0.98597592	0.85444303	0.94299573	0.98942401
15.91000000	0.87513870	0.98243900	0.96641013	0.98589200	0.98589206	0.85441278	0.94290598	0.98933840
15.91500000	0.87510660	0.98243031	0.96643514	0.98580966	0.98580972	0.85438602	0.94282559	0.98925119
15.92000000	0.87507835	0.98242290	0.96647179	0.98572898	0.98572904	0.85436288	0.94275492	0.98916252
15.92500000	0.87505442	0.98241681	0.96651950	0.98565013	0.98565019	0.85434347	0.94269433	0.98907256
15.93000000	0.87503530	0.98241205	0.96657772	0.98557325	0.98557331	0.85432791	0.94264416	0.98898144
15.93500000	0.87502145	0.98240863	0.96664589	0.98549850	0.98549856	0.85431628	0.94260468	0.98888933
15.94000000	0.87501338	0.98240657	0.96672345	0.98542604	0.98542610	0.85430868	0.94257615	0.98879640
15.94500000	0.87501156	0.98240586	0.96680986	0.98535601	0.98535607	0.85430518	0.94255879	0.98870284
15.95000000	0.87501946	0.98240689	0.96690458	0.98528858	0.98528864	0.85430624	0.94255279	0.98860882
15.95500000	0.87503865	0.98241002	0.96700705	0.98522391	0.98522397	0.85431402	0.94256157	0.98851455
15.96000000	0.87506951	0.98241514	0.96711674	0.98516214	0.98516220	0.85432833	0.94258856	0.98842021
15.96500000	0.87511243	0.98242217	0.96723309	0.98510342	0.98510348	0.85434900	0.94263322	0.98832603
15.97000000	0.87516780	0.98243098	0.96735556	0.98504792	0.98504798	0.85437587	0.94269496	0.98823221
15.97500000	0.87523602	0.98244147	0.96748361	0.98499577	0.98499583	0.85440877	0.94277321	0.98813897
15.98000000	0.87531747	0.98245353	0.96761668	0.98494712	0.98494718	0.85444754	0.94286739	0.98804654
15.98500000	0.87541255	0.98246704	0.96775423	0.98490212	0.98490218	0.85449202	0.94297690	0.98795514
15.99000000	0.87552163	0.98248190	0.96789572	0.98486088	0.98486094	0.85454207	0.94310113	0.98786502
15.99500000	0.87564508	0.98249797	0.96804060	0.98482356	0.98482361	0.85459753	0.94323944	0.98777641
16.00000000	0.87578326	0.98251515	0.96818835	0.98479026	0.98479032	0.85465825	0.94339118	0.98768955
16.00500000	0.87593651	0.98253330	0.96833844	0.98476111	0.98476117	0.85472409	0.94355567	0.98760469
16.01000000	0.87610516	0.98255231	0.96849033	0.98473622	0.98473627	0.85479491	0.94373224	0.98752206
16.01500000	0.87628952	0.98257203	0.96864351	0.98471569	0.98471574	0.85487058	0.94392016	0.98744192
16.02000000	0.87648988	0.98259235	0.96879748	0.98469962	0.98469967	0.85495097	0.94411871	0.98736452
16.02500000	0.87670650	0.98261313	0.96895174	0.98468809	0.98468814	0.85503594	0.94432713	0.98729009
16.03000000	0.87693964	0.98263424	0.96910582	0.98468118	0.98468123	0.85512539	0.94454466	0.98721888
16.03500000	0.87718952	0.98265554	0.96925922	0.98467895	0.98467900	0.85521918	0.94477051	0.98715113
16.04000000	0.87745632	0.98267690	0.96941151	0.98468298	0.98468303	0.85531723	0.94500389	0.98708708
16.04500000	0.87774023	0.98269820	0.96956224	0.98469452	0.98469457	0.85541942	0.94524397	0.98702694
16.05000000	0.87804137	0.98271928	0.96971099	0.98471336	0.98471340	0.85552567	0.94548995	0.98697096
16.05500000	0.87835986	0.98274003	0.96985735	0.98473928	0.98473932	0.85563588	0.94574099	0.98691934
16.06000000	0.87869579	0.98276031	0.97000094	0.98477207	0.98477211	0.85574999	0.94599625	0.98687230
16.06500000	0.87904921	0.98277999	0.97014139	0.98481153	0.98481157	0.85586792	0.94625491	0.98683003
16.07000000	0.87942013	0.98279895	0.97027835	0.98485746	0.98485750	0.85598962	0.94651611	0.98679271
16.07500000	0.87980855	0.98281706	0.97041150	0.98490965	0.98490969	0.85611505	0.94677904	0.98676053
16.08000000	0.88021441	0.98283420	0.97054053	0.98496789	0.98496793	0.85624415	0.94704285	0.98673364
16.08500000	0.88063766	0.98285026	0.97066517	0.98503196	0.98503200	0.85637690	0.94730673	0.98671220
16.09000000	0.88107818	0.98286511	0.97078514	0.98510165	0.98510168	0.85651328	0.94756988	0.98669633
16.09500000	0.88153583	0.98287865	0.97090021	0.98517672	0.98517675	0.85665329	0.94783151	0.98668615
16.10000000	0.88201044	0.98289078	0.97101017	0.98525694	0.98525697	0.85679691	0.94809085	0.98668176
16.10500000	0.88250182	0.98290139	0.97111482	0.98534208	0.98534211	0.85694416	0.94834715	0.98668411
16.11000000	0.88300971	0.98291039	0.97121399	0.98543187	0.98543190	0.85709506	0.94859969	0.98669586
16.11500000	0.88353387	0.98291768	0.97130752	0.98552607	0.98552610	0.85724962	0.94884777	0.98671671
16.12000000	0.88407399	0.98292318	0.97139530	0.98562440	0.98562443	0.85740789	0.94909075	0.98674637
16.12500000	0.88462976	0.98292682	0.97147719	0.98572659	0.98572662	0.85756989	0.94932798	0.98678456
16.13000000	0.88520082	0.98292851	0.97155313	0.98583236	0.98583238	0.85773568	0.94955889	0.98683097
16.13500000	0.88578679	0.98292831	0.97162302	0.98594140	0.98594142	0.85790531	0.94978293	0.98688530
16.14000000	0.88638726	0.98292681	0.97168684	0.98605343	0.98605345	0.85807883	0.94999958	0.98694721
16.14500000	0.88700182	0.98292392	0.97174453	0.98616813	0.98616815	0.85825630	0.95020840	0.98701637
16.15000000	0.88763000	0.98291956	0.97179608	0.98628518	0.98628520	0.85843778	0.95040896	0.98709243
16.15500000	0.88827133	0.98291367	0.97184148	0.98640427	0.98640429	0.85862332	0.95060090	0.98717502
16.16000000	0.88892532	0.98290616	0.97188076	0.98652506	0.98652509	0.85881300	0.95078391	0.98726375
16.16500000	0.88959145	0.98289699	0.97191394	0.98664723	0.98664725	0.85900687	0.95095772	0.98735821
16.17000000	0.89026920	0.98288609	0.97194106	0.98677043	0.98677045	0.85920499	0.95112212	0.98745798
16.17500000	0.89095801	0.98287342	0.97196217	0.98689433	0.98689435	0.85940740	0.95127696	0.98756263
16.18000000	0.89165735	0.98285892	0.97197734	0.98701857	0.98701859	0.85961416	0.95142211	0.98767169
16.18500000	0.89236662	0.98284256	0.97198665	0.98714282	0.98714284	0.85982531	0.95155755	0.98778468
16.19000000	0.89308527	0.98282431	0.97199019	0.98726672	0.98726674	0.86004088	0.95168325	0.98790111
16.19500000	0.89381271	0.98280413	0.97198884	0.98738993	0.98738995	0.86026090	0.95179928	0.98802047
16.20000000	0.89454836	0.98278200	0.97198397	0.98751210	0.98751212	0.86048537	0.95190574	0.98814225
16.20500000	0.89529161	0.98275790	0.97197550	0.98763290	0.98763292	0.86071430	0.95200279	0.98826589
16.21000000	0.89604189	0.98273183	0.97196340	0.98775197	0.98775199	0.86094768	0.95209062	0.98839086
16.21500000	0.89679860	0.98270377	0.97194764	0.98786899	0.98786901	0.86118548	0.95216948	0.98851660
16.22000000	0.89756117	0.98267372	0.97192822	0.98798362	0.98798364	0.86142766	0.95223968	0.98864255
16.22500000	0.89832902	0.98264169	0.97190512	0.98809555	0.98809557	0.86167417	0.95230154	0.98876812
16.23000000	0.89910158	0.98260768	0.97187837	0.98820444	0.98820447	0.86192494	0.95235544	0.98889276
16.23500000	0.89987829	0.98257171	0.97184798	0.98831001	0.98831003	0.86217987	0.95240179	0.98901588
16.24000000	0.90065860	0.98253380	0.97181400	0.98841195	0.98841197	0.86243886	0.95244103	0.98913691
16.24500000	0.90144199	0.98249398	0.97177648	0.98850996	0.98850999	0.86270179	0.95247365	0.98925527
16.25000000	0.90222794	0.98245226	0.97173546	0.98860379	0.98860381	0.86296851	0.95250014	0.98937040
16.25500000	0.90301595	0.98240869	0.97169103	0.98869315	0.98869318	0.86323887	0.95252103	0.98948175
16.26000000	0.90380555	0.98236331	0.97164325	0.98877781	0.98877784	0.86351267	0.95253687	0.98958876
16.26500000	0.90459627	0.98231615	0.97159222	0.98885753	0.98885756	0.86378972	0.95254820	0.98969091
16.27000000	0.90538768	0.98226727	0.97153802	0.98893209	0.98893211	0.86406981	0.95255561	0.98978766
16.27500000	0.90617938	0.98221671	0.97148076	0.98900127	0.98900130	0.86435270	0.95255967	0.98987853
16.28000000	0.90697096	0.98216454	0.97142056	0.98906491	0.98906493	0.86463813	0.95256097	0.98996303
16.28500000	0.90776207	0.98211080	0.97135754	0.98912281	0.98912283	0.86492584	0.95256041	0.99004069
16.29000000	0.90855238	0.98205557	0.97129181	0.98917483	0.98917486	0.86521554	0.95255882	0.99011109
16.29500000	0.90934158	0.98199890	0.97122352	0.98922084	0.98922086	0.86550692	0.95255653	0.99017382
16.30000000	0.91012938	0.98194087	0.97115281	0.98926071	0.98926074	0.86579968	0.95255386	0.99022850
16.30500000	0.91091554	0.98188154	0.97107982	0.98929435	0.98929438	0.86609349	0.95255114	0.99027476
16.31000000	0.91169984	0.98182099	0.97100471	0.98932169	0.98932171	0.86638800	0.95254870	0.99031231
16.31500000	0.91248207	0.98175929	0.97092764	0.98934266	0.98934268	0.86668288	0.95254687	0.99034085
16.32000000	0.91326207	0.98169651	0.97084877	0.98935722	0.98935724	0.86697776	0.95254597	0.99036012
16.32500000	0.91403970	0.98163274	0.97076827	0.98936535	0.98936538	0.86727228	0.95254654	0.99036992
16.33000000	0.91481487	0.98156804	0.97068632	0.98936706	0.98936709	0.86756607	0.95254957	0.99037005
16.33500000	0.91558747	0.98150250	0.97060309	0.98936413	0.98936415	0.86785878	0.95255544	0.99036402
16.34000000	0.91635748	0.98143619	0.97051878	0.98935711	0.98935714	0.86815003	0.95256447	0.99035156
16.34500000	0.91712484	0.98136919	0.97043355	0.98934591	0.98934593	0.86843946	0.95257697	0.99033243
16.35000000	0.91788958	0.98130156	0.97034761	0.98933043	0.98933045	0.86872671	0.95259318	0.99030640
16.35500000	0.91865171	0.98123340	0.97026115	0.98931062	0.98931065	0.86901144	0.95261334	0.99027329
16.36000000	0.91941128	0.98116477	0.97017436	0.98928645	0.98928647	0.86929330	0.95263760	0.99023294
16.36500000	0.92016836	0.98109573	0.97008742	0.98925789	0.98925792	0.86957198	0.95266610	0.99018525
16.37000000	0.92092306	0.98102636	0.97000055	0.98922496	0.98922499	0.86984717	0.95269893	0.99013013
16.37500000	0.92167549	0.98095672	0.96991393	0.98918768	0.98918771	0.87011858	0.95273614	0.99006755
16.38000000	0.92242578	0.98088688	0.96982775	0.98914610	0.98914612	0.87038595	0.95277771	0.98999750
16.38500000	0.92317409	0.98081689	0.96974223	0.98910028	0.98910030	0.87064905	0.95282362	0.98992002
16.39000000	0.92392059	0.98074682	0.96965754	0.98905031	0.98905034	0.87090766	0.95287378	0.98983516
16.39500000	0.92466546	0.98067671	0.96957388	0.98899630	0.98899632	0.87116163	0.95292807	0.98974304
16.40000000	0.92540892	0.98060661	0.96949144	0.98893837	0.98893839	0.87141080	0.95298632	0.98964378
16.40500000	0.92615116	0.98053657	0.96941040	0.98887665	0.98887667	0.87165509	0.95304833	0.98953756
16.41000000	0.92689240	0.98046663	0.96933095	0.98881131	0.98881133	0.87189444	0.95311388	0.98942456
16.41500000	0.92763288	0.98039683	0.96925327	0.98874251	0.98874253	0.87212883	0.95318271	0.98930502
16.42000000	0.92837284	0.98032721	0.96917753	0.98867046	0.98867048	0.87235830	0.95325450	0.98917919
16.42500000	0.92911250	0.98025779	0.96910390	0.98859534	0.98859536	0.87258294	0.95332896	0.98904737
16.43000000	0.92985212	0.98018860	0.96903254	0.98851738	0.98851740	0.87280289	0.95340573	0.98890985
16.43500000	0.93059192	0.98011966	0.96896362	0.98843681	0.98843683	0.87301834	0.95348446	0.98876698
16.44000000	0.93133215	0.98005101	0.96889728	0.98835388	0.98835389	0.87322956	0.95356476	0.98861911
16.44500000	0.93207305	0.97998264	0.96883367	0.98826882	0.98826884	0.87343685	0.95364625	0.98846663
16.45000000	0.93281483	0.97991458	0.96877293	0.98818192	0.98818194	0.87364058	0.95372853	0.98830994
16.45500000	0.93355772	0.97984683	0.96871519	0.98809345	0.98809347	0.87384120	0.95381120	0.98814945
16.46000000	0.93430191	0.97977941	0.96866057	0.98800369	0.98800371	0.87403920	0.95389386	0.98798560
16.46500000	0.93504762	0.97971233	0.96860919	0.98791293	0.98791295	0.87423516	0.95397611	0.98781884
16.47000000	0.93579500	0.97964558	0.96856116	0.98782148	0.98782149	0.87442970	0.95405756	0.98764963
16.47500000	0.93654423	0.97957917	0.96851658	0.98772963	0.98772964	0.87462353	0.95413784	0.98747845
16.48000000	0.93729544	0.97951310	0.96847554	0.98763770	0.98763771	0.87481742	0.95421659	0.98730577
16.48500000	0.93804876	0.97944738	0.96843813	0.98754600	0.98754601	0.87501219	0.95429347	0.98713209
16.49000000	0.93880428	0.97938201	0.96840442	0.98745486	0.98745487	0.87520876	0.95436815	0.98695789
16.49500000	0.93956207	0.97931699	0.96837449	0.98736458	0.98736459	0.87540807	0.95444037	0.98678369
16.50000000	0.94032219	0.97925232	0.96834839	0.98727550	0.98727550	0.87561117	0.95450985	0.98660997
16.50500000	0.94108464	0.97918801	0.96832618	0.98718792	0.98718793	0.87581914	0.95457637	0.98643723
16.51000000	0.94184943	0.97912406	0.96830792	0.98710218	0.98710219	0.87603314	0.95463976	0.98626598
16.51500000	0.94261652	0.97906049	0.96829363	0.98701860	0.98701860	0.87625438	0.95469985	0.98609669
16.52000000	0.94338584	0.97899732	0.96828336	0.98693748	0.98693748	0.87648412	0.95475656	0.98592987
16.52500000	0.94415730	0.97893454	0.96827714	0.98685913	0.98685914	0.87672369	0.95480982	0.98576598
16.53000000	0.94493077	0.97887219	0.96827499	0.98678387	0.98678387	0.87697445	0.95485962	0.98560549
16.53500000	0.94570611	0.97881030	0.96827810	0.98671199	0.98671200	0.87723782	0.95490599	0.98544887
16.54000000	0.94648312	0.97874889	0.96828766	0.98664379	0.98664379	0.87751526	0.95494903	0.98529657
16.54500000	0.94726161	0.97868800	0.96830346	0.98657955	0.98657956	0.87780826	0.95498886	0.98514900
16.55000000	0.94804134	0.97862768	0.96832530	0.98651956	0.98651956	0.87811836	0.95502568	0.98500660
16.55500000	0.94882205	0.97856798	0.96835300	0.98646407	0.98646407	0.87844710	0.95505972	0.98486977
16.56000000	0.94960346	0.97850896	0.96838639	0.98641334	0.98641334	0.87879607	0.95509128	0.98473888
16.56500000	0.95038526	0.97845068	0.96842533	0.98636762	0.98636762	0.87916687	0.95512069	0.98461431
16.57000000	0.95116714	0.97839323	0.96846968	0.98632715	0.98632715	0.87956111	0.95514834	0.98449639
16.57500000	0.95194875	0.97833668	0.96851931	0.98629214	0.98629214	0.87998040	0.95517468	0.98438547
16.58000000	0.95272974	0.97828114	0.96857412	0.98626280	0.98626280	0.88042635	0.95520019	0.98428183
16.58500000	0.95350976	0.97822672	0.96863401	0.98623933	0.98623933	0.88090058	0.95522542	0.98418577
16.59000000	0.95428842	0.97817352	0.96869889	0.98622191	0.98622191	0.88140468	0.95525094	0.98409754
16.59500000	0.95506536	0.97812168	0.96876870	0.98621071	0.98621071	0.88194023	0.95527737	0.98401738
16.60000000	0.95584019	0.97807134	0.96884337	0.98620586	0.98620586	0.88250878	0.95530537	0.98394550
16.60500000	0.95661253	0.97802265	0.96892284	0.98620851	0.98620851	0.88311183	0.95533566	0.98388209
16.61000000	0.95738202	0.97797578	0.96900709	0.98622165	0.98622165	0.88375087	0.95536897	0.98382732
16.61500000	0.95814828	0.97793089	0.96909608	0.98624505	0.98624505	0.88442732	0.95540606	0.98378133
16.62000000	0.95891095	0.97788819	0.96918980	0.98627851	0.98627851	0.88514255	0.95544773	0.98374423
16.62500000	0.95966969	0.97784786	0.96928822	0.98632180	0.98632180	0.88589787	0.95549481	0.98371611
16.63000000	0.96042416	0.97781013	0.96939136	0.98637472	0.98637472	0.88669451	0.95554815	0.98369705
16.63500000	0.96117405	0.97777522	0.96949921	0.98643707	0.98643707	0.88753365	0.95560860	0.98368707
16.64000000	0.96191905	0.97774336	0.96961179	0.98650862	0.98650862	0.88841636	0.95567705	0.98368622
16.64500000	0.96265888	0.97771481	0.96972912	0.98658917	0.98658918	0.88934362	0.95575439	0.98369942
16.65000000	0.96339328	0.97768982	0.96985123	0.98667851	0.98667851	0.89031632	0.95584151	0.98372667
16.65500000	0.96412202	0.97766868	0.96997815	0.98677640	0.98677641	0.89133526	0.95593931	0.98376737
16.66000000	0.96484486	0.97765165	0.97010991	0.98688263	0.98688264	0.89240111	0.95604870	0.98382099
16.66500000	0.96556161	0.97763904	0.97024655	0.98699696	0.98699697	0.89351442	0.95617057	0.98388696
16.67000000	0.96627209	0.97763115	0.97038810	0.98711916	0.98711917	0.89467563	0.95630580	0.98396477
16.67500000	0.96697613	0.97762827	0.97053462	0.98724898	0.98724899	0.89588505	0.95645526	0.98405388
16.68000000	0.96767360	0.97763222	0.97068613	0.98738617	0.98738618	0.89714284	0.95661981	0.98415379
16.68500000	0.96836437	0.97764509	0.97084267	0.98753047	0.98753049	0.89844903	0.95680028	0.98426398
16.69000000	0.96904832	0.97766707	0.97100429	0.98768163	0.98768165	0.89980353	0.95699747	0.98438396
16.69500000	0.96972534	0.97769838	0.97117100	0.98783937	0.98783939	0.90120605	0.95721216	0.98451322
16.70000000	0.97039534	0.97773926	0.97134283	0.98800342	0.98800344	0.90265618	0.95744509	0.98465127
16.70500000	0.97105824	0.97778995	0.97151980	0.98817351	0.98817352	0.90415336	0.95769697	0.98479761
16.71000000	0.97171392	0.97785071	0.97170192	0.98834933	0.98834935	0.90569684	0.95796846	0.98495175
16.71500000	0.97236231	0.97792180	0.97188918	0.98853061	0.98853063	0.90728574	0.95826018	0.98511321
16.72000000	0.97300330	0.97800347	0.97208158	0.98871705	0.98871708	0.90891899	0.95857269	0.98528148
16.72500000	0.97363678	0.97809598	0.97227909	0.98890836	0.98890838	0.91059537	0.95890652	0.98545610
16.73000000	0.97426262	0.97819959	0.97248166	0.98910423	0.98910426	0.91231347	0.95926211	0.98563656
16.73500000	0.97488067	0.97831454	0.97268924	0.98930436	0.98930439	0.91407175	0.95963988	0.98582239
16.74000000	0.97549076	0.97844106	0.97290177	0.98950845	0.98950848	0.91586847	0.96004016	0.98601310
16.74500000	0.97609271	0.97857937	0.97311916	0.98971618	0.98971621	0.91770173	0.96046322	0.98620822
16.75000000	0.97668627	0.97872967	0.97334129	0.98992725	0.98992728	0.91956948	0.96090926	0.98640726
16.75500000	0.97727119	0.97889213	0.97356804	0.99014135	0.99014138	0.92146949	0.96137842	0.98660974
16.76000000	0.97784717	0.97906692	0.97379927	0.99035817	0.99035820	0.92339938	0.96187076	0.98681521
16.76500000	0.97841387	0.97925416	0.97403480	0.99057739	0.99057742	0.92535661	0.96238626	0.98702317
16.77000000	0.97897089	0.97945395	0.97427444	0.99079871	0.99079874	0.92733848	0.96292482	0.98723318
16.77500000	0.97951783	0.97966637	0.97451799	0.99102181	0.99102185	0.92934218	0.96348626	0.98744476
16.78000000	0.98005418	0.97989143	0.97476520	0.99124640	0.99124644	0.93136470	0.96407033	0.98765746
16.78500000	0.98057944	0.98012915	0.97501582	0.99147215	0.99147219	0.93340296	0.96467669	0.98787082
16.79000000	0.98109302	0.98037948	0.97526957	0.99169876	0.99169880	0.93545370	0.96530490	0.98808440
16.79500000	0.98159428	0.98064234	0.97552613	0.99192593	0.99192598	0.93751357	0.96595445	0.98829776
16.80000000	0.98208257	0.98091762	0.97578518	0.99215336	0.99215340	0.93957911	0.96662475	0.98851046
16.80500000	0.98255714	0.98120513	0.97604638	0.99238074	0.99238078	0.94164676	0.96731510	0.98872207
16.81000000	0.98301722	0.98150468	0.97630934	0.99260776	0.99260781	0.94371284	0.96802472	0.98893218
16.81500000	0.98346198	0.98181600	0.97657368	0.99283414	0.99283419	0.94577364	0.96875276	0.98914037
16.82000000	0.98389056	0.98213879	0.97683897	0.99305958	0.99305963	0.94782534	0.96949825	0.98934623
16.82500000	0.98430204	0.98247271	0.97710480	0.99328377	0.99328382	0.94986408	0.97026016	0.98954939
16.83000000	0.98469546	0.98281734	0.97737069	0.99350643	0.99350648	0.95188596	0.97103737	0.98974944
16.83500000	0.98506984	0.98317223	0.97763620	0.99372726	0.99372731	0.95388704	0.97182865	0.98994601
16.84000000	0.98542417	0.98353690	0.97790083	0.99394596	0.99394602	0.95586337	0.97263273	0.99013875
16.84500000	0.98575737	0.98391080	0.97816409	0.99416226	0.99416232	0.95781099	0.97344821	0.99032729
16.85000000	0.98606839	0.98429332	0.97842547	0.99437586	0.99437591	0.95972593	0.97427365	0.99051130
16.85500000	0.98635614	0.98468383	0.97868446	0.99458646	0.99458652	0.96160428	0.97510753	0.99069046
16.86000000	0.98661950	0.98508164	0.97894052	0.99479379	0.99479385	0.96344214	0.97594823	0.99086443
16.86500000	0.98685736	0.98548602	0.97919313	0.99499755	0.99499761	0.96523567	0.97679408	0.99103292
16.87000000	0.98706862	0.98589619	0.97944175	0.99519745	0.99519751	0.96698109	0.97764335	0.99119564
16.87500000	0.98725217	0.98631133	0.97968585	0.99539321	0.99539327	0.96867471	0.97849424	0.99135232
16.88000000	0.98740690	0.98673060	0.97992489	0.99558454	0.99558460	0.97031293	0.97934489	0.99150269
16.88500000	0.98753173	0.98715308	0.98015834	0.99577115	0.99577121	0.97189224	0.98019341	0.99164651
16.89000000	0.98762562	0.98757787	0.98038566	0.99595275	0.99595281	0.97340928	0.98103784	0.99178354
16.89500000	0.98768753	0.98800399	0.98060635	0.99612906	0.99612912	0.97486080	0.98187620	0.99191358
16.90000000	0.98771647	0.98843046	0.98081989	0.99629979	0.99629985	0.97624373	0.98270646	0.99203641
16.90500000	0.98771337	0.98885626	0.98102577	0.99646466	0.99646471	0.97755511	0.98352659	0.99215187
16.91000000	0.98768840	0.98928037	0.98122352	0.99662337	0.99662343	0.97879221	0.98433452	0.99225977
16.91500000	0.98764022	0.98970173	0.98141267	0.99677566	0.99677572	0.97995244	0.98512818	0.99235998
16.92000000	0.98756757	0.99011928	0.98159276	0.99692124	0.99692129	0.98103343	0.98590549	0.99245235
16.92500000	0.98746927	0.99053194	0.98176337	0.99705983	0.99705989	0.98203300	0.98666439	0.99253679
16.93000000	0.98734419	0.99093863	0.98192408	0.99719116	0.99719122	0.98294919	0.98740283	0.99261318
16.93500000	0.98719130	0.99133827	0.98207450	0.99731497	0.99731503	0.98378026	0.98811876	0.99268145
16.94000000	0.98700964	0.99172979	0.98221429	0.99743100	0.99743105	0.98452471	0.98881020	0.99274154
16.94500000	0.98679835	0.99211212	0.98234309	0.99753898	0.99753904	0.98518127	0.98947518	0.99279341
16.95000000	0.98655665	0.99248421	0.98246061	0.99763868	0.99763873	0.98574890	0.99011181	0.99283704
16.95500000	0.98628384	0.99284501	0.98256657	0.99772985	0.99772990	0.98622682	0.99071822	0.99287242
16.96000000	0.98597934	0.99319351	0.98266071	0.99781227	0.99781232	0.98661451	0.99129264	0.99289956
16.96500000	0.98564263	0.99352874	0.98274284	0.99788572	0.99788578	0.98691167	0.99183338	0.99291851
16.97000000	0.98527331	0.99384973	0.98281276	0.99795001	0.99795006	0.98711829	0.99233880	0.99292931
16.97500000	0.98487108	0.99415556	0.98287033	0.99800494	0.99800499	0.98723459	0.99280740	0.99293204
16.98000000	0.98443573	0.99444537	0.98291543	0.99805034	0.99805039	0.98726104	0.99323775	0.99292876
16.98500000	0.98396716	0.99471831	0.98294798	0.99808606	0.99808611	0.98722188	0.99362855	0.99292044
16.99000000	0.98346536	0.99497362	0.98296794	0.99811197	0.99811202	0.98712616	0.99397861	0.99290697
16.99500000	0.98293043	0.99521055	0.98297530	0.99812794	0.99812799	0.98697266	0.99428686	0.99288830
17.00000000	0.98236257	0.99542844	0.98297204	0.99813388	0.99813393	0.98676048	0.99455237	0.99286437
17.00500000	0.98176209	0.99562667	0.98296084	0.99813129	0.99813134	0.98648898	0.99477435	0.99283516
17.01000000	0.98112937	0.99580470	0.98294147	0.99812225	0.99812230	0.98615783	0.99495215	0.99280068
17.01500000	0.98046493	0.99596205	0.98291376	0.99810653	0.99810658	0.98576694	0.99508527	0.99276096
17.02000000	0.97976934	0.99609830	0.98287756	0.99808391	0.99808396	0.98531651	0.99517336	0.99271603
17.02500000	0.97904331	0.99621312	0.98283278	0.99805421	0.99805425	0.98480697	0.99521622	0.99266598
17.03000000	0.97828761	0.99630622	0.98277935	0.99801726	0.99801731	0.98423902	0.99521472	0.99261089
17.03500000	0.97750311	0.99637742	0.98271726	0.99797295	0.99797299	0.98361354	0.99518495	0.99255087
17.04000000	0.97669076	0.99642660	0.98264653	0.99792118	0.99792122	0.98293168	0.99512604	0.99248605
17.04500000	0.97585159	0.99645371	0.98256720	0.99786189	0.99786193	0.98219474	0.99503728	0.99241659
17.05000000	0.97498671	0.99645879	0.98247939	0.99779504	0.99779508	0.98140425	0.99491814	0.99234265
17.05500000	0.97409731	0.99644825	0.98238321	0.99772064	0.99772069	0.98056190	0.99476824	0.99226442
17.06000000	0.97318463	0.99642374	0.98227884	0.99763872	0.99763877	0.97966953	0.99458741	0.99218210
17.06500000	0.97224998	0.99638491	0.98216646	0.99754934	0.99754938	0.97872914	0.99437559	0.99209590
17.07000000	0.97129472	0.99633154	0.98204631	0.99745259	0.99745263	0.97774286	0.99413293	0.99200605
17.07500000	0.97032029	0.99626346	0.98191864	0.99734858	0.99734862	0.97671293	0.99385970	0.99191280
17.08000000	0.96932813	0.99618060	0.98178375	0.99723748	0.99723751	0.97564172	0.99355634	0.99181641
17.08500000	0.96831975	0.99608295	0.98164194	0.99711944	0.99711948	0.97453165	0.99322344	0.99171714
17.09000000	0.96729669	0.99597059	0.98149358	0.99699469	0.99699472	0.97338525	0.99286173	0.99161527
17.09500000	0.96626051	0.99584366	0.98133901	0.99686344	0.99686348	0.97220507	0.99247206	0.99151109
17.10000000	0.96521279	0.99570238	0.98117862	0.99672597	0.99672600	0.97099374	0.99205543	0.99140489
17.10500000	0.96415513	0.99554704	0.98101284	0.99658254	0.99658258	0.96975390	0.99161296	0.99129699
17.11000000	0.96308913	0.99537800	0.98084209	0.99643347	0.99643350	0.96848823	0.99114588	0.99118768
17.11500000	0.96201640	0.99519566	0.98066682	0.99627908	0.99627911	0.96719937	0.99065552	0.99107729
17.12000000	0.96093854	0.99500052	0.98048750	0.99611972	0.99611975	0.96588999	0.99014333	0.99096614
17.12500000	0.95985715	0.99479309	0.98030460	0.99595576	0.99595579	0.96456273	0.98961085	0.99085455
17.13000000	0.95877381	0.99457397	0.98011861	0.99578758	0.99578761	0.96322017	0.98905967	0.99074285
17.13500000	0.95769005	0.99434380	0.97993003	0.99561559	0.99561563	0.96186488	0.98849151	0.99063137
17.14000000	0.95660742	0.99410326	0.97973939	0.99544021	0.99544024	0.96049936	0.98790811	0.99052043
17.14500000	0.95552741	0.99385308	0.97954719	0.99526187	0.99526190	0.95912602	0.98731129	0.99041037
17.15000000	0.95445146	0.99359404	0.97935396	0.99508100	0.99508103	0.95774724	0.98670292	0.99030152
17.15500000	0.95338100	0.99332693	0.97916022	0.99489808	0.99489811	0.95636527	0.98608489	0.99019420
17.16000000	0.95231737	0.99305260	0.97896650	0.99471355	0.99471358	0.95498228	0.98545913	0.99008874
17.16500000	0.95126190	0.99277192	0.97877334	0.99452789	0.99452792	0.95360037	0.98482761	0.98998546
17.17000000	0.95021584	0.99248578	0.97858125	0.99434158	0.99434161	0.95222150	0.98419228	0.98988467
17.17500000	0.94918037	0.99219510	0.97839077	0.99415509	0.99415512	0.95084752	0.98355511	0.98978669
17.18000000	0.94815664	0.99190082	0.97820240	0.99396890	0.99396893	0.94948018	0.98291807	0.98969183
17.18500000	0.94714570	0.99160390	0.97801666	0.99378350	0.99378353	0.94812110	0.98228309	0.98960039
17.19000000	0.94614855	0.99130529	0.97783405	0.99359937	0.99359939	0.94677177	0.98165212	0.98951265
17.19500000	0.94516610	0.99100597	0.97765507	0.99341697	0.99341700	0.94543358	0.98102702	0.98942892
17.20000000	0.94419921	0.99070692	0.97748019	0.99323678	0.99323681	0.94410777	0.98040967	0.98934945
17.20500000	0.94324865	0.99040912	0.97730989	0.99305927	0.99305930	0.94279546	0.97980186	0.98927453
17.21000000	0.94231511	0.99011354	0.97714463	0.99288489	0.99288491	0.94149763	0.97920535	0.98920441
17.21500000	0.94139922	0.98982116	0.97698483	0.99271408	0.99271410	0.94021515	0.97862183	0.98913934
17.22000000	0.94050151	0.98953294	0.97683093	0.99254728	0.99254730	0.93894877	0.97805291	0.98907956
17.22500000	0.93962245	0.98924984	0.97668333	0.99238491	0.99238493	0.93769909	0.97750015	0.98902531
17.23000000	0.93876243	0.98897279	0.97654242	0.99222737	0.99222739	0.93646662	0.97696502	0.98897678
17.23500000	0.93792174	0.98870271	0.97640857	0.99207506	0.99207508	0.93525173	0.97644890	0.98893420
17.24000000	0.93710064	0.98844050	0.97628212	0.99192834	0.99192837	0.93405468	0.97595308	0.98889776
17.24500000	0.93629927	0.98818704	0.97616341	0.99178758	0.99178760	0.93287565	0.97547876	0.98886762
17.25000000	0.93551772	0.98794318	0.97605274	0.99165310	0.99165312	0.93171468	0.97502704	0.98884396
17.25500000	0.93475601	0.98770974	0.97595039	0.99152522	0.99152524	0.93057173	0.97459891	0.98882693
17.26000000	0.93401408	0.98748751	0.97585662	0.99140422	0.99140424	0.92944666	0.97419526	0.98881667
17.26500000	0.93329182	0.98727724	0.97577167	0.99129038	0.99129040	0.92833926	0.97381689	0.98881330
17.27000000	0.93258903	0.98707966	0.97569574	0.99118393	0.99118395	0.92724922	0.97346446	0.98881910
17.27500000	0.93190549	0.98689544	0.97562902	0.99108510	0.99108512	0.92617617	0.97313853	0.98883602
17.28000000	0.93124088	0.98672522	0.97557168	0.99099408	0.99099410	0.92511967	0.97283956	0.98886379
17.28500000	0.93059485	0.98656961	0.97552384	0.99091103	0.99091105	0.92407922	0.97256788	0.98890212
17.29000000	0.92996699	0.98642915	0.97548562	0.99083609	0.99083611	0.92305427	0.97232371	0.98895076
17.29500000	0.92935687	0.98630435	0.97545710	0.99076938	0.99076940	0.92204422	0.97210717	0.98900944
17.30000000	0.92876398	0.98619567	0.97543833	0.99071098	0.99071100	0.92104843	0.97191826	0.98907791
17.30500000	0.92818778	0.98610351	0.97542934	0.99066094	0.99066096	0.92006624	0.97175686	0.98915588
17.31000000	0.92762772	0.98602824	0.97543061	0.99061929	0.99061931	0.91909695	0.97162276	0.98924311
17.31500000	0.92708319	0.98597016	0.97544744	0.99058604	0.99058606	0.91813985	0.97151563	0.98933932
17.32000000	0.92655357	0.98592952	0.97547917	0.99056116	0.99056118	0.91719422	0.97143505	0.98944424
17.32500000	0.92603820	0.98590652	0.97552514	0.99054460	0.99054461	0.91625933	0.97138048	0.98955757
17.33000000	0.92553643	0.98590130	0.97558472	0.99053626	0.99053628	0.91533444	0.97135130	0.98967902
17.33500000	0.92504755	0.98592154	0.97565729	0.99053605	0.99053607	0.91441884	0.97134679	0.98980828
17.34000000	0.92457089	0.98596966	0.97574222	0.99054850	0.99054852	0.91351181	0.97137776	0.98994505
17.34500000	0.92410573	0.98604461	0.97583888	0.99057300	0.99057302	0.91261266	0.97144434	0.99008898
17.35000000	0.92365137	0.98614538	0.97594666	0.99060885	0.99060887	0.91172070	0.97154371	0.99023973
17.35500000	0.92320709	0.98627094	0.97606492	0.99065534	0.99065535	0.91083529	0.97167311	0.99039696
17.36000000	0.92277220	0.98642026	0.97619304	0.99071177	0.99071178	0.90995581	0.97182987	0.99056028
17.36500000	0.92234599	0.98659230	0.97633038	0.99077746	0.99077748	0.90908167	0.97201135	0.99072931
17.37000000	0.92192776	0.98678603	0.97647628	0.99085175	0.99085176	0.90821231	0.97221497	0.99090367
17.37500000	0.92151684	0.98700039	0.97663008	0.99093396	0.99093397	0.90734721	0.97243821	0.99108293
17.38000000	0.92111256	0.98723430	0.97679113	0.99102344	0.99102346	0.90648591	0.97267859	0.99126667
17.38500000	0.92071426	0.98748667	0.97695872	0.99111954	0.99111955	0.90562797	0.97293370	0.99145446
17.39000000	0.92032132	0.98775639	0.97713217	0.99122161	0.99122163	0.90477301	0.97320116	0.99164584
17.39500000	0.91993313	0.98804232	0.97731078	0.99132901	0.99132903	0.90392067	0.97347865	0.99184035
17.40000000	0.91954909	0.98834330	0.97749381	0.99144112	0.99144113	0.90307067	0.97376390	0.99203752
17.40500000	0.91916864	0.98865817	0.97768055	0.99155729	0.99155731	0.90222275	0.97405472	0.99223687
17.41000000	0.91879125	0.98898572	0.97787025	0.99167692	0.99167693	0.90137670	0.97434897	0.99243789
17.41500000	0.91841639	0.98932474	0.97806215	0.99179938	0.99179940	0.90053239	0.97464455	0.99264010
17.42000000	0.91804359	0.98967399	0.97825550	0.99192409	0.99192410	0.89968968	0.97493945	0.99284297
17.42500000	0.91767239	0.99003222	0.97844953	0.99205043	0.99205045	0.89884852	0.97523173	0.99304600
17.43000000	0.91730237	0.99039816	0.97864346	0.99217783	0.99217785	0.89800888	0.97551951	0.99324867
17.43500000	0.91693314	0.99077054	0.97883652	0.99230570	0.99230572	0.89717078	0.97580099	0.99345045
17.44000000	0.91656433	0.99114807	0.97902793	0.99243350	0.99243352	0.89633429	0.97607446	0.99365082
17.44500000	0.91619560	0.99152946	0.97921691	0.99256066	0.99256068	0.89549951	0.97633828	0.99384927
17.45000000	0.91582667	0.99191341	0.97940269	0.99268664	0.99268666	0.89466657	0.97659089	0.99404527
17.45500000	0.91545725	0.99229862	0.97958449	0.99281093	0.99281095	0.89383565	0.97683083	0.99423830
17.46000000	0.91508711	0.99268379	0.97976156	0.99293301	0.99293303	0.89300695	0.97705671	0.99442786
17.46500000	0.91471605	0.99306766	0.97993314	0.99305240	0.99305242	0.89218071	0.97726727	0.99461344
17.47000000	0.91434388	0.99344893	0.98009851	0.99316861	0.99316863	0.89135719	0.97746130	0.99479455
17.47500000	0.91397046	0.99382636	0.98025695	0.99328118	0.99328121	0.89053669	0.97763771	0.99497071
17.48000000	0.91359567	0.99419870	0.98040777	0.99338969	0.99338971	0.88971951	0.97779550	0.99514145
17.48500000	0.91321942	0.99456474	0.98055029	0.99349369	0.99349371	0.88890599	0.97793378	0.99530632
17.49000000	0.91284165	0.99492329	0.98068389	0.99359279	0.99359282	0.88809647	0.97805174	0.99546488
17.49500000	0.91246232	0.99527320	0.98080794	0.99368661	0.99368663	0.88729133	0.97814868	0.99561670
17.50000000	0.91208142	0.99561335	0.98092188	0.99377477	0.99377480	0.88649093	0.97822401	0.99576141
17.50500000	0.91169896	0.99594266	0.98102517	0.99385695	0.99385697	0.88569567	0.97827722	0.99589861
17.51000000	0.91131499	0.99626011	0.98111732	0.99393280	0.99393283	0.88490593	0.97830791	0.99602797
17.51500000	0.91092957	0.99656469	0.98119787	0.99400204	0.99400207	0.88412210	0.97831578	0.99614914
17.52000000	0.91054278	0.99685550	0.98126641	0.99406438	0.99406441	0.88334460	0.97830631	0.99626184
17.52500000	0.91015471	0.99713164	0.98132260	0.99411957	0.99411959	0.88257382	0.97828202	0.99636579
17.53000000	0.90976550	0.99739231	0.98136611	0.99416735	0.99416738	0.88181015	0.97824238	0.99646074
17.53500000	0.90937528	0.99763676	0.98139671	0.99420752	0.99420755	0.88105398	0.97818697	0.99654648
17.54000000	0.90898420	0.99786429	0.98141420	0.99423989	0.99423992	0.88030569	0.97811542	0.99662283
17.54500000	0.90859243	0.99807429	0.98141842	0.99426427	0.99426430	0.87956567	0.97802748	0.99668963
17.55000000	0.90820017	0.99826621	0.98141271	0.99428052	0.99428055	0.87883428	0.97792297	0.99674676
17.55500000	0.90780759	0.99843959	0.98139843	0.99428851	0.99428854	0.87811188	0.97780180	0.99679414
17.56000000	0.90741492	0.99859403	0.98137530	0.99428827	0.99428830	0.87739880	0.97766395	0.99683170
17.56500000	0.90702237	0.99872920	0.98134308	0.99428273	0.99428276	0.87669538	0.97750949	0.99685942
17.57000000	0.90663016	0.99884486	0.98130160	0.99427166	0.99427169	0.87600194	0.97733858	0.99687731
17.57500000	0.90623852	0.99894086	0.98125075	0.99425485	0.99425488	0.87531876	0.97715142	0.99688542
17.58000000	0.90584769	0.99901711	0.98119047	0.99423209	0.99423212	0.87464615	0.97694831	0.99688440
17.58500000	0.90545792	0.99907359	0.98112074	0.99420323	0.99420325	0.87398435	0.97672961	0.99687734
17.59000000	0.90506945	0.99911040	0.98104162	0.99416811	0.99416814	0.87333364	0.97649573	0.99686410
17.59500000	0.90468253	0.99912767	0.98095319	0.99412663	0.99412666	0.87269423	0.97624717	0.99684456
17.60000000	0.90429741	0.99912641	0.98085561	0.99407868	0.99407870	0.87206636	0.97598447	0.99681866
17.60500000	0.90391433	0.99911322	0.98074906	0.99402418	0.99402421	0.87145022	0.97570822	0.99678636
17.61000000	0.90353355	0.99908791	0.98063380	0.99396309	0.99396312	0.87084600	0.97541907	0.99674767
17.61500000	0.90315532	0.99905036	0.98051010	0.99389538	0.99389540	0.87025387	0.97511771	0.99670260
17.62000000	0.90277986	0.99900050	0.98037828	0.99382103	0.99382106	0.86967398	0.97480488	0.99665123
17.62500000	0.90240744	0.99893839	0.98023873	0.99374006	0.99374009	0.86910649	0.97448135	0.99659364
17.63000000	0.90203827	0.99886412	0.98009184	0.99365251	0.99365253	0.86855152	0.97414793	0.99652994
17.63500000	0.90167259	0.99877787	0.97993805	0.99355842	0.99355845	0.86800917	0.97380546	0.99646028
17.64000000	0.90131061	0.99867990	0.97977784	0.99345789	0.99345791	0.86747957	0.97345480	0.99638483
17.64500000	0.90095256	0.99857050	0.97961170	0.99335099	0.99335102	0.86696279	0.97309685	0.99630378
17.65000000	0.90059864	0.99845005	0.97944015	0.99323786	0.99323789	0.86645892	0.97273251	0.99621734
17.65500000	0.90024905	0.99831899	0.97926375	0.99311863	0.99311866	0.86596804	0.97236270	0.99612575
17.66000000	0.89990396	0.99817780	0.97908307	0.99299345	0.99299348	0.86549020	0.97198834	0.99602927
17.66500000	0.89956358	0.99802703	0.97889869	0.99286250	0.99286252	0.86502547	0.97161039	0.99592817
17.67000000	0.89922805	0.99786725	0.97871120	0.99272597	0.99272599	0.86457388	0.97122977	0.99582274
17.67500000	0.89889754	0.99769910	0.97852123	0.99258407	0.99258409	0.86413550	0.97084742	0.99571327
17.68000000	0.89857219	0.99752324	0.97832938	0.99243702	0.99243705	0.86371034	0.97046429	0.99560010
17.68500000	0.89825214	0.99734038	0.97813628	0.99228507	0.99228510	0.86329846	0.97008129	0.99548355
17.69000000	0.89793751	0.99715125	0.97794254	0.99212849	0.99212851	0.86289987	0.96969933	0.99536396
17.69500000	0.89762842	0.99695663	0.97774880	0.99196753	0.99196755	0.86251460	0.96931932	0.99524168
17.70000000	0.89732496	0.99675728	0.97755567	0.99180248	0.99180251	0.86214268	0.96894214	0.99511706
17.70500000	0.89702722	0.99655403	0.97736375	0.99163366	0.99163368	0.86178413	0.96856865	0.99499047
17.71000000	0.89673527	0.99634768	0.97717366	0.99146136	0.99146138	0.86143896	0.96819967	0.99486227
17.71500000	0.89644918	0.99613907	0.97698597	0.99128591	0.99128593	0.86110719	0.96783603	0.99473285
17.72000000	0.89616901	0.99592903	0.97680127	0.99110764	0.99110767	0.86078884	0.96747850	0.99460256
17.72500000	0.89589478	0.99571841	0.97662011	0.99092690	0.99092692	0.86048392	0.96712784	0.99447179
17.73000000	0.89562653	0.99550804	0.97644302	0.99074402	0.99074405	0.86019243	0.96678475	0.99434090
17.73500000	0.89536428	0.99529875	0.97627054	0.99055938	0.99055940	0.85991439	0.96644993	0.99421027
17.74000000	0.89510803	0.99509138	0.97610315	0.99037332	0.99037335	0.85964980	0.96612401	0.99408027
17.74500000	0.89485777	0.99488672	0.97594133	0.99018622	0.99018624	0.85939867	0.96580762	0.99395126
17.75000000	0.89461349	0.99468557	0.97578551	0.98999843	0.98999846	0.85916099	0.96550130	0.99382360
17.75500000	0.89437516	0.99448872	0.97563613	0.98981034	0.98981037	0.85893675	0.96520561	0.99369765
17.76000000	0.89414275	0.99429691	0.97549357	0.98962231	0.98962234	0.85872596	0.96492101	0.99357376
17.76500000	0.89391621	0.99411088	0.97535820	0.98943471	0.98943473	0.85852859	0.96464797	0.99345226
17.77000000	0.89369549	0.99393132	0.97523033	0.98924790	0.98924793	0.85834463	0.96438687	0.99333348
17.77500000	0.89348051	0.99375891	0.97511029	0.98906226	0.98906229	0.85817405	0.96413810	0.99321775
17.78000000	0.89327122	0.99359427	0.97499832	0.98887814	0.98887816	0.85801682	0.96390196	0.99310538
17.78500000	0.89306752	0.99343800	0.97489467	0.98869589	0.98869591	0.85787290	0.96367873	0.99299667
17.79000000	0.89286933	0.99329067	0.97479955	0.98851586	0.98851589	0.85774223	0.96346866	0.99289189
17.79500000	0.89267656	0.99315280	0.97471312	0.98833839	0.98833842	0.85762477	0.96327193	0.99279134
17.80000000	0.89248909	0.99302487	0.97463553	0.98816381	0.98816384	0.85752043	0.96308870	0.99269526
17.80500000	0.89230683	0.99290730	0.97456688	0.98799244	0.98799246	0.85742915	0.96291909	0.99260392
17.81000000	0.89212965	0.99280049	0.97450724	0.98782458	0.98782460	0.85735082	0.96276318	0.99251753
17.81500000	0.89195744	0.99270478	0.97445666	0.98766053	0.98766055	0.85728536	0.96262100	0.99243633
17.82000000	0.89179006	0.99262046	0.97441515	0.98750057	0.98750060	0.85723263	0.96249255	0.99236051
17.82500000	0.89162738	0.99254779	0.97438269	0.98734497	0.98734500	0.85719251	0.96237782	0.99229027
17.83000000	0.89146927	0.99248695	0.97435923	0.98719399	0.98719402	0.85716485	0.96227673	0.99222576
17.83500000	0.89131558	0.99243811	0.97434470	0.98704786	0.98704789	0.85714949	0.96218919	0.99216715
17.84000000	0.89116616	0.99240134	0.97433897	0.98690680	0.98690683	0.85714626	0.96211508	0.99211458
17.84500000	0.89102086	0.99237672	0.97434369	0.98677102	0.98677105	0.85716018	0.96205425	0.99206816
17.85000000	0.89087952	0.99236422	0.97436186	0.98664071	0.98664074	0.85719232	0.96200651	0.99202800
17.85500000	0.89074199	0.99236381	0.97439268	0.98651603	0.98651606	0.85724168	0.96197168	0.99199418
17.86000000	0.89060810	0.99238233	0.97443539	0.98639714	0.98639716	0.85730729	0.96194954	0.99196678
17.86500000	0.89047767	0.99241909	0.97448923	0.98628417	0.98628420	0.85738822	0.96193983	0.99194584
17.87000000	0.89035054	0.99247314	0.97455348	0.98617724	0.98617727	0.85748359	0.96194380	0.99193139
17.87500000	0.89022653	0.99254354	0.97462740	0.98607644	0.98607647	0.85759254	0.96196669	0.99192345
17.88000000	0.89010547	0.99262933	0.97471030	0.98598187	0.98598189	0.85771423	0.96200734	0.99192202
17.88500000	0.88998716	0.99272956	0.97480150	0.98589356	0.98589359	0.85784786	0.96206468	0.99193012
17.89000000	0.88987142	0.99284328	0.97490030	0.98581158	0.98581161	0.85799263	0.96213767	0.99194823
17.89500000	0.88975806	0.99296951	0.97500605	0.98573595	0.98573597	0.85814775	0.96222538	0.99197591
17.90000000	0.88964690	0.99310729	0.97511810	0.98566667	0.98566669	0.85831246	0.96232690	0.99201274
17.90500000	0.88953772	0.99325564	0.97523581	0.98560373	0.98560376	0.85848599	0.96244139	0.99205829
17.91000000	0.88943033	0.99341359	0.97535854	0.98554712	0.98554715	0.85866757	0.96256806	0.99211215
17.91500000	0.88932453	0.99358015	0.97548570	0.98549679	0.98549681	0.85885646	0.96270617	0.99217392
17.92000000	0.88922012	0.99375432	0.97561668	0.98545268	0.98545271	0.85905189	0.96285502	0.99224319
17.92500000	0.88911687	0.99393513	0.97575090	0.98541473	0.98541475	0.85925312	0.96301398	0.99231957
17.93000000	0.88901459	0.99412157	0.97588779	0.98538285	0.98538287	0.85945938	0.96318244	0.99240265
17.93500000	0.88891306	0.99431266	0.97602680	0.98535693	0.98535696	0.85966994	0.96335983	0.99249207
17.94000000	0.88881205	0.99450741	0.97616740	0.98533688	0.98533690	0.85988404	0.96354565	0.99258741
17.94500000	0.88871135	0.99470484	0.97630906	0.98532257	0.98532259	0.86010092	0.96373939	0.99268830
17.95000000	0.88861074	0.99490399	0.97645130	0.98531386	0.98531388	0.86031983	0.96394063	0.99279435
17.95500000	0.88851000	0.99510388	0.97659363	0.98531062	0.98531064	0.86054003	0.96414896	0.99290517
17.96000000	0.88840889	0.99530357	0.97673559	0.98531392	0.98531395	0.86076076	0.96436399	0.99302038
17.96500000	0.88830720	0.99550212	0.97687675	0.98532535	0.98532537	0.86098128	0.96458540	0.99313961
17.97000000	0.88820470	0.99569864	0.97701670	0.98534432	0.98534434	0.86120085	0.96481286	0.99326246
17.97500000	0.88810115	0.99589221	0.97715504	0.98537031	0.98537033	0.86141873	0.96504610	0.99338857
17.98000000	0.88799635	0.99608197	0.97729141	0.98540281	0.98540283	0.86163420	0.96528487	0.99351757
17.98500000	0.88789005	0.99626708	0.97742545	0.98544132	0.98544134	0.86184654	0.96552894	0.99364906
17.99000000	0.88778204	0.99644672	0.97755685	0.98548540	0.98548542	0.86205504	0.96577811	0.99378270
17.99500000	0.88767209	0.99662010	0.97768532	0.98553460	0.98553462	0.86225900	0.96603220	0.99391811
18.00000000	0.88755999	0.99678649	0.97781057	0.98558851	0.98558853	0.86245775	0.96629105	0.99405494
18.00500000	0.88744553	0.99694515	0.97793236	0.98564673	0.98564674	0.86265061	0.96655453	0.99419282
18.01000000	0.88732849	0.99709542	0.97805047	0.98570887	0.98570888	0.86283695	0.96682250	0.99433141
18.01500000	0.88720868	0.99723664	0.97816470	0.98577457	0.98577459	0.86301614	0.96709487	0.99447035
18.02000000	0.88708589	0.99736822	0.97827488	0.98584350	0.98584352	0.86318758	0.96737154	0.99460931
18.02500000	0.88695994	0.99748961	0.97838084	0.98591532	0.98591533	0.86335069	0.96765242	0.99474794
18.03000000	0.88683064	0.99760028	0.97848247	0.98598972	0.98598973	0.86350491	0.96793744	0.99488592
18.03500000	0.88669783	0.99769977	0.97857966	0.98606639	0.98606641	0.86364974	0.96822653	0.99502293
18.04000000	0.88656135	0.99778764	0.97867233	0.98614507	0.98614509	0.86378467	0.96851964	0.99515863
18.04500000	0.88642105	0.99786353	0.97876040	0.98622548	0.98622549	0.86390925	0.96881670	0.99529273
18.05000000	0.88627679	0.99792709	0.97884385	0.98630736	0.98630737	0.86402306	0.96911765	0.99542490
18.05500000	0.88612844	0.99797805	0.97892264	0.98639047	0.98639049	0.86412570	0.96942244	0.99555486
18.06000000	0.88597590	0.99801616	0.97899676	0.98647459	0.98647461	0.86421683	0.96973100	0.99568231
18.06500000	0.88581909	0.99804122	0.97906624	0.98655950	0.98655952	0.86429614	0.97004328	0.99580695
18.07000000	0.88565790	0.99805310	0.97913110	0.98664500	0.98664501	0.86436334	0.97035920	0.99592851
18.07500000	0.88549230	0.99805223	0.97919138	0.98673089	0.98673090	0.86441823	0.97067869	0.99604671
18.08000000	0.88532223	0.99804298	0.97924713	0.98681699	0.98681700	0.86446060	0.97100167	0.99616129
18.08500000	0.88514768	0.99802506	0.97929842	0.98690313	0.98690314	0.86449031	0.97132804	0.99627197
18.09000000	0.88496862	0.99799818	0.97934534	0.98698915	0.98698917	0.86450726	0.97165769	0.99637852
18.09500000	0.88478509	0.99796213	0.97938796	0.98707491	0.98707493	0.86451140	0.97199052	0.99648066
18.10000000	0.88459710	0.99791673	0.97942639	0.98716027	0.98716028	0.86450598	0.97232640	0.99657817
18.10500000	0.88440472	0.99786186	0.97946073	0.98724509	0.98724510	0.86449236	0.97266518	0.99667081
18.11000000	0.88420802	0.99779742	0.97949108	0.98732925	0.98732927	0.86447030	0.97300672	0.99675834
18.11500000	0.88400709	0.99772337	0.97951757	0.98741264	0.98741266	0.86443963	0.97335084	0.99684055
18.12000000	0.88380205	0.99763970	0.97954032	0.98749516	0.98749518	0.86440020	0.97369737	0.99691723
18.12500000	0.88359303	0.99754646	0.97955943	0.98757671	0.98757673	0.86435191	0.97404610	0.99698816
18.13000000	0.88338020	0.99744372	0.97957505	0.98765720	0.98765722	0.86429473	0.97439682	0.99705316
18.13500000	0.88316374	0.99733159	0.97958728	0.98773655	0.98773656	0.86422864	0.97474932	0.99711203
18.14000000	0.88294383	0.99721022	0.97959626	0.98781468	0.98781469	0.86415370	0.97510334	0.99716459
18.14500000	0.88272070	0.99707979	0.97960212	0.98789152	0.98789153	0.86407000	0.97545864	0.99721067
18.15000000	0.88249460	0.99694052	0.97960496	0.98796701	0.98796702	0.86397767	0.97581495	0.99725012
18.15500000	0.88226577	0.99679265	0.97960494	0.98804109	0.98804110	0.86387689	0.97617199	0.99728279
18.16000000	0.88203449	0.99663647	0.97960318	0.98811371	0.98811372	0.86376787	0.97652946	0.99730854
18.16500000	0.88180106	0.99647227	0.97959971	0.98818481	0.98818483	0.86365089	0.97688706	0.99732725
18.17000000	0.88156578	0.99630040	0.97959452	0.98825437	0.98825439	0.86352622	0.97724449	0.99733881
18.17500000	0.88132899	0.99612119	0.97958764	0.98832234	0.98832235	0.86339422	0.97760140	0.99734311
18.18000000	0.88109103	0.99593504	0.97957909	0.98838868	0.98838870	0.86325525	0.97795748	0.99734122
18.18500000	0.88085225	0.99574234	0.97956888	0.98845337	0.98845339	0.86310972	0.97831237	0.99733464
18.19000000	0.88061303	0.99554351	0.97955705	0.98851639	0.98851640	0.86295806	0.97866573	0.99732317
18.19500000	0.88037374	0.99533898	0.97954363	0.98857771	0.98857772	0.86280075	0.97901722	0.99730662
18.20000000	0.88013477	0.99512921	0.97952863	0.98863731	0.98863733	0.86263828	0.97936646	0.99728483
18.20500000	0.87989653	0.99491466	0.97951209	0.98869519	0.98869520	0.86247117	0.97971309	0.99725767
18.21000000	0.87965942	0.99469580	0.97949405	0.98875133	0.98875134	0.86229999	0.98005676	0.99722502
18.21500000	0.87942386	0.99447312	0.97947453	0.98880573	0.98880574	0.86212529	0.98039709	0.99718678
18.22000000	0.87919026	0.99424712	0.97945357	0.98885838	0.98885839	0.86194767	0.98073372	0.99714287
18.22500000	0.87895906	0.99401830	0.97943120	0.98890929	0.98890930	0.86176775	0.98106628	0.99709324
18.23000000	0.87873068	0.99378717	0.97940745	0.98895846	0.98895847	0.86158614	0.98139440	0.99703785
18.23500000	0.87850554	0.99355422	0.97938235	0.98900590	0.98900591	0.86140349	0.98171773	0.99697669
18.24000000	0.87828406	0.99331999	0.97935595	0.98905162	0.98905163	0.86122045	0.98203591	0.99690976
18.24500000	0.87806667	0.99308496	0.97932827	0.98909564	0.98909565	0.86103769	0.98234857	0.99683711
18.25000000	0.87785379	0.99284966	0.97929935	0.98913797	0.98913798	0.86085586	0.98265536	0.99675877
18.25500000	0.87764583	0.99261458	0.97926921	0.98917863	0.98917864	0.86067565	0.98295595	0.99667483
18.26000000	0.87744318	0.99238023	0.97923791	0.98921765	0.98921766	0.86049772	0.98325000	0.99658538
18.26500000	0.87724626	0.99214709	0.97920546	0.98925504	0.98925505	0.86032276	0.98353717	0.99649053
18.27000000	0.87705544	0.99191566	0.97917191	0.98929084	0.98929085	0.86015142	0.98381713	0.99639043
18.27500000	0.87687111	0.99168641	0.97913730	0.98932508	0.98932509	0.85998440	0.98408958	0.99628523
18.28000000	0.87669361	0.99145979	0.97910164	0.98935779	0.98935779	0.85982233	0.98435421	0.99617512
18.28500000	0.87652330	0.99123627	0.97906499	0.98938899	0.98938899	0.85966589	0.98461071	0.99606028
18.29000000	0.87636052	0.99101627	0.97902738	0.98941872	0.98941872	0.85951571	0.98485881	0.99594093
18.29500000	0.87620557	0.99080024	0.97898885	0.98944701	0.98944702	0.85937242	0.98509822	0.99581732
18.30000000	0.87605877	0.99058856	0.97894944	0.98947390	0.98947390	0.85923664	0.98532868	0.99568970
18.30500000	0.87592038	0.99038163	0.97890918	0.98949942	0.98949942	0.85910896	0.98554993	0.99555834
18.31000000	0.87579067	0.99017983	0.97886812	0.98952360	0.98952360	0.85898998	0.98576172	0.99542352
18.31500000	0.87566988	0.98998352	0.97882630	0.98954646	0.98954646	0.85888026	0.98596382	0.99528555
18.32000000	0.87555824	0.98979302	0.97878376	0.98956804	0.98956804	0.85878033	0.98615601	0.99514475
18.32500000	0.87545593	0.98960865	0.97874055	0.98958836	0.98958836	0.85869072	0.98633809	0.99500146
18.33000000	0.87536314	0.98943072	0.97869671	0.98960745	0.98960745	0.85861192	0.98650984	0.99485601
18.33500000	0.87528002	0.98925949	0.97865229	0.98962532	0.98962531	0.85854441	0.98667109	0.99470876
18.34000000	0.87520670	0.98909522	0.97860734	0.98964198	0.98964197	0.85848863	0.98682167	0.99456008
18.34500000	0.87514330	0.98893814	0.97856192	0.98965744	0.98965744	0.85844500	0.98696142	0.99441034
18.35000000	0.87508989	0.98878847	0.97851606	0.98967172	0.98967171	0.85841390	0.98709018	0.99425992
18.35500000	0.87504653	0.98864638	0.97846984	0.98968479	0.98968479	0.85839570	0.98720784	0.99410923
18.36000000	0.87501327	0.98851206	0.97842330	0.98969667	0.98969667	0.85839073	0.98731427	0.99395864
18.36500000	0.87499012	0.98838563	0.97837651	0.98970733	0.98970732	0.85840443	0.98740938	0.99380856
18.37000000	0.87497707	0.98826724	0.97832952	0.98971675	0.98971674	0.85843968	0.98749306	0.99365938
18.37500000	0.87497409	0.98815697	0.97828240	0.98972490	0.98972489	0.85849610	0.98756525	0.99351151
18.38000000	0.87498534	0.98805490	0.97823521	0.98973174	0.98973174	0.85857329	0.98762589	0.99336535
18.38500000	0.87501207	0.98796111	0.97818802	0.98973724	0.98973723	0.85867088	0.98767494	0.99322128
18.39000000	0.87505356	0.98787561	0.97814090	0.98974133	0.98974133	0.85878848	0.98771236	0.99307971
18.39500000	0.87510914	0.98779844	0.97809392	0.98974397	0.98974397	0.85892572	0.98773814	0.99294102
18.40000000	0.87517813	0.98772959	0.97804715	0.98974508	0.98974508	0.85908221	0.98775229	0.99280559
18.40500000	0.87525989	0.98766904	0.97800067	0.98974478	0.98974477	0.85925756	0.98775482	0.99267379
18.41000000	0.87535381	0.98761674	0.97795456	0.98974341	0.98974341	0.85945136	0.98774917	0.99254598
18.41500000	0.87545926	0.98757264	0.97790889	0.98974089	0.98974089	0.85966319	0.98773610	0.99242250
18.42000000	0.87557564	0.98753665	0.97786374	0.98973711	0.98973711	0.85989263	0.98771540	0.99230369
18.42500000	0.87570237	0.98750870	0.97781919	0.98973199	0.98973198	0.86013922	0.98768689	0.99218988
18.43000000	0.87583885	0.98748866	0.97777534	0.98972540	0.98972540	0.86040249	0.98765040	0.99208135
18.43500000	0.87598452	0.98747640	0.97773226	0.98971726	0.98971726	0.86068196	0.98760581	0.99197841
18.44000000	0.87613879	0.98747179	0.97769004	0.98970745	0.98970745	0.86097712	0.98755301	0.99188130
18.44500000	0.87630112	0.98747639	0.97764877	0.98969585	0.98969586	0.86128745	0.98749192	0.99179028
18.45000000	0.87647093	0.98749252	0.97760853	0.98968237	0.98968237	0.86161240	0.98742250	0.99170557
18.45500000	0.87664767	0.98751946	0.97756942	0.98966688	0.98966689	0.86195141	0.98734471	0.99162736
18.46000000	0.87683078	0.98755652	0.97753152	0.98964928	0.98964928	0.86230389	0.98725855	0.99155584
18.46500000	0.87701972	0.98760306	0.97749491	0.98962945	0.98962946	0.86266923	0.98716405	0.99149115
18.47000000	0.87721394	0.98765843	0.97745969	0.98960728	0.98960729	0.86304681	0.98706125	0.99143342
18.47500000	0.87741291	0.98772203	0.97742595	0.98958267	0.98958268	0.86343598	0.98695022	0.99138275
18.48000000	0.87761607	0.98779327	0.97739377	0.98955551	0.98955552	0.86383608	0.98683106	0.99133920
18.48500000	0.87782290	0.98787158	0.97736324	0.98952570	0.98952571	0.86424644	0.98670389	0.99130282
18.49000000	0.87803288	0.98795640	0.97733444	0.98949315	0.98949316	0.86466635	0.98656884	0.99127363
18.49500000	0.87824547	0.98804721	0.97730746	0.98945776	0.98945777	0.86509510	0.98642609	0.99125160
18.50000000	0.87846016	0.98814347	0.97728236	0.98941945	0.98941947	0.86553197	0.98627581	0.99123669
18.50500000	0.87867645	0.98824468	0.97725924	0.98937816	0.98937817	0.86597623	0.98611821	0.99122884
18.51000000	0.87889383	0.98835033	0.97723817	0.98933380	0.98933382	0.86642712	0.98595353	0.99122794
18.51500000	0.87911180	0.98845993	0.97721921	0.98928633	0.98928635	0.86688388	0.98578201	0.99123741
18.52000000	0.87932989	0.98857301	0.97720243	0.98923571	0.98923573	0.86734576	0.98560394	0.99125718
18.52500000	0.87954762	0.98868910	0.97718790	0.98918189	0.98918191	0.86781197	0.98541959	0.99128661
18.53000000	0.87976452	0.98880774	0.97717568	0.98912485	0.98912488	0.86828174	0.98522930	0.99132502
18.53500000	0.87998014	0.98892847	0.97716582	0.98906460	0.98906462	0.86875430	0.98503338	0.99137176
18.54000000	0.88019406	0.98905087	0.97715837	0.98900112	0.98900115	0.86922886	0.98483220	0.99142619
18.54500000	0.88040583	0.98917449	0.97715338	0.98893445	0.98893448	0.86970463	0.98462613	0.99148764
18.55000000	0.88061506	0.98929892	0.97715088	0.98886462	0.98886465	0.87018085	0.98441556	0.99155548
18.55500000	0.88082135	0.98942374	0.97715092	0.98879168	0.98879171	0.87065673	0.98420090	0.99162904
18.56000000	0.88102432	0.98954856	0.97715504	0.98871570	0.98871574	0.87113152	0.98398256	0.99170768
18.56500000	0.88122361	0.98967298	0.97716312	0.98863677	0.98863680	0.87160444	0.98376100	0.99179074
18.57000000	0.88141889	0.98979663	0.97717504	0.98855498	0.98855501	0.87207474	0.98353666	0.99187757
18.57500000	0.88160983	0.98991913	0.97719068	0.98847045	0.98847049	0.87254169	0.98331001	0.99196752
18.58000000	0.88179613	0.99004015	0.97720994	0.98838333	0.98838336	0.87300455	0.98308154	0.99205996
18.58500000	0.88197752	0.99015933	0.97723269	0.98829376	0.98829379	0.87346260	0.98285173	0.99215423
18.59000000	0.88215373	0.99027634	0.97725883	0.98820191	0.98820195	0.87391515	0.98262109	0.99224972
18.59500000	0.88232454	0.99039089	0.97728822	0.98810798	0.98810802	0.87436150	0.98239013	0.99234579
18.60000000	0.88248972	0.99050266	0.97732076	0.98801217	0.98801221	0.87480099	0.98215935	0.99244183
18.60500000	0.88264909	0.99061138	0.97735631	0.98791470	0.98791474	0.87523297	0.98192929	0.99253724
18.61000000	0.88280249	0.99071677	0.97739476	0.98781580	0.98781584	0.87565681	0.98170045	0.99263143
18.61500000	0.88294976	0.99081861	0.97743597	0.98771573	0.98771577	0.87607190	0.98147338	0.99272384
18.62000000	0.88309080	0.99091665	0.97747982	0.98761475	0.98761479	0.87647765	0.98124858	0.99281390
18.62500000	0.88322551	0.99101068	0.97752616	0.98751313	0.98751317	0.87687349	0.98102658	0.99290109
18.63000000	0.88335381	0.99110052	0.97757485	0.98741118	0.98741122	0.87725889	0.98080790	0.99298490
18.63500000	0.88347566	0.99118598	0.97762576	0.98730918	0.98730922	0.87763332	0.98059304	0.99306483
18.64000000	0.88359104	0.99126692	0.97767873	0.98720745	0.98720749	0.87799628	0.98038249	0.99314043
18.64500000	0.88369994	0.99134321	0.97773361	0.98710631	0.98710636	0.87834732	0.98017676	0.99321127
18.65000000	0.88380239	0.99141472	0.97779026	0.98700608	0.98700613	0.87868597	0.97997630	0.99327694
18.65500000	0.88389841	0.99148138	0.97784852	0.98690710	0.98690715	0.87901183	0.97978159	0.99333706
18.66000000	0.88398809	0.99154312	0.97790822	0.98680970	0.98680974	0.87932451	0.97959305	0.99339130
18.66500000	0.88407149	0.99159987	0.97796921	0.98671421	0.98671426	0.87962362	0.97941110	0.99343935
18.67000000	0.88414873	0.99165162	0.97803133	0.98662098	0.98662102	0.87990885	0.97923615	0.99348092
18.67500000	0.88421991	0.99169836	0.97809442	0.98653033	0.98653037	0.88017986	0.97906857	0.99351579
18.68000000	0.88428517	0.99174011	0.97815832	0.98644260	0.98644265	0.88043638	0.97890870	0.99354375
18.68500000	0.88434466	0.99177689	0.97822286	0.98635813	0.98635817	0.88067815	0.97875687	0.99356462
18.69000000	0.88439855	0.99180877	0.97828789	0.98627722	0.98627727	0.88090494	0.97861335	0.99357829
18.69500000	0.88444701	0.99183583	0.97835325	0.98620020	0.98620024	0.88111654	0.97847842	0.99358464
18.70000000	0.88449024	0.99185814	0.97841878	0.98612736	0.98612740	0.88131278	0.97835229	0.99358401
18.70500000	0.88452842	0.99187584	0.97848434	0.98605900	0.98605904	0.88149352	0.97823516	0.99357873
18.71000000	0.88456176	0.99188905	0.97854976	0.98599539	0.98599543	0.88165862	0.97812719	0.99356865
18.71500000	0.88459049	0.99189793	0.97861491	0.98593679	0.98593683	0.88180799	0.97802848	0.99355363
18.72000000	0.88461481	0.99190263	0.97867966	0.98588345	0.98588349	0.88194158	0.97793913	0.99353357
18.72500000	0.88463495	0.99190335	0.97874386	0.98583559	0.98583564	0.88205934	0.97785917	0.99350841
18.73000000	0.88465113	0.99190143	0.97880738	0.98579342	0.98579346	0.88216127	0.97778861	0.99347810
18.73500000	0.88466359	0.99189720	0.97887012	0.98575712	0.98575716	0.88224737	0.97772742	0.99344265
18.74000000	0.88467254	0.99189073	0.97893196	0.98572685	0.98572689	0.88231770	0.97767552	0.99340208
18.74500000	0.88467822	0.99188209	0.97899280	0.98570274	0.98570279	0.88237233	0.97763279	0.99335644
18.75000000	0.88468084	0.99187139	0.97905254	0.98568492	0.98568496	0.88241135	0.97759909	0.99330581
18.75500000	0.88468070	0.99185872	0.97911109	0.98567345	0.98567349	0.88243489	0.97757421	0.99325030
18.76000000	0.88467891	0.99184423	0.97916840	0.98566841	0.98566845	0.88244311	0.97755794	0.99319003
18.76500000	0.88467554	0.99182805	0.97922438	0.98567066	0.98567070	0.88243877	0.97754998	0.99312518
18.77000000	0.88467067	0.99181034	0.97927900	0.98568315	0.98568319	0.88242493	0.97755009	0.99305591
18.77500000	0.88466435	0.99179125	0.97933221	0.98570546	0.98570550	0.88240138	0.97756247	0.99298242
18.78000000	0.88465667	0.99177097	0.97938399	0.98573717	0.98573721	0.88236797	0.97758605	0.99290494
18.78500000	0.88464770	0.99174968	0.97943431	0.98577783	0.98577787	0.88232459	0.97761979	0.99282369
18.79000000	0.88463751	0.99172757	0.97948319	0.98582701	0.98582705	0.88227115	0.97766262	0.99273893
18.79500000	0.88462617	0.99170484	0.97953062	0.98588424	0.98588428	0.88220762	0.97771352	0.99265093
18.80000000	0.88461375	0.99168170	0.97957664	0.98594905	0.98594909	0.88213400	0.97777146	0.99255997
18.80500000	0.88460032	0.99165835	0.97962128	0.98602097	0.98602101	0.88205031	0.97783542	0.99246635
18.81000000	0.88458592	0.99163502	0.97966460	0.98609949	0.98609952	0.88195662	0.97790438	0.99237035
18.81500000	0.88457062	0.99161191	0.97970665	0.98618410	0.98618413	0.88185303	0.97797732	0.99227230
18.82000000	0.88455445	0.99158924	0.97974751	0.98627428	0.98627431	0.88173965	0.97805326	0.99217251
18.82500000	0.88453745	0.99156724	0.97978727	0.98636949	0.98636952	0.88161666	0.97813117	0.99207130
18.83000000	0.88451966	0.99154612	0.97982604	0.98646919	0.98646922	0.88148423	0.97821008	0.99196899
18.83500000	0.88450109	0.99152610	0.97986392	0.98657282	0.98657285	0.88134256	0.97828900	0.99186593
18.84000000	0.88448177	0.99150739	0.97990104	0.98667982	0.98667985	0.88119190	0.97836695	0.99176243
18.84500000	0.88446170	0.99149020	0.97993754	0.98678960	0.98678964	0.88103250	0.97844297	0.99165882
18.85000000	0.88444087	0.99147476	0.97997355	0.98690161	0.98690165	0.88086462	0.97851610	0.99155542
18.85500000	0.88441927	0.99146125	0.98000924	0.98701525	0.98701529	0.88068858	0.97858542	0.99145257
18.86000000	0.88439689	0.99144987	0.98004476	0.98712995	0.98712999	0.88050469	0.97864999	0.99135057
18.86500000	0.88437370	0.99144083	0.98008029	0.98724512	0.98724516	0.88031327	0.97870891	0.99124973
18.87000000	0.88434965	0.99143431	0.98011600	0.98736018	0.98736022	0.88011467	0.97876130	0.99115037
18.87500000	0.88432472	0.99143049	0.98015207	0.98747457	0.98747461	0.87990926	0.97880629	0.99105277
18.88000000	0.88429883	0.99142953	0.98018868	0.98758771	0.98758775	0.87969741	0.97884304	0.99095723
18.88500000	0.88427194	0.99143287	0.98022602	0.98769905	0.98769909	0.87947950	0.97887074	0.99086401
18.89000000	0.88424398	0.99144119	0.98026429	0.98780805	0.98780809	0.87925592	0.97888861	0.99077338
18.89500000	0.88421487	0.99145456	0.98030367	0.98791417	0.98791420	0.87902707	0.97889588	0.99068559
18.90000000	0.88418454	0.99147303	0.98034436	0.98801689	0.98801693	0.87879337	0.97889335	0.99060088
18.90500000	0.88415290	0.99149665	0.98038653	0.98811572	0.98811576	0.87855523	0.97888323	0.99051949
18.91000000	0.88411987	0.99152546	0.98043038	0.98821017	0.98821021	0.87831305	0.97886483	0.99044161
18.91500000	0.88408535	0.99155949	0.98047608	0.98829980	0.98829984	0.87806726	0.97883749	0.99036745
18.92000000	0.88404924	0.99159878	0.98052381	0.98838417	0.98838421	0.87781829	0.97880059	0.99029718
18.92500000	0.88401146	0.99164335	0.98057374	0.98846287	0.98846291	0.87756653	0.97875352	0.99023098
18.93000000	0.88397190	0.99169320	0.98062602	0.98853551	0.98853555	0.87731242	0.97869572	0.99016898
18.93500000	0.88393047	0.99174835	0.98068081	0.98860174	0.98860178	0.87705637	0.97862666	0.99011134
18.94000000	0.88388706	0.99180878	0.98073825	0.98866124	0.98866128	0.87679879	0.97854583	0.99005815
18.94500000	0.88384157	0.99187448	0.98079847	0.98871371	0.98871375	0.87654008	0.97845278	0.99000953
18.95000000	0.88379392	0.99194543	0.98086158	0.98875888	0.98875893	0.87628065	0.97834707	0.98996555
18.95500000	0.88374400	0.99202160	0.98092770	0.98879654	0.98879658	0.87602088	0.97822834	0.98992629
18.96000000	0.88369174	0.99210295	0.98099690	0.98882647	0.98882652	0.87576117	0.97809624	0.98989179
18.96500000	0.88363703	0.99218943	0.98106928	0.98884851	0.98884856	0.87550188	0.97795046	0.98986210
18.97000000	0.88357981	0.99228097	0.98114489	0.98886254	0.98886259	0.87524339	0.97779076	0.98983722
18.97500000	0.88351999	0.99237751	0.98122377	0.98886845	0.98886850	0.87498605	0.97761692	0.98981717
18.98000000	0.88345751	0.99247896	0.98130597	0.98886704	0.98886709	0.87473019	0.97742877	0.98980194
18.98500000	0.88339231	0.99258525	0.98139149	0.98886046	0.98886051	0.87447616	0.97722621	0.98979150
18.99000000	0.88332434	0.99269626	0.98148034	0.98884851	0.98884856	0.87422427	0.97700915	0.98978580
18.99500000	0.88325354	0.99281190	0.98157249	0.98883105	0.98883111	0.87397483	0.97677758	0.98978482
19.00000000	0.88317989	0.99293203	0.98166791	0.98880797	0.98880803	0.87372812	0.97653151	0.98979065
19.00500000	0.88310336	0.99305655	0.98176656	0.98877919	0.98877924	0.87348443	0.97627103	0.98980357
19.01000000	0.88302393	0.99318529	0.98186836	0.98874465	0.98874470	0.87324402	0.97599625	0.98982318
19.01500000	0.88294159	0.99331812	0.98197323	0.98870434	0.98870439	0.87300713	0.97570734	0.98984911
19.02000000	0.88285635	0.99345487	0.98208108	0.98865827	0.98865833	0.87277399	0.97540453	0.98988100
19.02500000	0.88276822	0.99359538	0.98219179	0.98860650	0.98860656	0.87254482	0.97508807	0.98991849
19.03000000	0.88267722	0.99373946	0.98230523	0.98854910	0.98854916	0.87231981	0.97475828	0.98996125
19.03500000	0.88258340	0.99388692	0.98242127	0.98848619	0.98848624	0.87209915	0.97441551	0.99000896
19.04000000	0.88248679	0.99403756	0.98253974	0.98841790	0.98841795	0.87188300	0.97406019	0.99006130
19.04500000	0.88238746	0.99419117	0.98266049	0.98834439	0.98834445	0.87167151	0.97369274	0.99011798
19.05000000	0.88228546	0.99434752	0.98278332	0.98826588	0.98826594	0.87146480	0.97331368	0.99017869
19.05500000	0.88218088	0.99450638	0.98290806	0.98818258	0.98818263	0.87126301	0.97292354	0.99024317
19.06000000	0.88207380	0.99466750	0.98303449	0.98809473	0.98809478	0.87106622	0.97252290	0.99031114
19.06500000	0.88196432	0.99483063	0.98316241	0.98800261	0.98800267	0.87087451	0.97211238	0.99038234
19.07000000	0.88185254	0.99499550	0.98329161	0.98790652	0.98790658	0.87068794	0.97169263	0.99045654
19.07500000	0.88173857	0.99516184	0.98342185	0.98780677	0.98780683	0.87050658	0.97126435	0.99053349
19.08000000	0.88162254	0.99532935	0.98355290	0.98770370	0.98770376	0.87033044	0.97082827	0.99061298
19.08500000	0.88150457	0.99549775	0.98368452	0.98759767	0.98759772	0.87015954	0.97038515	0.99069480
19.09000000	0.88138479	0.99566673	0.98381647	0.98748904	0.98748910	0.86999388	0.96993577	0.99077874
19.09500000	0.88126336	0.99583597	0.98394850	0.98737821	0.98737827	0.86983345	0.96948097	0.99086463
19.10000000	0.88114040	0.99600515	0.98408034	0.98726558	0.98726564	0.86967821	0.96902158	0.99095228
19.10500000	0.88101607	0.99617394	0.98421175	0.98715156	0.98715162	0.86952812	0.96855846	0.99104154
19.11000000	0.88089053	0.99634200	0.98434246	0.98703658	0.98703664	0.86938312	0.96809252	0.99113225
19.11500000	0.88076393	0.99650899	0.98447221	0.98692107	0.98692113	0.86924313	0.96762464	0.99122427
19.12000000	0.88063642	0.99667455	0.98460073	0.98680547	0.98680552	0.86910807	0.96715575	0.99131748
19.12500000	0.88050816	0.99683833	0.98472775	0.98669022	0.98669027	0.86897782	0.96668679	0.99141176
19.13000000	0.88037932	0.99699996	0.98485301	0.98657577	0.98657582	0.86885228	0.96621867	0.99150699
19.13500000	0.88025004	0.99715908	0.98497623	0.98646257	0.98646262	0.86873131	0.96575236	0.99160308
19.14000000	0.88012049	0.99731533	0.98509715	0.98635106	0.98635112	0.86861478	0.96528879	0.99169993
19.14500000	0.87999082	0.99746832	0.98521548	0.98624170	0.98624175	0.86850253	0.96482891	0.99179746
19.15000000	0.87986117	0.99761770	0.98533096	0.98613491	0.98613496	0.86839441	0.96437366	0.99189561
19.15500000	0.87973169	0.99776309	0.98544331	0.98603113	0.98603118	0.86829022	0.96392396	0.99199429
19.16000000	0.87960252	0.99790412	0.98555226	0.98593079	0.98593084	0.86818980	0.96348073	0.99209345
19.16500000	0.87947381	0.99804044	0.98565752	0.98583430	0.98583435	0.86809295	0.96304488	0.99219303
19.17000000	0.87934567	0.99817167	0.98575883	0.98574207	0.98574212	0.86799945	0.96261730	0.99229297
19.17500000	0.87921824	0.99829748	0.98585591	0.98565448	0.98565453	0.86790911	0.96219884	0.99239322
19.18000000	0.87909162	0.99841750	0.98594848	0.98557191	0.98557196	0.86782169	0.96179035	0.99249374
19.18500000	0.87896594	0.99853140	0.98603627	0.98549471	0.98549476	0.86773698	0.96139263	0.99259448
19.19000000	0.87884128	0.99863886	0.98611900	0.98542323	0.98542328	0.86765473	0.96100647	0.99269539
19.19500000	0.87871774	0.99873955	0.98619638	0.98535779	0.98535784	0.86757471	0.96063261	0.99279643
19.20000000	0.87859540	0.99883317	0.98626816	0.98529868	0.98529872	0.86749666	0.96027176	0.99289754
19.20500000	0.87847435	0.99891943	0.98633406	0.98524617	0.98524622	0.86742034	0.95992458	0.99299869
19.21000000	0.87835465	0.99899806	0.98639380	0.98520053	0.98520058	0.86734549	0.95959171	0.99309981
19.21500000	0.87823635	0.99906878	0.98644712	0.98516198	0.98516202	0.86727186	0.95927371	0.99320086
19.22000000	0.87811950	0.99913137	0.98649375	0.98513072	0.98513076	0.86719917	0.95897113	0.99330177
19.22500000	0.87800415	0.99918559	0.98653343	0.98510693	0.98510697	0.86712718	0.95868443	0.99340247
19.23000000	0.87789033	0.99923124	0.98656590	0.98509076	0.98509080	0.86705560	0.95841406	0.99350291
19.23500000	0.87777805	0.99926814	0.98659093	0.98508232	0.98508236	0.86698418	0.95816038	0.99360300
19.24000000	0.87766734	0.99929613	0.98660825	0.98508171	0.98508175	0.86691265	0.95792372	0.99370267
19.24500000	0.87755819	0.99931505	0.98661764	0.98509337	0.98509340	0.86684075	0.95770433	0.99380182
19.25000000	0.87745062	0.99932480	0.98661887	0.98511726	0.98511730	0.86676822	0.95750242	0.99390036
19.25500000	0.87734460	0.99932527	0.98661440	0.98515297	0.98515301	0.86669480	0.95731814	0.99399818
19.26000000	0.87724012	0.99931973	0.98660440	0.98520007	0.98520010	0.86662023	0.95715157	0.99409519
19.26500000	0.87713717	0.99930811	0.98658857	0.98525811	0.98525814	0.86654426	0.95700274	0.99419125
19.27000000	0.87703571	0.99929018	0.98656659	0.98532664	0.98532667	0.86646664	0.95687161	0.99428625
19.27500000	0.87693571	0.99926577	0.98653821	0.98540522	0.98540525	0.86638715	0.95675808	0.99438006
19.28000000	0.87683712	0.99923469	0.98650315	0.98549336	0.98549339	0.86630553	0.95666201	0.99447253
19.28500000	0.87673992	0.99919680	0.98646118	0.98559058	0.98559061	0.86622158	0.95658317	0.99456351
19.29000000	0.87664404	0.99915200	0.98641208	0.98569638	0.98569640	0.86613506	0.95652130	0.99465286
19.29500000	0.87654944	0.99910018	0.98635563	0.98581024	0.98581027	0.86604577	0.95647606	0.99474040
19.30000000	0.87645606	0.99904130	0.98629166	0.98593164	0.98593167	0.86595350	0.95644707	0.99482599
19.30500000	0.87636386	0.99897532	0.98622001	0.98606004	0.98606006	0.86585808	0.95643390	0.99490943
19.31000000	0.87627276	0.99890221	0.98614054	0.98619486	0.98619488	0.86575931	0.95643735	0.99499055
19.31500000	0.87618272	0.99882200	0.98605314	0.98633555	0.98633557	0.86565704	0.95646432	0.99506918
19.32000000	0.87609368	0.99873472	0.98595770	0.98648151	0.98648153	0.86555109	0.95651301	0.99514511
19.32500000	0.87600557	0.99864042	0.98585416	0.98663216	0.98663218	0.86544133	0.95658166	0.99521817
19.33000000	0.87591834	0.99853918	0.98574248	0.98678689	0.98678691	0.86532761	0.95666855	0.99528815
19.33500000	0.87583194	0.99843110	0.98562264	0.98694508	0.98694509	0.86520984	0.95677202	0.99535486
19.34000000	0.87574630	0.99831631	0.98549464	0.98710611	0.98710612	0.86508788	0.95689043	0.99541811
19.34500000	0.87566139	0.99819494	0.98535851	0.98726935	0.98726937	0.86496166	0.95702219	0.99547770
19.35000000	0.87557714	0.99806715	0.98521431	0.98743418	0.98743419	0.86483109	0.95716575	0.99553343
19.35500000	0.87549351	0.99793312	0.98506212	0.98759995	0.98759996	0.86469611	0.95731960	0.99558511
19.36000000	0.87541047	0.99779303	0.98490205	0.98776604	0.98776605	0.86455666	0.95748224	0.99563255
19.36500000	0.87532796	0.99764708	0.98473423	0.98793181	0.98793182	0.86441272	0.95765224	0.99567555
19.37000000	0.87524597	0.99749551	0.98455883	0.98809663	0.98809665	0.86426427	0.95782819	0.99571395
19.37500000	0.87516447	0.99733854	0.98437602	0.98825989	0.98825991	0.86411129	0.95800871	0.99574755
19.38000000	0.87508342	0.99717641	0.98418601	0.98842097	0.98842099	0.86395380	0.95819249	0.99577620
19.38500000	0.87500282	0.99700938	0.98398905	0.98857927	0.98857929	0.86379183	0.95837823	0.99579972
19.39000000	0.87492266	0.99683772	0.98378539	0.98873420	0.98873421	0.86362542	0.95856470	0.99581797
19.39500000	0.87484292	0.99666171	0.98357530	0.98888517	0.98888519	0.86345463	0.95875070	0.99583079
19.40000000	0.87476362	0.99648161	0.98335910	0.98903165	0.98903166	0.86327953	0.95893508	0.99583806
19.40500000	0.87468477	0.99629773	0.98313710	0.98917307	0.98917309	0.86310022	0.95911675	0.99583966
19.41000000	0.87460637	0.99611035	0.98290966	0.98930894	0.98930895	0.86291681	0.95929467	0.99583704
19.41500000	0.87452847	0.99591977	0.98267714	0.98943874	0.98943876	0.86272941	0.95946783	0.99583064
19.42000000	0.87445108	0.99572630	0.98243992	0.98956201	0.98956203	0.86253816	0.95963532	0.99582029
19.42500000	0.87437425	0.99553025	0.98219842	0.98967831	0.98967833	0.86234323	0.95979626	0.99580580
19.43000000	0.87429802	0.99533191	0.98195303	0.98978722	0.98978724	0.86214477	0.95994983	0.99578704
19.43500000	0.87422246	0.99513160	0.98170421	0.98988836	0.98988838	0.86194298	0.96009527	0.99576386
19.44000000	0.87414762	0.99492963	0.98145239	0.98998136	0.98998138	0.86173806	0.96023189	0.99573614
19.44500000	0.87407357	0.99472630	0.98119803	0.99006591	0.99006593	0.86153022	0.96035907	0.99570377
19.45000000	0.87400040	0.99452192	0.98094161	0.99014172	0.99014175	0.86131969	0.96047623	0.99566668
19.45500000	0.87392819	0.99431680	0.98068360	0.99020854	0.99020856	0.86110671	0.96058287	0.99562478
19.46000000	0.87385703	0.99411124	0.98042450	0.99026615	0.99026617	0.86089154	0.96067855	0.99557802
19.46500000	0.87378703	0.99390554	0.98016479	0.99031436	0.99031438	0.86067445	0.96076291	0.99552637
19.47000000	0.87371828	0.99369998	0.97990497	0.99035303	0.99035305	0.86045571	0.96083562	0.99546980
19.47500000	0.87365092	0.99349487	0.97964555	0.99038205	0.99038208	0.86023562	0.96089643	0.99540831
19.48000000	0.87358505	0.99329049	0.97938703	0.99040135	0.99040138	0.86001448	0.96094518	0.99534191
19.48500000	0.87352081	0.99308711	0.97912990	0.99041091	0.99041094	0.85979259	0.96098172	0.99527063
19.49000000	0.87345834	0.99288500	0.97887468	0.99041079	0.99041082	0.85957029	0.96100600	0.99519452
19.49500000	0.87339777	0.99268445	0.97862185	0.99040459	0.99040462	0.85934790	0.96101801	0.99511363
19.50000000	0.87333924	0.99248569	0.97837192	0.99039215	0.99039218	0.85912575	0.96101788	0.99502805
19.50500000	0.87328292	0.99228899	0.97812537	0.99037332	0.99037335	0.85890418	0.96101018	0.99493786
19.51000000	0.87322895	0.99209459	0.97788268	0.99034799	0.99034803	0.85868354	0.96099473	0.99484318
19.51500000	0.87317749	0.99190272	0.97764431	0.99031611	0.99031614	0.85846417	0.96097140	0.99474412
19.52000000	0.87312871	0.99171361	0.97741073	0.99027763	0.99027767	0.85824644	0.96094011	0.99464083
19.52500000	0.87308277	0.99152748	0.97718238	0.99023258	0.99023261	0.85803068	0.96090083	0.99453344
19.53000000	0.87303984	0.99134453	0.97695969	0.99018098	0.99018101	0.85781726	0.96085358	0.99442213
19.53500000	0.87300009	0.99116497	0.97674309	0.99012290	0.99012294	0.85760653	0.96079844	0.99430706
19.54000000	0.87296369	0.99098897	0.97653296	0.99005846	0.99005849	0.85739884	0.96073552	0.99418843
19.54500000	0.87293081	0.99081673	0.97632971	0.98998778	0.98998781	0.85719453	0.96066496	0.99406643
19.55000000	0.87290161	0.99064839	0.97613368	0.98991102	0.98991106	0.85699396	0.96058697	0.99394127
19.55500000	0.87287628	0.99048413	0.97594523	0.98982839	0.98982842	0.85679745	0.96050178	0.99381317
19.56000000	0.87285498	0.99032408	0.97576468	0.98974008	0.98974012	0.85660534	0.96040965	0.99368235
19.56500000	0.87283787	0.99016839	0.97559234	0.98964634	0.98964638	0.85641796	0.96031087	0.99354906
19.57000000	0.87282511	0.99001716	0.97542848	0.98954743	0.98954747	0.85623562	0.96020579	0.99341352
19.57500000	0.87281687	0.98987051	0.97527336	0.98944363	0.98944367	0.85605861	0.96009475	0.99327600
19.58000000	0.87281330	0.98972854	0.97512721	0.98933523	0.98933528	0.85588725	0.95997813	0.99313673
19.58500000	0.87281529	0.98959133	0.97499025	0.98922256	0.98922260	0.85572180	0.95985634	0.99299600
19.59000000	0.87282514	0.98945896	0.97486265	0.98910594	0.98910598	0.85556254	0.95972979	0.99285405
19.59500000	0.87284278	0.98933149	0.97474457	0.98898572	0.98898576	0.85540972	0.95959893	0.99271115
19.60000000	0.87286813	0.98920898	0.97463615	0.98886223	0.98886228	0.85526358	0.95946420	0.99256758
19.60500000	0.87290114	0.98909145	0.97453750	0.98873586	0.98873590	0.85512434	0.95932606	0.99242360
19.61000000	0.87294175	0.98897893	0.97444868	0.98860696	0.98860700	0.85499221	0.95918497	0.99227949
19.61500000	0.87298990	0.98887144	0.97436977	0.98847590	0.98847594	0.85486738	0.95904142	0.99213551
19.62000000	0.87304554	0.98876898	0.97430077	0.98834306	0.98834310	0.85475001	0.95889588	0.99199194
19.62500000	0.87310859	0.98867153	0.97424171	0.98820881	0.98820885	0.85464026	0.95874882	0.99184905
19.63000000	0.87317900	0.98857908	0.97419254	0.98807353	0.98807357	0.85453826	0.95860071	0.99170708
19.63500000	0.87325668	0.98849160	0.97415323	0.98793759	0.98793763	0.85444412	0.95845202	0.99156632
19.64000000	0.87334156	0.98840904	0.97412369	0.98780134	0.98780139	0.85435793	0.95830321	0.99142701
19.64500000	0.87343353	0.98833134	0.97410383	0.98766517	0.98766521	0.85427977	0.95815474	0.99128941
19.65000000	0.87353249	0.98825844	0.97409352	0.98752940	0.98752944	0.85420968	0.95800702	0.99115375
19.65500000	0.87363832	0.98819027	0.97409262	0.98739439	0.98739444	0.85414769	0.95786050	0.99102028
19.66000000	0.87375088	0.98812675	0.97410595	0.98726047	0.98726051	0.85409381	0.95771557	0.99088922
19.66500000	0.87387003	0.98806777	0.97413325	0.98712795	0.98712799	0.85404801	0.95757263	0.99076080
19.67000000	0.87399560	0.98801325	0.97417368	0.98699714	0.98699718	0.85401028	0.95743204	0.99063521
19.67500000	0.87412741	0.98796306	0.97422643	0.98686833	0.98686837	0.85398055	0.95729415	0.99051266
19.68000000	0.87426527	0.98791710	0.97429073	0.98674180	0.98674184	0.85395873	0.95715929	0.99039334
19.68500000	0.87440897	0.98787524	0.97436581	0.98661779	0.98661783	0.85394474	0.95702776	0.99027743
19.69000000	0.87455827	0.98783735	0.97445094	0.98649655	0.98649659	0.85393845	0.95689984	0.99016507
19.69500000	0.87471293	0.98780330	0.97454540	0.98637831	0.98637835	0.85394049	0.95677579	0.99005644
19.70000000	0.87487268	0.98777294	0.97464847	0.98626326	0.98626330	0.85395430	0.95665582	0.98995165
19.70500000	0.87503725	0.98774614	0.97475948	0.98615159	0.98615163	0.85397916	0.95654015	0.98985083
19.71000000	0.87520634	0.98772274	0.97487774	0.98604346	0.98604350	0.85401438	0.95642894	0.98975410
19.71500000	0.87537963	0.98770259	0.97500260	0.98593902	0.98593906	0.85405927	0.95632235	0.98966153
19.72000000	0.87555680	0.98768554	0.97513341	0.98583839	0.98583843	0.85411319	0.95622050	0.98957321
19.72500000	0.87573750	0.98767143	0.97526952	0.98574168	0.98574172	0.85417550	0.95612348	0.98948920
19.73000000	0.87592138	0.98766012	0.97541033	0.98564896	0.98564900	0.85424558	0.95603136	0.98940954
19.73500000	0.87610808	0.98765143	0.97555520	0.98556031	0.98556035	0.85432282	0.95594419	0.98933426
19.74000000	0.87629720	0.98764522	0.97570356	0.98547577	0.98547581	0.85440662	0.95586199	0.98926337
19.74500000	0.87648837	0.98764133	0.97585481	0.98539537	0.98539540	0.85449640	0.95578476	0.98919688
19.75000000	0.87668118	0.98763961	0.97600838	0.98531911	0.98531915	0.85459159	0.95571246	0.98913475
19.75500000	0.87687522	0.98764006	0.97616372	0.98524699	0.98524702	0.85469162	0.95564505	0.98907697
19.76000000	0.87707008	0.98764347	0.97632030	0.98517897	0.98517901	0.85479596	0.95558247	0.98902348
19.76500000	0.87726535	0.98764949	0.97647759	0.98511503	0.98511507	0.85490405	0.95552461	0.98897421
19.77000000	0.87746061	0.98765780	0.97663508	0.98505510	0.98505513	0.85501537	0.95547138	0.98892909
19.77500000	0.87765543	0.98766810	0.97679230	0.98499910	0.98499914	0.85512940	0.95542266	0.98888803
19.78000000	0.87784939	0.98768011	0.97694877	0.98494696	0.98494700	0.85524564	0.95537830	0.98885092
19.78500000	0.87804210	0.98769358	0.97710406	0.98489858	0.98489861	0.85536360	0.95533815	0.98881766
19.79000000	0.87823312	0.98770827	0.97725774	0.98485384	0.98485387	0.85548280	0.95530206	0.98878810
19.79500000	0.87842207	0.98772396	0.97740941	0.98481262	0.98481266	0.85560278	0.95526984	0.98876212
19.80000000	0.87860856	0.98774046	0.97755869	0.98477481	0.98477485	0.85572310	0.95524131	0.98873956
19.80500000	0.87879219	0.98775757	0.97770524	0.98474026	0.98474030	0.85584331	0.95521628	0.98872028
19.81000000	0.87897261	0.98777513	0.97784873	0.98470883	0.98470887	0.85596301	0.95519456	0.98870410
19.81500000	0.87914947	0.98779299	0.97798885	0.98468037	0.98468041	0.85608181	0.95517595	0.98869087
19.82000000	0.87932243	0.98781100	0.97812533	0.98465473	0.98465477	0.85619932	0.95516023	0.98868040
19.82500000	0.87949119	0.98782905	0.97825793	0.98463176	0.98463179	0.85631520	0.95514722	0.98867251
19.83000000	0.87965545	0.98784701	0.97838643	0.98461128	0.98461132	0.85642912	0.95513669	0.98866703
19.83500000	0.87981494	0.98786480	0.97851063	0.98459316	0.98459319	0.85654076	0.95512846	0.98866378
19.84000000	0.87996943	0.98788231	0.97863037	0.98457721	0.98457724	0.85664984	0.95512232	0.98866256
19.84500000	0.88011870	0.98789947	0.97874552	0.98456330	0.98456333	0.85675609	0.95511807	0.98866359
19.85000000	0.88026257	0.98791620	0.97885595	0.98455125	0.98455128	0.85685929	0.95511553	0.98866726
19.85500000	0.88040086	0.98793246	0.97896160	0.98454092	0.98454095	0.85695921	0.95511451	0.98867320
19.86000000	0.88053345	0.98794819	0.97906240	0.98453216	0.98453219	0.85705568	0.95511502	0.98868104
19.86500000	0.88066024	0.98796335	0.97915833	0.98452482	0.98452485	0.85714853	0.95511739	0.98869047
19.87000000	0.88078116	0.98797791	0.97924937	0.98451876	0.98451879	0.85723764	0.95512130	0.98870118
19.87500000	0.88089616	0.98799183	0.97933555	0.98451385	0.98451388	0.85732288	0.95512645	0.98871288
19.88000000	0.88100523	0.98800510	0.97941691	0.98450996	0.98450999	0.85740420	0.95513257	0.98872534
19.88500000	0.88110839	0.98801771	0.97949350	0.98450697	0.98450700	0.85748152	0.95513943	0.98873832
19.89000000	0.88120568	0.98802965	0.97956542	0.98450477	0.98450479	0.85755482	0.95514681	0.98875161
19.89500000	0.88129717	0.98804091	0.97963277	0.98450324	0.98450327	0.85762409	0.95515454	0.98876503
19.90000000	0.88138297	0.98805151	0.97969565	0.98450229	0.98450232	0.85768936	0.95516246	0.98877842
19.90500000	0.88146318	0.98806144	0.97975421	0.98450184	0.98450187	0.85775065	0.95517042	0.98879163
19.91000000	0.88153796	0.98807072	0.97980860	0.98450179	0.98450182	0.85780805	0.95517831	0.98880455
19.91500000	0.88160746	0.98807937	0.97985897	0.98450224	0.98450227	0.85786161	0.95518604	0.98881708
19.92000000	0.88167188	0.98808740	0.97990549	0.98450310	0.98450313	0.85791145	0.95519352	0.98882913
19.92500000	0.88173140	0.98809484	0.97994835	0.98450427	0.98450430	0.85795767	0.95520070	0.98884064
19.93000000	0.88178624	0.98810170	0.97998772	0.98450563	0.98450566	0.85800041	0.95520751	0.98885155
19.93500000	0.88183663	0.98810802	0.98002379	0.98450713	0.98450716	0.85803981	0.95521394	0.98886183
19.94000000	0.88188279	0.98811382	0.98005676	0.98450869	0.98450872	0.85807601	0.95521996	0.98887145
19.94500000	0.88192496	0.98811913	0.98008682	0.98451026	0.98451029	0.85810919	0.95522555	0.98888041
19.95000000	0.88196339	0.98812397	0.98011416	0.98451180	0.98451183	0.85813950	0.95523071	0.98888871
19.95500000	0.88199832	0.98812838	0.98013898	0.98451329	0.98451332	0.85816711	0.95523545	0.98889635
19.96000000	0.88202999	0.98813238	0.98016145	0.98451469	0.98451472	0.85819221	0.95523977	0.98890336
19.96500000	0.88205864	0.98813601	0.98018176	0.98451600	0.98451603	0.85821496	0.95524371	0.98890975
19.97000000	0.88208450	0.98813929	0.98020008	0.98451721	0.98451724	0.85823553	0.95524726	0.98891556
19.97500000	0.88210782	0.98814225	0.98021659	0.98451830	0.98451833	0.85825410	0.95525046	0.98892082
19.98000000	0.88212879	0.98814492	0.98023144	0.98451929	0.98451932	0.85827083	0.95525334	0.98892556
19.98500000	0.88214763	0.98814732	0.98024478	0.98452017	0.98452020	0.85828588	0.95525591	0.98892983
19.99000000	0.88216455	0.98814948	0.98025676	0.98452096	0.98452099	0.85829939	0.95525821	0.98893366
19.99500000	0.88217971	0.98815142	0.98026751	0.98452165	0.98452168	0.85831152	0.95526026	0.98893708
