Kinematics_Trial1_Task1
version=1
nRows=4000
nColumns=15
inDegrees=yes
DataType=double
endheader
time	thumb_angle_1	thumb_angle_2	index_angle_1	index_angle_2	index_angle_3	middle_angle_1	middle_angle_2	middle_angle_3	ring_angle_1	ring_angle_2	ring_angle_3	little_angle_1	little_angle_2	little_angle_3
0.00000000	144.30736672	172.85860660	165.49817017	170.54387681	155.97120595	168.18659989	169.97344535	158.74617525	155.78173057	170.81329155	163.62705767	147.13015816	163.81577611	171.13552468
0.00500000	144.30773611	172.85753402	165.50782586	170.54706912	155.96218176	168.19208548	169.97368922	158.74928049	155.80606086	170.83154324	163.57184511	147.14703721	163.81955627	171.11493673
0.01000000	144.30812564	172.85646431	165.51765454	170.55002043	155.95269202	168.19747386	169.97393771	158.75250362	155.83047442	170.84986917	163.51645503	147.16398668	163.82351545	171.09417179
0.01500000	144.30853367	172.85539846	165.52764473	170.55272527	155.94275039	168.20275395	169.97418978	158.75584328	155.85493449	170.86823963	163.46098522	147.18097813	163.82764422	171.07325675
0.02000000	144.30895842	172.85433739	165.53778457	170.55517923	155.93237257	168.20791506	169.97444448	158.75929808	155.87940416	170.88662461	163.40553496	147.19798276	163.83193224	171.05221899
0.02500000	144.30939797	172.85328196	165.54806181	170.55737895	155.92157623	168.21294695	169.97470094	158.76286662	155.90384654	170.90499387	163.35020471	147.21497153	163.83636827	171.03108633
0.03000000	144.30985027	172.85223291	165.55846387	170.55932221	155.91038103	168.21783986	169.97495842	158.76654750	155.92822486	170.92331707	163.29509579	147.23191523	163.84094017	171.00988685
0.03500000	144.31031316	172.85119093	165.56897787	170.56100786	155.89880859	168.22258461	169.97521632	158.77033938	155.95250262	170.94156381	163.24031004	147.24878456	163.84563499	170.98864883
0.04000000	144.31078437	172.85015655	165.57959071	170.56243591	155.88688242	168.22717258	169.97547421	158.77424101	155.97664366	170.95970381	163.18594949	147.26555025	163.85043898	170.96740059
0.04500000	144.31126152	172.84913024	165.59028907	170.56360748	155.87462789	168.23159581	169.97573186	158.77825126	156.00061237	170.97770692	163.13211601	147.28218311	163.85533760	170.94617042
0.05000000	144.31174214	172.84811231	165.60105950	170.56452482	155.86207214	168.23584700	169.97598923	158.78236915	156.02437370	170.99554329	163.07891098	147.29865418	163.86031563	170.92498642
0.05500000	144.31222368	172.84710296	165.61188841	170.56519131	155.84924402	168.23991958	169.97624654	158.78659388	156.04789336	171.01318343	163.02643492	147.31493476	163.86535717	170.90387646
0.06000000	144.31270351	172.84610226	165.62276219	170.56561142	155.83617400	168.24380771	169.97650428	158.79092490	156.07113787	171.03059829	162.97478721	147.33099650	163.87044572	170.88286802
0.06500000	144.31317897	172.84511014	165.63366721	170.56579069	155.82289407	168.24750633	169.97676322	158.79536192	156.09407469	171.04775938	162.92406569	147.34681155	163.87556426	170.86198815
0.07000000	144.31364732	172.84412639	165.64458988	170.56573573	155.80943761	168.25101118	169.97702444	158.79990493	156.11667230	171.06463887	162.87436636	147.36235255	163.88069528	170.84126336
0.07500000	144.31410583	172.84315066	165.65551671	170.56545412	155.79583930	168.25431881	169.97728936	158.80455430	156.13890029	171.08120962	162.82578303	147.37759276	163.88582086	170.82071960
0.08000000	144.31455171	172.84218246	165.66643433	170.56495443	155.78213497	168.25742661	169.97755977	158.80931073	156.16072944	171.09744532	162.77840707	147.39250614	163.89092279	170.80038211
0.08500000	144.31498222	172.84122116	165.67732957	170.56424613	155.76836149	168.26033279	169.97783784	158.81417539	156.18213183	171.11332055	162.73232699	147.40706741	163.89598260	170.78027550
0.09000000	144.31539459	172.84026597	165.68818949	170.56333956	155.75455658	168.26303645	169.97812613	158.81914984	156.20308084	171.12881084	162.68762825	147.42125209	163.90098166	170.76042361
0.09500000	144.31578612	172.83931599	165.69900143	170.56224585	155.74075872	168.26553750	169.97842763	158.82423617	156.22355128	171.14389275	162.64439289	147.43503664	163.90590129	170.74084954
0.10000000	144.31615412	172.83837015	165.70975304	170.56097685	155.72700695	168.26783672	169.97874578	158.82943696	156.24351939	171.15854396	162.60269931	147.44839845	163.91072284	170.72157567
0.10500000	144.31649600	172.83742728	165.72043236	170.55954509	155.71334071	168.26993574	169.97908445	158.83475536	156.26296294	171.17274329	162.56262196	147.46131595	163.91542777	170.70262361
0.11000000	144.31680922	172.83648606	165.73102780	170.55796368	155.69979974	168.27183703	169.97944799	158.84019508	156.28186120	171.18647075	162.52423114	147.47376863	163.91999779	170.68401425
0.11500000	144.31709134	172.83554506	165.74152825	170.55624623	155.68642384	168.27354384	169.97984123	158.84576044	156.30019506	171.19970765	162.48759272	147.48573712	163.92441492	170.66576781
0.12000000	144.31734005	172.83460275	165.75192304	170.55440683	155.67325276	168.27506028	169.98026948	158.85145639	156.31794696	171.21243656	162.45276797	147.49720323	163.92866162	170.64790386
0.12500000	144.31755313	172.83365747	165.76220205	170.55245989	155.66032601	168.27639121	169.98073852	158.85728851	156.33510099	171.22464140	162.41981332	147.50814999	163.93272087	170.63044137
0.13000000	144.31772852	172.83270748	165.77235567	170.55042012	155.64768271	168.27754225	169.98125461	158.86326305	156.35164285	171.23630745	162.38878021	147.51856171	163.93657628	170.61339878
0.13500000	144.31786430	172.83175096	165.78237490	170.54830243	155.63536145	168.27851976	169.98182450	158.86938691	156.36755986	171.24742137	162.35971492	147.52842398	163.94021219	170.59679407
0.14000000	144.31795871	172.83078601	165.79225131	170.54612188	155.62340011	168.27933079	169.98245538	158.87566764	156.38284097	171.25797121	162.33265842	147.53772374	163.94361380	170.58064484
0.14500000	144.31801018	172.82981067	165.80197710	170.54389355	155.61183572	168.27998306	169.98315491	158.88211346	156.39747675	171.26794643	162.30764624	147.54644929	163.94676718	170.56496835
0.15000000	144.31801730	172.82882292	165.81154512	170.54163254	155.60070432	168.28048491	169.98393113	158.88873321	156.41145938	171.27733787	162.28470838	147.55459032	163.94965945	170.54978164
0.15500000	144.31797887	172.82782072	165.82094886	170.53935383	155.59004082	168.28084529	169.98479252	158.89553634	156.42478258	171.28613781	162.26386925	147.56213794	163.95227883	170.53510158
0.16000000	144.31789390	172.82680201	165.83018251	170.53707226	155.57987887	168.28107367	169.98574789	158.90253287	156.43744167	171.29433986	162.24514755	147.56908467	163.95461469	170.52094497
0.16500000	144.31776158	172.82576472	165.83924092	170.53480247	155.57025074	168.28118002	169.98680637	158.90973335	156.44943346	171.30193903	162.22855626	147.57542447	163.95665769	170.50732856
0.17000000	144.31758135	172.82470677	165.84811964	170.53255879	155.56118720	168.28117479	169.98797737	158.91714880	156.46075624	171.30893167	162.21410264	147.58115273	163.95839978	170.49426917
0.17500000	144.31735286	172.82362613	165.85681494	170.53035525	155.55271739	168.28106881	169.98927055	158.92479065	156.47140978	171.31531543	162.20178818	147.58626630	163.95983430	170.48178373
0.18000000	144.31707598	172.82252079	165.86532376	170.52820549	155.54486879	168.28087327	169.99069569	158.93267066	156.48139520	171.32108924	162.19160868	147.59076346	163.96095603	170.46988932
0.18500000	144.31675082	172.82138883	165.87364376	170.52612273	155.53766704	168.28059967	169.99226273	158.94080082	156.49071503	171.32625329	162.18355421	147.59464393	163.96176120	170.45860319
0.19000000	144.31637774	172.82022837	165.88177328	170.52411970	155.53113595	168.28025975	169.99398163	158.94919330	156.49937307	171.33080896	162.17760926	147.59790882	163.96224756	170.44794285
0.19500000	144.31595730	172.81903763	165.88971137	170.52220865	155.52529734	168.27986546	169.99586230	158.95786026	156.50737437	171.33475877	162.17375277	147.60056068	163.96241441	170.43792604
0.20000000	144.31549033	172.81781497	165.89745773	170.52040130	155.52017106	168.27942887	169.99791460	158.96681383	156.51472521	171.33810639	162.17195821	147.60260341	163.96226258	170.42857075
0.20500000	144.31497788	172.81655884	165.90501276	170.51870880	155.51577488	168.27896215	170.00014817	158.97606591	156.52143299	171.34085651	162.17219377	147.60404227	163.96179446	170.41989522
0.21000000	144.31442125	172.81526785	165.91237749	170.51714170	155.51212449	168.27847751	170.00257239	158.98562807	156.52750620	171.34301485	162.17442242	147.60488386	163.96101402	170.41191792
0.21500000	144.31382194	172.81394077	165.91955360	170.51570996	155.50923341	168.27798712	170.00519632	158.99551142	156.53295439	171.34458809	162.17860213	147.60513605	163.95992675	170.40465752
0.22000000	144.31318173	172.81257656	165.92654339	170.51442292	155.50711303	168.27750307	170.00802856	159.00572641	156.53778805	171.34558381	162.18468600	147.60480798	163.95853969	170.39813285
0.22500000	144.31250257	172.81117437	165.93334973	170.51328929	155.50577252	168.27703732	170.01107719	159.01628275	156.54201861	171.34601044	162.19262244	147.60391000	163.95686138	170.39236286
0.23000000	144.31178669	172.80973354	165.93997609	170.51231712	155.50521890	168.27660167	170.01434968	159.02718920	156.54565834	171.34587720	162.20235543	147.60245362	163.95490185	170.38736657
0.23500000	144.31103649	172.80825366	165.94642648	170.51151384	155.50545695	168.27620764	170.01785278	159.03845344	156.54872031	171.34519405	162.21382466	147.60045148	163.95267255	170.38316293
0.24000000	144.31025459	172.80673454	165.95270542	170.51088621	155.50648930	168.27586648	170.02159246	159.05008190	156.55121835	171.34397164	162.22696580	147.59791731	163.95018630	170.37977083
0.24500000	144.30944384	172.80517625	165.95881793	170.51044034	155.50831637	168.27558909	170.02557376	159.06207959	156.55316696	171.34222123	162.24171075	147.59486586	163.94745728	170.37720894
0.25000000	144.30860725	172.80357910	165.96476947	170.51018170	155.51093643	168.27538601	170.02980076	159.07444996	156.55458126	171.33995465	162.25798783	147.59131284	163.94450091	170.37549565
0.25500000	144.30774804	172.80194369	165.97056596	170.51011511	155.51434560	168.27526731	170.03427646	159.08719473	156.55547694	171.33718428	162.27572211	147.58727490	163.94133383	170.37464895
0.26000000	144.30686958	172.80027087	165.97621368	170.51024475	155.51853791	168.27524261	170.03900269	159.10031375	156.55587022	171.33392292	162.29483560	147.58276953	163.93797381	170.37468629
0.26500000	144.30597544	172.79856178	165.98171929	170.51057416	155.52350532	168.27532098	170.04398002	159.11380485	156.55577776	171.33018379	162.31524758	147.57781506	163.93443966	170.37562452
0.27000000	144.30506932	172.79681783	165.98708977	170.51110625	155.52923774	168.27551096	170.04920768	159.12766369	156.55521664	171.32598049	162.33687484	147.57243054	163.93075116	170.37747971
0.27500000	144.30415507	172.79504072	165.99233239	170.51184334	155.53572313	168.27582047	170.05468353	159.14188363	156.55420426	171.32132688	162.35963196	147.56663572	163.92692900	170.38026705
0.28000000	144.30323668	172.79323242	165.99745466	170.51278713	155.54294751	168.27625679	170.06040389	159.15645563	156.55275837	171.31623712	162.38343162	147.56045098	163.92299464	170.38400073
0.28500000	144.30231824	172.79139519	166.00246434	170.51393872	155.55089502	168.27682656	170.06636357	159.17136811	156.55089692	171.31072554	162.40818486	147.55389727	163.91897024	170.38869378
0.29000000	144.30140397	172.78953154	166.00736933	170.51529864	155.55954803	168.27753570	170.07255574	159.18660689	156.54863810	171.30480665	162.43380136	147.54699606	163.91487857	170.39435797
0.29500000	144.30049816	172.78764427	166.01217771	170.51686687	155.56888714	168.27838942	170.07897193	159.20215504	156.54600025	171.29849506	162.46018975	147.53976923	163.91074292	170.40100368
0.30000000	144.29960519	172.78573641	166.01689764	170.51864283	155.57889132	168.27939217	170.08560196	159.21799290	156.54300179	171.29180547	162.48725789	147.53223909	163.90658698	170.40863976
0.30500000	144.29872948	172.78381126	166.02153737	170.52062540	155.58953792	168.28054765	170.09243389	159.23409795	156.53966124	171.28475261	162.51491312	147.52442825	163.90243475	170.41727341
0.31000000	144.29787551	172.78187232	166.02610519	170.52281298	155.60080282	168.28185876	170.09945402	159.25044480	156.53599714	171.27735118	162.54306260	147.51635957	163.89831045	170.42691011
0.31500000	144.29704780	172.77992335	166.03060940	170.52520344	155.61266046	168.28332761	170.10664687	159.26700519	156.53202799	171.26961588	162.57161353	147.50805615	163.89423841	170.43755346
0.32000000	144.29625086	172.77796827	166.03505825	170.52779422	155.62508395	168.28495550	170.11399516	159.28374796	156.52777228	171.26156129	162.60047347	147.49954121	163.89024297	170.44920510
0.32500000	144.29548920	172.77601124	166.03945998	170.53058227	155.63804516	168.28674290	170.12147982	159.30063907	156.52324836	171.25320191	162.62955058	147.49083805	163.88634836	170.46186465
0.33000000	144.29476731	172.77405653	166.04382271	170.53356413	155.65151483	168.28868946	170.12908002	159.31764166	156.51847449	171.24455211	162.65875390	147.48197000	163.88257866	170.47552956
0.33500000	144.29408964	172.77210861	166.04815446	170.53673593	155.66546264	168.29079403	170.13677318	159.33471609	156.51346876	171.23562609	162.68799357	147.47296039	163.87895766	170.49019514
0.34000000	144.29346059	172.77017205	166.05246312	170.54009342	155.67985731	168.29305462	170.14453503	159.35182000	156.50824906	171.22643787	162.71718116	147.46383242	163.87550876	170.50585441
0.34500000	144.29288447	172.76825156	166.05675643	170.54363201	155.69466673	168.29546841	170.15233961	159.36890846	156.50283307	171.21700127	162.74622981	147.45460918	163.87225491	170.52249810
0.35000000	144.29236550	172.76635192	166.06104195	170.54734674	155.70985804	168.29803182	170.16015942	159.38593402	156.49723821	171.20732990	162.77505454	147.44531358	163.86921850	170.54011463
0.35500000	144.29190780	172.76447798	166.06532703	170.55123238	155.72539774	168.30074045	170.16796541	159.40284690	156.49148163	171.19743713	162.80357247	147.43596827	163.86642128	170.55869003
0.36000000	144.29151534	172.76263464	166.06961885	170.55528341	155.74125179	168.30358911	170.17572711	159.41959512	156.48558019	171.18733609	162.83170298	147.42659562	163.86388427	170.57820803
0.36500000	144.29119197	172.76082685	166.07392432	170.55949406	155.75738574	168.30657188	170.18341273	159.43612470	156.47955040	171.17703967	162.85936799	147.41721769	163.86162771	170.59864995
0.37000000	144.29094135	172.75905952	166.07825015	170.56385834	155.77376478	168.30968210	170.19098925	159.45237981	156.47340844	171.16656051	162.88649211	147.40785614	163.85967093	170.61999481
0.37500000	144.29076696	172.75733759	166.08260280	170.56837005	155.79035391	168.31291240	170.19842255	159.46830302	156.46717014	171.15591099	162.91300284	147.39853221	163.85803234	170.64221933
0.38000000	144.29067210	172.75566592	166.08698846	170.57302283	155.80711798	168.31625473	170.20567754	159.48383554	156.46085092	171.14510324	162.93883077	147.38926671	163.85672932	170.66529799
0.38500000	144.29065981	172.75404933	166.09141309	170.57781017	155.82402186	168.31970039	170.21271830	159.49891741	156.45446581	171.13414916	162.96390970	147.38007993	163.85577818	170.68920305
0.39000000	144.29073292	172.75249258	166.09588238	170.58272546	155.84103047	168.32324008	170.21950823	159.51348783	156.44802945	171.12306038	162.98817682	147.37099165	163.85519407	170.71390471
0.39500000	144.29089399	172.75100029	166.10040174	170.58776197	155.85810892	168.32686391	170.22601020	159.52748539	156.44155602	171.11184833	163.01157286	147.36202107	163.85499100	170.73937109
0.40000000	144.29114531	172.74957700	166.10497633	170.59291292	155.87522260	168.33056145	170.23218672	159.54084837	156.43505930	171.10052419	163.03404218	147.35318680	163.85518170	170.76556844
0.40500000	144.29148887	172.74822708	166.10961106	170.59817146	155.89233726	168.33432179	170.23800012	159.55351504	156.42855260	171.08909895	163.05553290	147.34450685	163.85577764	170.79246116
0.41000000	144.29192635	172.74695478	166.11431055	170.60353074	155.90941910	168.33813355	170.24341272	159.56542400	156.42204878	171.07758339	163.07599703	147.33599856	163.85678900	170.82001201
0.41500000	144.29245910	172.74576415	166.11907916	170.60898387	155.92643486	168.34198496	170.24838699	159.57651447	156.41556025	171.06598808	163.09539047	147.32767859	163.85822459	170.84818216
0.42000000	144.29308812	172.74465906	166.12392099	170.61452400	155.94335188	168.34586386	170.25288581	159.58672662	156.40909895	171.05432344	163.11367314	147.31956294	163.86009187	170.87693142
0.42500000	144.29381403	172.74364321	166.12883988	170.62014428	155.96013822	168.34975780	170.25687256	159.59600194	156.40267636	171.04259970	163.13080902	147.31166686	163.86239694	170.90621835
0.43000000	144.29463709	172.74272005	166.13383941	170.62583792	155.97676266	168.35365404	170.26031142	159.60428358	156.39630347	171.03082694	163.14676614	147.30400490	163.86514447	170.93600044
0.43500000	144.29555715	172.74189284	166.13892290	170.63159814	155.99319484	168.35753965	170.26316749	159.61151666	156.38999082	171.01901507	163.16151662	147.29659085	163.86833778	170.96623427
0.44000000	144.29657362	172.74116459	166.14409340	170.63741827	156.00940528	168.36140150	170.26540700	159.61764870	156.38374845	171.00717386	163.17503670	147.28943775	163.87197876	170.99687570
0.44500000	144.29768550	172.74053806	166.14935372	170.64329165	156.02536543	168.36522636	170.26699757	159.62262991	156.37758595	170.99531292	163.18730662	147.28255788	163.87606794	171.02788007
0.45000000	144.29889133	172.74001578	166.15470637	170.64921172	156.04104773	168.36900091	170.26790832	159.62641360	156.37151242	170.98344172	163.19831068	147.27596273	163.88060447	171.05920235
0.45500000	144.30018920	172.73960001	166.16015363	170.65517198	156.05642567	168.37271183	170.26811013	159.62895651	156.36553650	170.97156958	163.20803714	147.26966303	163.88558616	171.09079739
0.46000000	144.30157671	172.73929277	166.16569750	170.66116601	156.07147379	168.37634581	170.26757583	159.63021918	156.35966635	170.95970566	163.21647812	147.26366872	163.89100948	171.12262004
0.46500000	144.30305097	172.73909578	166.17133970	170.66718743	156.08616774	168.37988961	170.26628036	159.63016633	156.35390968	170.94785895	163.22362956	147.25798895	163.89686963	171.15462540
0.47000000	144.30460859	172.73901051	166.17708168	170.67322995	156.10048430	168.38333014	170.26420100	159.62876718	156.34827372	170.93603827	163.22949108	147.25263211	163.90316052	171.18676899
0.47500000	144.30624568	172.73903816	166.18292457	170.67928730	156.11440141	168.38665445	170.26131751	159.62599582	156.34276525	170.92425226	163.23406588	147.24760580	163.90987488	171.21900693
0.48000000	144.30795783	172.73917964	166.18886923	170.68535329	156.12789813	168.38984981	170.25761239	159.62183155	156.33739062	170.91250933	163.23736060	147.24291684	163.91700424	171.25129617
0.48500000	144.30974011	172.73943559	166.19491620	170.69142174	156.14095474	168.39290376	170.25307095	159.61625922	156.33215571	170.90081769	163.23938517	147.23857131	163.92453900	171.28359459
0.49000000	144.31158705	172.73980638	166.20106571	170.69748651	156.15355266	168.39580414	170.24768157	159.60926954	156.32706596	170.88918531	163.24015266	147.23457450	163.93246852	171.31586125
0.49500000	144.31349266	172.74029209	166.20731764	170.70354146	156.16567449	168.39853911	170.24143581	159.60085941	156.32212640	170.87761989	163.23967912	147.23093098	163.94078110	171.34805651
0.50000000	144.31545042	172.74089252	166.21367151	170.70958048	156.17730399	168.40109724	170.23432860	159.59103222	156.31734163	170.86612885	163.23798339	147.22764458	163.94946409	171.38014223
0.50500000	144.31745330	172.74160718	166.22012650	170.71559743	156.18842608	168.40346750	170.22635835	159.57979813	156.31271582	170.85471929	163.23508697	147.22471840	163.95850395	171.41208188
0.51000000	144.31949371	172.74243533	166.22668141	170.72158615	156.19902682	168.40563933	170.21752710	159.56717432	156.30825277	170.84339801	163.23101376	147.22215483	163.96788626	171.44384068
0.51500000	144.32156359	172.74337593	166.23333462	170.72754047	156.20909338	168.40760263	170.20784064	159.55318529	156.30395586	170.83217141	163.22578993	147.21995558	163.97759583	171.47538576
0.52000000	144.32365436	172.74442767	166.24008411	170.73345415	156.21861405	168.40934785	170.19730866	159.53786305	156.29982809	170.82104557	163.21944373	147.21812166	163.98761672	171.50668628
0.52500000	144.32575694	172.74558895	166.24692744	170.73932095	156.22757817	168.41086598	170.18594478	159.52124733	156.29587209	170.81002612	163.21200524	147.21665345	163.99793232	171.53771347
0.53000000	144.32786179	172.74685791	166.25386171	170.74513455	156.23597616	168.41214859	170.17376671	159.50338578	156.29209014	170.79911832	163.20350626	147.21555065	164.00852539	171.56844080
0.53500000	144.32995893	172.74823241	166.26088357	170.75088857	156.24379944	168.41318786	170.16079629	159.48433411	156.28848416	170.78832694	163.19398004	147.21481235	164.01937813	171.59884401
0.54000000	144.33203792	172.74971004	166.26798916	170.75657658	156.25104045	168.41397657	170.14705955	159.46415623	156.28505574	170.77765633	163.18346114	147.21443702	164.03047223	171.62890120
0.54500000	144.33408794	172.75128812	166.27517417	170.76219210	156.25769257	168.41450819	170.13258678	159.44292435	156.28180615	170.76711036	163.17198523	147.21442253	164.04178890	171.65859285
0.55000000	144.33609780	172.75296369	166.28243373	170.76772859	156.26375013	168.41477682	170.11741253	159.42071902	156.27873635	170.75669241	163.15958889	147.21476618	164.05330892	171.68790190
0.55500000	144.33805597	172.75473353	166.28976246	170.77317944	156.26920838	168.41477727	170.10157567	159.39762920	156.27584703	170.74640535	163.14630947	147.21546471	164.06501270	171.71681372
0.56000000	144.33995060	172.75659415	166.29715445	170.77853799	156.27406342	168.41450503	170.08511935	159.37375222	156.27313857	170.73625158	163.13218487	147.21651429	164.07688030	171.74531613
0.56500000	144.34176962	172.75854181	166.30460322	170.78379756	156.27831223	168.41395635	170.06809100	159.34919376	156.27061111	170.72623296	163.11725343	147.21791058	164.08889149	171.77339943
0.57000000	144.34350073	172.76057248	166.31210171	170.78895142	156.28195259	168.41312814	170.05054231	159.32406776	156.26826454	170.71635084	163.10155371	147.21964873	164.10102574	171.80105632
0.57500000	144.34513146	172.76268188	166.31964230	170.79399282	156.28498308	168.41201811	170.03252917	159.29849630	156.26609853	170.70660609	163.08512438	147.22172338	164.11326228	171.82828187
0.58000000	144.34664924	172.76486549	166.32721677	170.79891498	156.28740307	168.41062467	170.01411160	159.27260941	156.26411253	170.69699904	163.06800409	147.22412869	164.12558010	171.85507352
0.58500000	144.34804147	172.76711849	166.33481629	170.80371116	156.28921268	168.40894701	169.99535365	159.24654493	156.26230580	170.68752955	163.05023131	147.22685836	164.13795800	171.88143093
0.59000000	144.34929555	172.76943586	166.34243143	170.80837462	156.29041273	168.40698507	169.97632334	159.22044817	156.26067743	170.67819700	163.03184421	147.22990562	164.15037457	171.90735597
0.59500000	144.35039894	172.77181228	166.35005216	170.81289866	156.29100479	168.40473954	169.95709252	159.19447167	156.25922634	170.66900029	163.01288057	147.23326328	164.16280823	171.93285258
0.60000000	144.35133929	172.77424221	166.35766780	170.81727662	156.29099110	168.40221189	169.93773668	159.16877485	156.25795132	170.65993789	162.99337766	147.23692370	164.17523720	171.95792670
0.60500000	144.35210445	172.77671985	166.36526709	170.82150194	156.29037461	168.39940433	169.91833489	159.14352358	156.25685103	170.65100785	162.97337215	147.24087885	164.18763957	171.98258614
0.61000000	144.35268258	172.77923919	166.37283813	170.82556815	156.28915892	168.39631986	169.89896953	159.11888979	156.25592404	170.64220782	162.95290004	147.24512029	164.19999323	172.00684043
0.61500000	144.35306221	172.78179395	166.38036841	170.82946890	156.28734830	168.39296220	169.87972614	159.09505096	156.25516880	170.63353508	162.93199660	147.24963919	164.21227593	172.03070077
0.62000000	144.35323235	172.78437765	166.38784482	170.83319796	156.28494766	168.38933586	169.86069321	159.07218960	156.25458374	170.62498659	162.91069626	147.25442634	164.22446526	172.05417978
0.62500000	144.35318256	172.78698360	166.39525364	170.83674929	156.28196258	168.38544607	169.84196191	159.05049265	156.25416718	170.61655902	162.88903262	147.25947218	164.23653864	172.07729147
0.63000000	144.35290304	172.78960488	166.40258056	170.84011702	156.27839928	168.38129879	169.82362588	159.03015088	156.25391744	170.60824875	162.86703838	147.26476679	164.24847333	172.10005098
0.63500000	144.35238473	172.79223440	166.40981071	170.84329548	156.27426461	168.37690071	169.80578091	159.01135822	156.25383279	170.60005197	162.84474530	147.27029990	164.26024644	172.12247452
0.64000000	144.35161939	172.79486488	166.41692863	170.84627925	156.26956608	168.37225922	169.78852470	158.99431105	156.25391152	170.59196467	162.82218420	147.27606093	164.27183493	172.14457915
0.64500000	144.35059972	172.79748887	166.42391836	170.84906314	156.26431184	168.36738243	169.77195652	158.97920741	156.25415190	170.58398271	162.79938494	147.28203896	164.28321558	172.16638266
0.65000000	144.34931941	172.80009879	166.43076339	170.85164225	156.25851068	168.36227908	169.75617688	158.96624628	156.25455222	170.57610184	162.77637638	147.28822276	164.29436506	172.18790339
0.65500000	144.34777332	172.80268690	166.43744674	170.85401195	156.25217205	168.35695858	169.74128722	158.95562667	156.25511080	170.56831776	162.75318643	147.29460084	164.30525986	172.20916009
0.66000000	144.34595749	172.80524537	166.44395094	170.85616795	156.24530606	168.35143099	169.72738953	158.94754682	156.25582600	170.56062616	162.72984203	147.30116138	164.31587638	172.23017175
0.66500000	144.34386929	172.80776627	166.45025812	170.85810626	156.23792348	168.34570693	169.71458596	158.94220325	156.25669622	170.55302277	162.70636914	147.30789231	164.32619088	172.25095747
0.67000000	144.34150752	172.81024162	166.45634999	170.85982327	156.23003577	168.33979762	169.70297845	158.93978987	156.25771992	170.54550339	162.68279282	147.31478132	164.33617955	172.27153626
0.67500000	144.33887248	172.81266338	166.46220790	170.86131569	156.22165504	168.33371483	169.69266835	158.94049699	156.25889562	170.53806393	162.65913720	147.32181583	164.34581847	172.29192698
0.68000000	144.33596611	172.81502347	166.46781291	170.86258066	156.21279412	168.32747082	169.68375595	158.94451036	156.26022192	170.53070047	162.63542551	147.32898306	164.35508372	172.31214811
0.68500000	144.33279204	172.81731386	166.47314577	170.86361567	156.20346653	168.32107836	169.67634009	158.95201017	156.26169748	170.52340930	162.61168014	147.33626999	164.36395135	172.33221771
0.69000000	144.32935573	172.81952651	166.47818702	170.86441863	156.19368651	168.31455063	169.67051771	158.96316999	156.26332105	170.51618695	162.58792267	147.34366345	164.37239744	172.35215323
0.69500000	144.32566454	172.82165346	166.48291705	170.86498788	156.18346902	168.30790124	169.66638343	158.97815582	156.26509146	170.50903025	162.56417388	147.35115008	164.38039813	172.37197141
0.70000000	144.32172780	172.82368682	166.48731607	170.86532217	156.17282974	168.30114415	169.66402905	158.99712499	156.26700764	170.50193634	162.54045384	147.35871638	164.38792970	172.39168819
0.70500000	144.31755695	172.82561883	166.49136428	170.86542069	156.16178510	168.29429366	169.66354311	159.02022513	156.26906860	170.49490274	162.51678192	147.36634872	164.39496859	172.41131862
0.71000000	144.31316561	172.82744184	166.49504184	170.86528305	156.15035228	168.28736434	169.66501044	159.04759316	156.27127347	170.48792736	162.49317683	147.37403339	164.40149149	172.43087674
0.71500000	144.30856960	172.82914840	166.49832897	170.86490934	156.13854922	168.28037100	169.66851167	159.07935424	156.27362144	170.48100854	162.46965670	147.38175662	164.40747536	172.45037555
0.72000000	144.30378712	172.83073124	166.50120600	170.86430006	156.12639461	168.27332867	169.67412276	159.11562077	156.27611183	170.47414512	162.44623913	147.38950459	164.41289755	172.46982688
0.72500000	144.29883874	172.83218330	166.50365346	170.86345619	156.11390791	168.26625251	169.68191458	159.15649137	156.27874406	170.46733639	162.42294119	147.39726349	164.41773584	172.48924140
0.73000000	144.29374751	172.83349778	166.50565209	170.86237913	156.10110935	168.25915780	169.69195236	159.20204995	156.28151764	170.46058220	162.39977954	147.40501953	164.42196855	172.50862855
0.73500000	144.28853900	172.83466817	166.50718297	170.86107074	156.08801991	168.25205988	169.70429530	159.25236476	156.28443219	170.45388292	162.37677044	147.41275900	164.42557458	172.52799647
0.74000000	144.28324139	172.83568822	166.50822755	170.85953332	156.07466136	168.24497410	169.71899609	159.30748748	156.28748745	170.44723949	162.35392980	147.42046830	164.42853353	172.54735206
0.74500000	144.27788547	172.83655203	166.50876774	170.85776961	156.06105618	168.23791581	169.73610046	159.36745238	156.29068323	170.44065345	162.33127326	147.42813398	164.43082577	172.56670086
0.75000000	144.27250473	172.83725406	166.50878596	170.85578276	156.04722763	168.23090027	169.75564676	159.43227554	156.29401949	170.43412690	162.30881619	147.43574276	164.43243253	172.58604712
0.75500000	144.26713536	172.83778910	166.50826521	170.85357634	156.03319967	168.22394264	169.77766553	159.50195410	156.29749623	170.42766255	162.28657380	147.44328161	164.43333601	172.60539379
0.76000000	144.26181630	172.83815237	166.50718916	170.85115435	156.01899697	168.21705791	169.80217912	159.57646561	156.30111360	170.42126370	162.26456113	147.45073777	164.43351945	172.62474249
0.76500000	144.25658924	172.83833948	166.50554219	170.84852116	156.00464492	168.21026089	169.82920126	159.65576743	156.30487181	170.41493425	162.24279311	147.45809880	164.43296725	172.64409360
0.77000000	144.25149866	172.83834647	166.50330948	170.84568154	155.99016952	168.20356614	169.85873677	159.73979623	156.30877116	170.40867870	162.22128463	147.46535262	164.43166501	172.66344620
0.77500000	144.24659177	172.83816981	166.50047704	170.84264059	155.97559745	168.19698798	169.89078114	159.82846760	156.31281205	170.40250209	162.20005054	147.47248758	164.42959970	172.68279820
0.78000000	144.24191857	172.83780646	166.49703183	170.83940381	155.96095594	168.19054037	169.92532028	159.92167570	156.31699492	170.39641004	162.17910571	147.47949248	164.42675969	172.70214629
0.78500000	144.23753176	172.83725384	166.49296174	170.83597699	155.94627281	168.18423696	169.96233024	160.01929313	156.32132029	170.39040869	162.15846503	147.48635661	164.42313484	172.72148605
0.79000000	144.23348674	172.83650983	166.48825573	170.83236624	155.93157636	168.17809101	170.00177692	160.12117077	156.32578874	170.38450469	162.13814349	147.49306985	164.41871662	172.74081194
0.79500000	144.22984159	172.83557283	166.48290381	170.82857797	155.91689540	168.17211538	170.04361590	160.22713791	156.33040085	170.37870513	162.11815616	147.49962265	164.41349818	172.76011744
0.80000000	144.22665695	172.83444174	166.47689714	170.82461886	155.90225909	168.16632247	170.08779224	160.33700233	156.33515728	170.37301755	162.09851825	147.50600614	164.40747440	172.77939500
0.80500000	144.22399598	172.83311597	166.47022807	170.82049582	155.88769699	168.16072425	170.13424039	160.45055071	156.34005865	170.36744986	162.07924510	147.51221213	164.40064199	172.79863619
0.81000000	144.22192429	172.83159545	166.46289015	170.81621600	155.87323893	168.15533215	170.18288402	160.56754900	156.34510560	170.36201030	162.06035220	147.51823318	164.39299956	172.81783172
0.81500000	144.22050984	172.82988063	166.45487820	170.81178675	155.85891496	168.15015713	170.23363608	160.68774310	156.35029875	170.35670738	162.04185522	147.52406263	164.38454767	172.83697151
0.82000000	144.21982281	172.82797251	166.44618835	170.80721559	155.84475528	168.14520959	170.28639871	160.81085957	156.35563866	170.35154983	162.02376999	147.52969467	164.37528886	172.85604476
0.82500000	144.21993549	172.82587260	166.43681802	170.80251017	155.83079017	168.14049939	170.34106338	160.93660657	156.36112585	170.34654653	162.00611253	147.53512433	164.36522774	172.87504004
0.83000000	144.22092215	172.82358296	166.42676602	170.79767829	155.81704989	168.13603582	170.39751094	161.06467492	156.36676074	170.34170646	161.98889904	147.54034758	164.35437100	172.89394530
0.83500000	144.22285889	172.82110622	166.41603249	170.79272783	155.80356463	168.13182758	170.45561181	161.19473936	156.37254367	170.33703860	161.97214589	147.54536130	164.34272746	172.91274800
0.84000000	144.22582349	172.81844553	166.40461898	170.78766676	155.79036437	168.12788277	170.51522620	161.32645986	156.37847483	170.33255190	161.95586962	147.55016338	164.33030803	172.93143515
0.84500000	144.22989519	172.81560462	166.39252841	170.78250306	155.77747884	168.12420888	170.57620438	161.45948323	156.38455430	170.32825516	161.94008695	147.55475266	164.31712580	172.94999340
0.85000000	144.23515456	172.81258778	166.37976510	170.77724475	155.76493740	168.12081279	170.63838705	161.59344473	156.39078197	170.32415700	161.92481472	147.55912904	164.30319598	172.96840907
0.85500000	144.24168326	172.80939985	166.36633479	170.77189984	155.75276894	168.11770075	170.70160569	161.72796990	156.39715755	170.32026577	161.91006990	147.56329341	164.28853589	172.98666823
0.86000000	144.24956386	172.80604629	166.35224456	170.76647629	155.74100179	168.11487839	170.76568307	161.86267645	156.40368055	170.31658946	161.89586960	147.56724774	164.27316497	173.00475680
0.86500000	144.25887957	172.80253312	166.33750290	170.76098202	155.72966360	168.11235069	170.83043372	161.99717629	156.41035023	170.31313568	161.88223100	147.57099503	164.25710471	173.02266058
0.87000000	144.26971405	172.79886697	166.32211963	170.75542485	155.71878129	168.11012201	170.89566456	162.13107760	156.41716564	170.30991151	161.86917135	147.57453931	164.24037859	173.04036531
0.87500000	144.28215111	172.79505507	166.30610594	170.74981250	155.70838089	168.10819606	170.96117552	162.26398702	156.42412553	170.30692353	161.85670795	147.57788565	164.22301207	173.05785676
0.88000000	144.29627450	172.79110530	166.28947429	170.74415258	155.69848747	168.10657592	171.02676019	162.39551176	156.43122839	170.30417767	161.84485809	147.58104015	164.20503248	173.07512075
0.88500000	144.31216761	172.78702616	166.27223842	170.73845253	155.68912503	168.10526405	171.09220663	162.52526188	156.43847239	170.30167919	161.83363907	147.58400989	164.18646893	173.09214326
0.89000000	144.32991321	172.78282680	166.25441332	170.73271965	155.68031644	168.10426227	171.15729816	162.65285232	156.44585540	170.29943266	161.82306811	147.58680291	164.16735226	173.10891044
0.89500000	144.34959311	172.77851707	166.23601515	170.72696105	155.67208329	168.10357176	171.22181415	162.77790513	156.45337498	170.29744182	161.81316237	147.58942821	164.14771490	173.12540869
0.90000000	144.37128795	172.77410750	166.21706124	170.72118367	155.66444587	168.10319313	171.28553097	162.90005133	156.46102831	170.29570962	161.80393886	147.59189565	164.12759078	173.14162472
0.90500000	144.39507681	172.76960934	166.19757000	170.71539425	155.65742303	168.10312634	171.34822288	163.01893292	156.46881226	170.29423815	161.79541443	147.59421595	164.10701518	173.15754558
0.91000000	144.42103695	172.76503455	166.17756088	170.70959932	155.65103215	168.10337077	171.40966299	163.13420447	156.47672332	170.29302856	161.78760572	147.59640061	164.08602466	173.17315874
0.91500000	144.44924348	172.76039588	166.15705432	170.70380523	155.64528907	168.10392520	171.46962426	163.24553471	156.48475763	170.29208112	161.78052909	147.59846189	164.06465685	173.18845212
0.92000000	144.47976903	172.75570686	166.13607170	170.69801809	155.64020801	168.10478784	171.52788045	163.35260781	156.49291095	170.29139511	161.77420061	147.60041269	164.04295037	173.20341415
0.92500000	144.51268343	172.75098181	166.11463523	170.69224386	155.63580153	168.10595634	171.58420717	163.45512443	156.50117868	170.29096886	161.76863596	147.60226654	164.02094466	173.21803382
0.93000000	144.54805342	172.74623589	166.09276795	170.68648826	155.63208048	168.10742778	171.63838289	163.55280248	156.50955582	170.29079968	161.76385038	147.60403748	163.99867983	173.23230072
0.93500000	144.58594225	172.74148512	166.07049360	170.68075685	155.62905401	168.10919871	171.69018991	163.64537770	156.51803702	170.29088392	161.75985862	147.60574005	163.97619650	173.24620510
0.94000000	144.62640944	172.73674641	166.04783663	170.67505503	155.62672948	168.11126515	171.73941537	163.73260381	156.52661655	170.29121689	161.75667487	147.60738915	163.95353567	173.25973789
0.94500000	144.66951037	172.73203759	166.02482204	170.66938800	155.62511248	168.11362261	171.78585225	163.81425253	156.53528827	170.29179294	161.75431266	147.60899999	163.93073853	173.27289077
0.95000000	144.71529603	172.72737742	166.00147539	170.66376085	155.62420681	168.11626609	171.82930027	163.89011322	156.54404572	170.29260539	161.75278480	147.61058804	163.90784633	173.28565620
0.95500000	144.76381265	172.72278565	165.97782269	170.65817852	155.62401450	168.11919014	171.86956684	163.95999233	156.55288204	170.29364659	161.75210329	147.61216890	163.88490020	173.29802745
0.96000000	144.81510141	172.71828302	165.95389033	170.65264586	155.62453579	168.12238882	171.90646795	164.02371263	156.56179001	170.29490794	161.75227924	147.61375825	163.86194100	173.30999864
0.96500000	144.86919813	172.71389132	165.92970503	170.64716762	155.62576914	168.12585574	171.93982896	164.08111224	156.57076208	170.29637987	161.75332279	147.61537178	163.83900918	173.32156478
0.97000000	144.92613296	172.70963340	165.90529378	170.64174847	155.62771127	168.12958409	171.96948542	164.13204351	156.57979033	170.29805191	161.75524296	147.61702509	163.81614460	173.33272178
0.97500000	144.98593011	172.70553320	165.88068373	170.63639305	155.63035718	168.13356665	171.99528384	164.17637188	156.58886653	170.29991268	161.75804764	147.61873362	163.79338642	173.34346649
0.98000000	145.04860754	172.70161582	165.85590218	170.63110596	155.63370020	168.13779579	172.01708234	164.21397462	156.59798211	170.30194998	161.76174341	147.62051259	163.77077289	173.35379674
0.98500000	145.11417669	172.69790750	165.83097647	170.62589180	155.63773199	168.14226352	172.03475135	164.24473963	156.60712823	170.30415076	161.76633551	147.62237691	163.74834127	173.36371131
0.99000000	145.18264223	172.69443568	165.80593395	170.62075520	155.64244263	168.14696149	172.04817417	164.26856435	156.61629573	170.30650122	161.77182767	147.62434112	163.72612767	173.37320998
0.99500000	145.25400182	172.69122902	165.78080191	170.61570081	155.64782065	168.15188100	172.05724752	164.28535476	156.62547519	170.30898686	161.77822209	147.62641932	163.70416690	173.38229352
1.00000000	145.32824586	172.68831743	165.75560752	170.61073337	155.65385308	168.15701305	172.06188208	164.29502458	156.63465694	170.31159248	161.78551925	147.62862512	163.68249239	173.39096373
1.00500000	145.40535726	172.68573210	165.73037781	170.60585768	155.66052554	168.16234833	172.06200291	164.29749471	156.64383110	170.31430230	161.79371790	147.63097157	163.66113601	173.39922339
1.01000000	145.48531127	172.68350550	165.70513956	170.60107867	155.66782229	168.16787727	172.05754987	164.29269293	156.65298757	170.31709997	161.80281491	147.63347109	163.64012804	173.40707632
1.01500000	145.56807525	172.68167141	165.67991929	170.59640138	155.67572631	168.17359003	172.04847799	164.28055390	156.66211608	170.31996866	161.81280519	147.63613547	163.61949696	173.41452732
1.02000000	145.65360854	172.68026495	165.65474325	170.59183100	155.68421936	168.17947653	172.03475778	164.26101948	156.67120621	170.32289115	161.82368162	147.63897578	163.59926949	173.42158222
1.02500000	145.74186229	172.67932254	165.62963731	170.58737290	155.69328208	168.18552651	172.01637548	164.23403938	156.68024741	170.32584985	161.83543496	147.64200232	163.57947038	173.42824783
1.03000000	145.83277933	172.67888192	165.60462697	170.58303261	155.70289406	168.19172950	171.99333329	164.19957208	156.68922905	170.32882689	161.84805377	147.64522464	163.56012241	173.43453195
1.03500000	145.92629405	172.67898214	165.57973732	170.57881586	155.71303393	168.19807486	171.96564952	164.15758610	156.69814045	170.33180424	161.86152436	147.64865147	163.54124630	173.44044335
1.04000000	146.02233235	172.67966355	165.55499299	170.57472860	155.72367946	168.20455183	171.93335865	164.10806149	156.70697090	170.33476371	161.87583070	147.65229069	163.52286069	173.44599177
1.04500000	146.12081154	172.68096772	165.53041816	170.57077699	155.73480762	168.21114951	171.89651141	164.05099158	156.71570970	170.33768710	161.89095442	147.65614934	163.50498204	173.45118789
1.05000000	146.22164032	172.68293748	165.50603650	170.56696741	155.74639471	168.21785693	171.85517470	163.98638485	156.72434618	170.34055625	161.90687472	147.66023358	163.48762463	173.45604333
1.05500000	146.32471877	172.68561678	165.48187117	170.56330648	155.75841640	168.22466303	171.80943147	163.91426696	156.73286978	170.34335309	161.92356838	147.66454871	163.47080057	173.46057061
1.06000000	146.42993835	172.68905068	165.45794480	170.55980104	155.77084789	168.23155671	171.75938052	163.83468279	156.74127003	170.34605979	161.94100972	147.66909913	163.45451972	173.46478315
1.06500000	146.53718198	172.69328527	165.43427946	170.55645820	155.78366394	168.23852686	171.70513623	163.74769848	156.74953662	170.34865878	161.95917060	147.67388838	163.43878978	173.46869526
1.07000000	146.64632408	172.69836755	165.41089665	170.55328526	155.79683901	168.24556237	171.64682812	163.65340336	156.75765943	170.35113285	161.97802043	147.67891909	163.42361623	173.47232208
1.07500000	146.75723068	172.70434535	165.38781731	170.55028979	155.81034731	168.25265214	171.58460044	163.55191173	156.76562856	170.35346524	161.99752619	147.68419308	163.40900240	173.47567959
1.08000000	146.86975959	172.71126720	165.36506179	170.54747954	155.82416292	168.25978513	171.51861158	163.44336442	156.77343435	170.35563970	162.01765245	147.68971128	163.39494949	173.47878459
1.08500000	146.98376055	172.71918219	165.34264982	170.54486250	155.83825988	168.26695040	171.44903341	163.32793008	156.78106744	170.35764056	162.03836142	147.69547381	163.38145662	173.48165463
1.09000000	147.09907544	172.72813984	165.32060054	170.54244684	155.85261224	168.27413705	171.37605054	163.20580613	156.78851876	170.35945280	162.05961302	147.70147997	163.36852089	173.48430804
1.09500000	147.21553854	172.73818994	165.29893249	170.54024090	155.86719420	168.28133434	171.29985949	163.07721937	156.79577960	170.36106214	162.08136493	147.70772829	163.35613746	173.48676386
1.10000000	147.33297679	172.74938234	165.27766357	170.53825320	155.88198013	168.28853165	171.22066780	162.94242619	156.80284161	170.36245508	162.10357267	147.71421654	163.34429960	173.48904182
1.10500000	147.45121017	172.76176680	165.25681106	170.53649237	155.89694469	168.29571852	171.13869304	162.80171239	156.80969685	170.36361895	162.12618972	147.72094174	163.33299876	173.49116230
1.11000000	147.57005198	172.77539276	165.23639161	170.53496715	155.91206290	168.30288467	171.05416178	162.65539263	156.81633778	170.36454199	162.14916763	147.72790025	163.32222472	173.49314631
1.11500000	147.68930933	172.79030912	165.21642126	170.53368637	155.92731019	168.31002000	170.96730850	162.50380938	156.82275730	170.36521336	162.17245612	147.73508774	163.31196563	173.49501540
1.12000000	147.80878352	172.80656404	165.19691536	170.53265889	155.94266247	168.31711464	170.87837448	162.34733166	156.82894877	170.36562324	162.19600324	147.74249925	163.30220810	173.49679167
1.12500000	147.92827058	172.82420465	165.17788868	170.53189357	155.95809621	168.32415893	170.78760662	162.18635328	156.83490602	170.36576281	162.21975553	147.75012921	163.29293738	173.49849770
1.13000000	148.04756177	172.84327685	165.15935528	170.53139926	155.97358848	168.33114347	170.69525631	162.02129085	156.84062339	170.36562431	162.24365817	147.75797151	163.28413736	173.50015647
1.13500000	148.16644417	172.86382499	165.14132861	170.53118473	155.98911703	168.33805911	170.60157816	161.85258149	156.84609572	170.36520107	162.26765519	147.76601947	163.27579076	173.50179133
1.14000000	148.28470129	172.88589166	165.12382145	170.53125863	156.00466028	168.34489698	170.50682890	161.68068030	156.85131837	170.36448752	162.29168964	147.77426595	163.26787921	173.50342592
1.14500000	148.40211372	172.90951733	165.10684591	170.53162946	156.02019742	168.35164849	170.41126614	161.50605767	156.85628723	170.36347922	162.31570383	147.78270330	163.26038334	173.50508411
1.15000000	148.51845984	172.93474015	165.09041346	170.53230552	156.03570843	168.35830536	170.31514727	161.32919640	156.86099874	170.36217287	162.33963952	147.79132345	163.25328292	173.50678991
1.15500000	148.63351656	172.96159560	165.07453486	170.53329483	156.05117411	168.36485962	170.21872827	161.15058877	156.86544993	170.36056631	162.36343818	147.80011795	163.24655693	173.50856742
1.16000000	148.74706004	172.99011622	165.05922024	170.53460512	156.06657607	168.37130363	170.12226265	160.97073353	156.86963835	170.35865852	162.38704124	147.80907794	163.24018369	173.51044072
1.16500000	148.85886656	173.02033133	165.04447902	170.53624377	156.08189684	168.37763008	170.02600036	160.79013288	156.87356217	170.35644963	162.41039032	147.81819424	163.23414097	173.51243380
1.17000000	148.96871330	173.05226671	165.03031993	170.53821773	156.09711978	168.38383204	169.93018683	160.60928948	156.87722015	170.35394092	162.43342750	147.82745736	163.22840603	173.51457047
1.17500000	149.07637919	173.08594431	165.01675103	170.54053347	156.11222915	168.38990293	169.83506198	160.42870356	156.88061163	170.35113478	162.45609559	147.83685752	163.22295580	173.51687426
1.18000000	149.18164581	173.12138202	165.00377966	170.54319696	156.12721012	168.39583657	169.74085929	160.24887001	156.88373658	170.34803472	162.47833839	147.84638472	163.21776687	173.51936835
1.18500000	149.28429825	173.15859334	164.99141250	170.54621355	156.14204872	168.40162715	169.64780504	160.07027573	156.88659561	170.34464538	162.50010097	147.85602871	163.21281567	173.52207544
1.19000000	149.38412599	173.19758712	164.97965548	170.54958798	156.15673187	168.40726930	169.55611744	159.89339704	156.88918996	170.34097244	162.52132989	147.86577908	163.20807849	173.52501769
1.19500000	149.48092380	173.23836737	164.96851385	170.55332427	156.17124735	168.41275809	169.46600600	159.71869724	156.89152149	170.33702265	162.54197354	147.87562525	163.20353155	173.52821662
1.20000000	149.57449264	173.28093297	164.95799215	170.55742568	156.18558379	168.41808901	169.37767081	159.54662436	156.89359276	170.33280380	162.56198232	147.88555654	163.19915113	173.53169301
1.20500000	149.66464048	173.32527745	164.94809418	170.56189465	156.19973064	168.42325804	169.29130201	159.37760915	156.89540699	170.32832468	162.58130892	147.89556216	163.19491358	173.53546681
1.21000000	149.75118316	173.37138884	164.93882306	170.56673275	156.21367817	168.42826164	169.20707927	159.21206315	156.89696808	170.32359505	162.59990856	147.90563127	163.19079540	173.53955705
1.21500000	149.83394523	173.41924949	164.93018118	170.57194063	156.22741738	168.43309678	169.12517135	159.05037707	156.89828065	170.31862560	162.61773924	147.91575303	163.18677330	173.54398178
1.22000000	149.91276067	173.46883589	164.92217023	170.57751795	156.24094006	168.43776096	169.04573567	158.89291928	156.89935000	170.31342794	162.63476188	147.92591659	163.18282424	173.54875795
1.22500000	149.98747363	173.52011858	164.91479117	170.58346334	156.25423866	168.44225222	168.96891807	158.74003455	156.90018218	170.30801455	162.65094064	147.93611115	163.17892550	173.55390135
1.23000000	150.05793913	173.57306206	164.90804428	170.58977436	156.26730635	168.44656919	168.89485252	158.59204296	156.90078397	170.30239876	162.66624300	147.94632602	163.17505470	173.55942652
1.23500000	150.12402363	173.62762471	164.90192913	170.59644743	156.28013689	168.45071106	168.82366092	158.44923903	156.90116290	170.29659466	162.68064000	147.95655061	163.17118986	173.56534670
1.24000000	150.18560558	173.68375878	164.89644460	170.60347785	156.29272469	168.45467766	168.75545298	158.31189096	156.90132725	170.29061713	162.69410639	147.96677450	163.16730941	173.57167377
1.24500000	150.24257587	173.74141040	164.89158893	170.61085968	156.30506469	168.45846944	168.69032616	158.18024019	156.90128607	170.28448177	162.70662075	147.97698748	163.16339224	173.57841814
1.25000000	150.29483825	173.80051956	164.88735964	170.61858579	156.31715237	168.46208750	168.62836561	158.05450098	156.90104918	170.27820485	162.71816567	147.98717955	163.15941770	173.58558874
1.25500000	150.34230960	173.86102026	164.88375365	170.62664778	156.32898372	168.46553364	168.56964423	157.93486023	156.90062720	170.27180326	162.72872777	147.99734102	163.15536569	173.59319294
1.26000000	150.38492015	173.92284051	164.88076724	170.63503600	156.34055518	168.46881032	168.51422270	157.82147746	156.90003151	170.26529453	162.73829788	148.00746247	163.15121659	173.60123654
1.26500000	150.42261362	173.98590254	164.87839607	170.64373950	156.35186361	168.47192073	168.46214968	157.71448495	156.89927429	170.25869669	162.74687104	148.01753487	163.14695134	173.60972369
1.27000000	150.45534722	174.05012289	164.87663523	170.65274605	156.36290625	168.47486880	168.41346187	157.61398792	156.89836851	170.25202830	162.75444659	148.02754955	163.14255143	173.61865690
1.27500000	150.48309162	174.11541265	164.87547927	170.66204211	156.37368072	168.47765919	168.36818429	157.52006499	156.89732790	170.24530839	162.76102819	148.03749825	163.13799895	173.62803699
1.28000000	150.50583082	174.18167761	164.87492220	170.67161288	156.38418495	168.48029735	168.32633050	157.43276862	156.89616698	170.23855638	162.76662380	148.04737317	163.13327652	173.63786308
1.28500000	150.52356185	174.24881851	164.87495754	170.68144226	156.39441714	168.48278949	168.28790286	157.35212575	156.89490104	170.23179205	162.77124568	148.05716698	163.12836739	173.64813261
1.29000000	150.53629452	174.31673132	164.87557835	170.69151289	156.40437575	168.48514263	168.25289284	157.27813851	156.89354609	170.22503551	162.77491036	148.06687285	163.12325540	173.65884131
1.29500000	150.54405097	174.38530745	164.87677730	170.70180620	156.41405947	168.48736458	168.22128136	157.21078503	156.89211890	170.21830710	162.77763855	148.07648449	163.11792498	173.66998324
1.30000000	150.54686525	174.45443409	164.87854664	170.71230241	156.42346715	168.48946398	168.19303916	157.15002034	156.89063694	170.21162738	162.77945509	148.08599614	163.11236117	173.68155079
1.30500000	150.54478270	174.52399445	164.88087834	170.72298058	156.43259781	168.49145031	168.16812718	157.09577731	156.88911835	170.20501704	162.78038881	148.09540262	163.10654966	173.69353475
1.31000000	150.53785939	174.59386810	164.88376404	170.73381866	156.44145058	168.49333386	168.14649696	157.04796771	156.88758195	170.19849688	162.78047242	148.10469933	163.10047672	173.70592428
1.31500000	150.52616144	174.66393125	164.88719517	170.74479357	156.45002468	168.49512578	168.12809110	157.00648330	156.88604714	170.19208770	162.77974235	148.11388227	163.09412928	173.71870703
1.32000000	150.50976430	174.73405708	164.89116297	170.75588121	156.45831938	168.49683804	168.11284368	156.97119699	156.88453393	170.18581028	162.77823859	148.12294807	163.08749488	173.73186917
1.32500000	150.48875202	174.80411604	164.89565853	170.76705660	156.46633399	168.49848349	168.10068074	156.94196400	156.88306285	170.17968531	162.77600451	148.13189396	163.08056175	173.74539545
1.33000000	150.46321641	174.87397618	164.90067286	170.77829393	156.47406780	168.50007577	168.09152079	156.91862312	156.88165493	170.17373333	162.77308663	148.14071782	163.07331873	173.75926926
1.33500000	150.43325626	174.94350342	164.90619698	170.78956661	156.48152012	168.50162939	168.08527522	156.90099794	156.88033164	170.16797465	162.76953439	148.14941819	163.06575536	173.77347274
1.34000000	150.39897649	175.01256190	164.91222188	170.80084747	156.48869019	168.50315966	168.08184891	156.88889814	156.87911482	170.16242931	162.76539997	148.15799422	163.05786185	173.78798685
1.34500000	150.36048733	175.08101427	164.91873867	170.81210874	156.49557718	168.50468271	168.08114066	156.88212079	156.87802668	170.15711700	162.76073798	148.16644575	163.04962911	173.80279143
1.35000000	150.31790346	175.14872200	164.92573859	170.82332226	156.50218023	168.50621547	168.08304374	156.88045161	156.87708966	170.15205704	162.75560523	148.17477330	163.04104877	173.81786535
1.35500000	150.27134318	175.21554565	164.93321307	170.83445956	156.50849836	168.50777562	168.08744641	156.88366630	156.87632644	170.14726826	162.75006043	148.18297802	163.03211318	173.83318656
1.36000000	150.22092758	175.28134525	164.94115378	170.84549198	156.51453052	168.50938159	168.09423244	156.89153179	156.87575984	170.14276899	162.74416394	148.19106177	163.02281548	173.84873221
1.36500000	150.16677974	175.34598053	164.94955270	170.85639082	156.52027557	168.51105255	168.10328166	156.90380757	156.87541276	170.13857699	162.73797748	148.19902709	163.01314954	173.86447876
1.37000000	150.10902395	175.40931131	164.95840214	170.86712743	156.52573228	168.51280831	168.11447045	156.92024687	156.87530811	170.13470939	162.73156382	148.20687720	163.00311005	173.88040205
1.37500000	150.04778495	175.47119780	164.96769481	170.87767342	156.53089931	168.51466934	168.12767225	156.94059796	156.87546877	170.13118263	162.72498648	148.21461602	162.99269253	173.89647744
1.38000000	149.98318723	175.53150098	164.97742384	170.88800073	156.53577528	168.51665672	168.14275814	156.96460531	156.87591747	170.12801245	162.71830947	148.22224816	162.98189332	173.91267989
1.38500000	149.91535434	175.59008297	164.98758284	170.89808181	156.54035872	168.51879204	168.15959731	156.99201074	156.87667678	170.12521378	162.71159696	148.22977896	162.97070963	173.92898407
1.39000000	149.84440825	175.64680747	164.99816591	170.90788975	156.54464810	168.52109741	168.17805756	157.02255460	156.87776897	170.12280075	162.70491299	148.23721442	162.95913955	173.94536445
1.39500000	149.77046874	175.70154016	165.00916769	170.91739842	156.54864187	168.52359538	168.19800582	157.05597680	156.87921600	170.12078659	162.69832117	148.24456129	162.94718206	173.96179540
1.40000000	149.69365291	175.75414927	165.02058336	170.92658263	156.55233845	168.52630883	168.21930862	157.09201789	156.88103943	170.11918365	162.69188445	148.25182700	162.93483707	173.97825128
1.40500000	149.61407460	175.80450604	165.03240867	170.93541821	156.55573626	168.52926100	168.24183258	157.13042003	156.88326032	170.11800331	162.68566474	148.25901972	162.92210541	173.99470651
1.41000000	149.53184399	175.85248538	165.04463993	170.94388223	156.55883376	168.53247530	168.26544489	157.17092792	156.88589919	170.11725598	162.67972273	148.26614828	162.90898882	174.01113567
1.41500000	149.44706716	175.89796646	165.05727405	170.95195305	156.56162944	168.53597536	168.29001374	157.21328975	156.88897597	170.11695103	162.67411756	148.27322227	162.89549003	174.02751357
1.42000000	149.35984577	175.94083342	165.07030848	170.95961050	156.56412189	168.53978483	168.31540876	157.25725793	156.89250988	170.11709679	162.66890660	148.28025192	162.88161265	174.04381530
1.42500000	149.27027669	175.98097608	165.08374124	170.96683597	156.56630979	168.54392741	168.34150149	157.30259000	156.89651938	170.11770051	162.66414520	148.28724819	162.86736126	174.06001630
1.43000000	149.17845178	176.01829075	165.09757087	170.97361252	156.56819197	168.54842666	168.36816573	157.34904924	156.90102214	170.11876831	162.65988646	148.29422269	162.85274134	174.07609240
1.43500000	149.08445767	176.05268098	165.11179642	170.97992502	156.56976742	168.55330601	168.39527798	157.39640541	156.90603494	170.12030522	162.65618100	148.30118771	162.83775930	174.09201986
1.44000000	148.98837553	176.08405837	165.12641743	170.98576021	156.57103534	168.55858861	168.42271782	157.44443536	156.91157361	170.12231510	162.65307678	148.30815617	162.82242241	174.10777542
1.44500000	148.89028097	176.11234342	165.14143383	170.99110678	156.57199515	168.56429724	168.45036823	157.49292356	156.91765298	170.12480064	162.65061890	148.31514162	162.80673879	174.12333632
1.45000000	148.79024396	176.13746628	165.15684595	170.99595553	156.57264655	168.57045426	168.47811595	157.54166260	156.92428684	170.12776339	162.64884945	148.32215822	162.79071740	174.13868031
1.45500000	148.68832871	176.15936750	165.17265442	171.00029932	156.57298956	168.57708148	168.50585181	157.59045370	156.93148786	170.13120369	162.64780732	148.32922067	162.77436796	174.15378565
1.46000000	148.58459367	176.17799874	165.18886013	171.00413325	156.57302450	168.58420009	168.53347102	157.63910701	156.93926756	170.13512072	162.64752812	148.33634424	162.75770091	174.16863115
1.46500000	148.47909156	176.19332336	165.20546415	171.00745463	156.57275209	168.59183055	168.56087342	157.68744202	156.94763626	170.13951245	162.64804405	148.34354469	162.74072740	174.18319612
1.47000000	148.37186934	176.20531692	165.22246767	171.01026305	156.57217344	168.59999252	168.58796375	157.73528780	156.95660302	170.14437568	162.64938376	148.35083825	162.72345917	174.19746040
1.47500000	148.26296832	176.21396757	165.23987186	171.01256041	156.57129010	168.60870474	168.61465186	157.78248327	156.96617565	170.14970607	162.65157235	148.35824157	162.70590854	174.21140432
1.48000000	148.15242424	176.21927632	165.25767788	171.01435094	156.57010408	168.61798498	168.64085293	157.82887736	156.97636064	170.15549808	162.65463129	148.36577170	162.68808832	174.22500870
1.48500000	148.04026733	176.22125713	165.27588668	171.01564117	156.56861791	168.62784994	168.66648761	157.87432912	156.98716314	170.16174506	162.65857836	148.37344601	162.67001173	174.23825482
1.49000000	147.92652251	176.21993687	165.29449900	171.01644000	156.56683462	168.63831517	168.69148217	157.91870786	156.99858694	170.16843921	162.66342769	148.38128217	162.65169235	174.25112437
1.49500000	147.81120947	176.21535513	165.31351520	171.01675860	156.56475778	168.64939496	168.71576862	157.96189314	157.01063448	170.17557168	162.66918972	148.38929807	162.63314406	174.26359949
1.50000000	147.69434289	176.20756388	165.33293520	171.01661042	156.56239156	168.66110233	168.73928477	158.00377477	157.02330680	170.18313251	162.67587130	148.39751181	162.61438091	174.27566267
1.50500000	147.57593256	176.19662699	165.35275835	171.01601116	156.55974071	168.67344891	168.76197432	158.04425280	157.03660356	170.19111073	162.68347564	148.40594162	162.59541711	174.28729678
1.51000000	147.45598362	176.18261960	165.37298338	171.01497869	156.55681056	168.68644490	168.78378687	158.08323739	157.05052304	170.19949438	162.69200248	148.41460579	162.57626692	174.29848504
1.51500000	147.33449674	176.16562744	165.39360821	171.01353300	156.55360710	168.70009899	168.80467789	158.12064871	157.06506214	170.20827053	162.70144810	148.42352267	162.55694459	174.30921098
1.52000000	147.21146835	176.14574598	165.41462994	171.01169612	156.55013692	168.71441832	168.82460873	158.15641678	157.08021641	170.21742536	162.71180549	148.43271057	162.53746428	174.31945847
1.52500000	147.08689084	176.12307958	165.43604470	171.00949204	156.54640726	168.72940847	168.84354653	158.19048124	157.09598007	170.22694418	162.72306441	148.44218772	162.51784003	174.32921168
1.53000000	146.96075283	176.09774051	165.45784756	171.00694662	156.54242601	168.74507334	168.86146414	158.22279122	157.11234601	170.23681148	162.73521154	148.45197224	162.49808565	174.33845511
1.53500000	146.83303934	176.06984806	165.48003247	171.00408746	156.53820168	168.76141518	168.87834000	158.25330500	157.12930586	170.24701100	162.74823067	148.46208207	162.47821470	174.34717358
1.54000000	146.70373212	176.03952748	165.50259212	171.00094383	156.53374344	168.77843455	168.89415801	158.28198979	157.14685003	170.25752581	162.76210279	148.47253491	162.45824042	174.35535227
1.54500000	146.57280982	176.00690910	165.52551794	170.99754650	156.52906106	168.79613031	168.90890734	158.30882141	157.16496773	170.26833832	162.77680631	148.48334823	162.43817570	174.36297674
1.55000000	146.44024830	175.97212733	165.54879997	170.99392765	156.52416495	168.81449957	168.92258228	158.33378403	157.18364705	170.27943037	162.79231721	148.49453913	162.41803303	174.37003297
1.55500000	146.30602085	175.93531977	165.57242683	170.99012074	156.51906614	168.83353773	168.93518198	158.35686976	157.20287502	170.29078332	162.80860924	148.50612442	162.39782446	174.37650739
1.56000000	146.17009846	175.89662637	165.59638567	170.98616032	156.51377624	168.85323850	168.94671025	158.37807838	157.22263765	170.30237808	162.82565409	148.51812046	162.37756160	174.38238696
1.56500000	146.03245007	175.85618862	165.62066214	170.98208194	156.50830741	168.87359383	168.95717530	158.39741695	157.24292003	170.31419522	162.84342160	148.53054321	162.35725555	174.38765920
1.57000000	145.89304281	175.81414876	165.64524032	170.97792197	156.50267241	168.89459405	168.96658950	158.41489947	157.26370643	170.32621501	162.86187995	148.54340816	162.33691694	174.39231227
1.57500000	145.75184233	175.77064915	165.67010280	170.97371747	156.49688447	168.91622781	168.97496907	158.43054647	157.28498030	170.33841753	162.88099585	148.55673030	162.31655587	174.39633507
1.58000000	145.60881295	175.72583162	165.69523057	170.96950600	156.49095737	168.93848215	168.98233380	158.44438466	157.30672446	170.35078273	162.90073473	148.57052406	162.29618193	174.39971724
1.58500000	145.46391800	175.67983688	165.72060314	170.96532551	156.48490534	168.96134257	168.98870674	158.45644656	157.32892111	170.36329049	162.92106096	148.58480334	162.27580420	174.40244933
1.59000000	145.31712004	175.63280403	165.74619848	170.96121412	156.47874305	168.98479305	168.99411394	158.46677007	157.35155194	170.37592074	162.94193799	148.59958143	162.25543125	174.40452281
1.59500000	145.16838112	175.58487010	165.77199313	170.95721000	156.47248560	169.00881616	168.99858409	158.47539814	157.37459828	170.38865352	162.96332855	148.61487101	162.23507113	174.40593019
1.60000000	145.01766301	175.53616958	165.79796219	170.95335122	156.46614843	169.03339308	169.00214822	158.48237835	157.39804110	170.40146902	162.98519484	148.63068410	162.21473141	174.40666508
1.60500000	144.86492747	175.48683410	165.82407945	170.94967553	156.45974738	169.05850375	169.00483941	158.48776253	157.42186120	170.41434771	163.00749865	148.64703204	162.19441918	174.40672230
1.61000000	144.71013650	175.43699208	165.85031743	170.94622024	156.45329856	169.08412689	169.00669245	158.49160639	157.44603925	170.42727036	163.03020157	148.66392549	162.17414107	174.40609792
1.61500000	144.55325254	175.38676836	165.87664749	170.94302204	156.44681838	169.11024016	169.00774356	158.49396915	157.47055589	170.44021815	163.05326506	148.68137437	162.15390327	174.40478938
1.62000000	144.39423876	175.33628398	165.90303994	170.94011684	156.44032348	169.13682024	169.00803008	158.49491314	157.49539186	170.45317267	163.07665063	148.69938786	162.13371155	174.40279550
1.62500000	144.23305925	175.28565587	165.92946411	170.93753962	156.43383074	169.16384296	169.00759017	158.49450346	157.52052805	170.46611604	163.10031993	148.71797436	162.11357131	174.40011662
1.63000000	144.06967927	175.23499662	165.95588856	170.93532425	156.42735719	169.19128339	169.00646257	158.49280763	157.54594563	170.47903092	163.12423485	148.73714150	162.09348754	174.39675460
1.63500000	143.90406548	175.18441420	165.98228114	170.93350331	156.42092003	169.21911603	169.00468627	158.48989522	157.57162610	170.49190054	163.14835761	148.75689609	162.07346495	174.39271291
1.64000000	143.73618615	175.13401178	166.00860916	170.93210800	156.41453658	169.24731488	169.00230031	158.48583751	157.59755139	170.50470877	163.17265084	148.77724409	162.05350790	174.38799666
1.64500000	143.56601137	175.08388749	166.03483957	170.93116790	156.40822425	169.27585362	168.99934354	158.48070717	157.62370397	170.51744012	163.19707762	148.79819066	162.03362047	174.38261263
1.65000000	143.39351328	175.03413417	166.06093907	170.93071090	156.40200051	169.30470577	168.99585435	158.47457794	157.65006688	170.53007977	163.22160153	148.81974009	162.01380652	174.37656932
1.65500000	143.21866627	174.98483920	166.08687433	170.93076297	156.39588287	169.33384481	168.99187052	158.46752432	157.67662383	170.54261357	163.24618667	148.84189579	161.99406966	174.36987699
1.66000000	143.04144716	174.93608427	166.11261213	170.93134810	156.38988888	169.36324432	168.98742900	158.45962128	157.70335926	170.55502807	163.27079772	148.86466034	161.97441331	174.36254760
1.66500000	142.86183542	174.88794514	166.13811954	170.93248807	156.38403607	169.39287821	168.98256574	158.45094396	157.73025840	170.56731048	163.29539990	148.88803542	161.95484073	174.35459492
1.67000000	142.67981330	174.84049151	166.16336413	170.93420237	156.37834194	169.42272080	168.97731556	158.44156740	157.75730737	170.57944873	163.31995902	148.91202187	161.93535503	174.34603443
1.67500000	142.49536609	174.79378674	166.18831412	170.93650808	156.37282400	169.45274702	168.97171200	158.43156631	157.78449318	170.59143138	163.34444143	148.93661966	161.91595923	174.33688340
1.68000000	142.30848218	174.74788772	166.21293859	170.93941967	156.36749965	169.48293257	168.96578719	158.42101479	157.81180382	170.60324768	163.36881401	148.96182793	161.89665624	174.32716080
1.68500000	142.11915329	174.70284465	166.23720766	170.94294898	156.36238629	169.51325405	168.95957179	158.40998612	157.83922831	170.61488748	163.39304422	148.98764499	161.87744889	174.31688732
1.69000000	141.92737458	174.65870086	166.26109266	170.94710500	156.35750122	169.54368916	168.95309490	158.39855255	157.86675673	170.62634129	163.41709998	149.01406835	161.85834001	174.30608532
1.69500000	141.73314479	174.61549267	166.28456638	170.95189387	156.35286168	169.57421680	168.94638399	158.38678506	157.89438027	170.63760020	163.44094973	149.04109476	161.83933236	174.29477881
1.70000000	141.53646632	174.57324920	166.30760318	170.95731869	156.34848483	169.60481727	168.93946484	158.37475322	157.92209128	170.64865588	163.46456236	149.06872022	161.82042873	174.28299341
1.70500000	141.33734540	174.53199227	166.33017920	170.96337950	156.34438777	169.63547237	168.93236157	158.36252498	157.94988327	170.65950057	163.48790720	149.09694005	161.80163190	174.27075629
1.71000000	141.13579209	174.49173624	166.35227259	170.97007316	156.34058754	169.66616557	168.92509659	158.35016652	157.97775101	170.67012705	163.51095403	149.12574891	161.78294469	174.25809610
1.71500000	140.93182043	174.45248793	166.37386359	170.97739329	156.33710110	169.69688211	168.91769061	158.33774212	158.00569047	170.68052861	163.53367300	149.15514087	161.76436996	174.24504298
1.72000000	140.72544842	174.41424653	166.39493479	170.98533024	156.33394539	169.72760915	168.91016268	158.32531398	158.03369891	170.69069905	163.55603470	149.18510946	161.74591061	174.23162844
1.72500000	140.51669814	174.37700352	166.41547123	170.99387101	156.33113732	169.75833586	168.90253022	158.31294218	158.06177488	170.70063267	163.57801006	149.21564771	161.72756964	174.21788530
1.73000000	140.30559570	174.34074267	166.43546059	171.00299922	156.32869379	169.78905352	168.89480905	158.30068450	158.08991822	170.71032426	163.59957043	149.24674824	161.70935010	174.20384766
1.73500000	140.09217126	174.30544003	166.45489334	171.01269512	156.32663173	169.81975566	168.88701349	158.28859638	158.11813011	170.71976907	163.62068752	149.27840331	161.69125513	174.18955078
1.74000000	139.87645907	174.27106389	166.47376284	171.02293556	156.32496812	169.85043807	168.87915641	158.27673083	158.14641303	170.72896284	163.64133341	149.31060491	161.67328797	174.17503105
1.74500000	139.65849734	174.23757491	166.49206554	171.03369401	156.32372002	169.88109891	168.87124931	158.26513837	158.17477078	170.73790178	163.66148062	149.34334480	161.65545194	174.16032587
1.75000000	139.43832830	174.20492614	166.50980100	171.04494059	156.32290463	169.91173878	168.86330241	158.25386697	158.20320851	170.74658257	163.68110205	149.37661459	161.63775049	174.14547359
1.75500000	139.21599804	174.17306315	166.52697211	171.05664209	156.32253931	169.94236071	168.85532477	158.24296203	158.23173266	170.75500237	163.70017103	149.41040584	161.62018716	174.13051340
1.76000000	138.99155649	174.14192417	166.54358508	171.06876204	156.32264164	169.97297027	168.84732439	158.23246634	158.26035099	170.76315886	163.71866135	149.44471013	161.60276563	174.11548526
1.76500000	138.76505729	174.11144028	166.55964960	171.08126079	156.32322947	170.00357549	168.83930829	158.22242011	158.28907255	170.77105022	163.73654730	149.47951910	161.58548966	174.10042978
1.77000000	138.53655768	174.08153558	166.57517887	171.09409556	156.32432097	170.03418696	168.83128267	158.21286090	158.31790766	170.77867514	163.75380367	149.51482456	161.56836318	174.08538815
1.77500000	138.30611836	174.05212745	166.59018966	171.10722060	156.32593467	170.06481774	168.82325302	158.20382372	158.34686789	170.78603290	163.77040580	149.55061855	161.55139022	174.07040198
1.78000000	138.07380335	174.02312682	166.60470236	171.12058724	156.32808955	170.09548338	168.81522420	158.19534097	158.37596601	170.79312332	163.78632965	149.58689344	161.53457495	174.05551324
1.78500000	137.83967981	173.99443845	166.61874100	171.13414406	156.33080508	170.12620188	168.80720064	158.18744253	158.40521600	170.79994684	163.80155179	149.62364196	161.51792168	174.04076413
1.79000000	137.60381790	173.96596130	166.63233326	171.14783703	156.33410128	170.15699361	168.79918639	158.18015577	158.43463300	170.80650455	163.81604950	149.66085729	161.50143488	174.02619695
1.79500000	137.36629053	173.93758879	166.64551046	171.16160967	156.33799877	170.18788126	168.79118528	158.17350564	158.46423325	170.81279818	163.82980075	149.69853315	161.48511917	174.01185401
1.80000000	137.12717322	173.90920930	166.65830755	171.17540318	156.34251885	170.21888975	168.78320103	158.16751468	158.49403405	170.81883020	163.84278432	149.73666382	161.46897935	173.99777747
1.80500000	136.88654384	173.88070644	166.67076307	171.18915669	156.34768352	170.25004615	168.77523741	158.16220311	158.52405377	170.82460378	163.85497977	149.77524425	161.45302039	173.98400925
1.81000000	136.64448242	173.85195958	166.68291910	171.20280739	156.35351556	170.28137958	168.76729827	158.15758894	158.55431173	170.83012292	163.86636756	149.81427008	161.43724748	173.97059089
1.81500000	136.40107092	173.82284420	166.69482117	171.21629079	156.36003858	170.31292105	168.75938775	158.15368795	158.58482819	170.83539241	163.87692902	149.85373771	161.42166603	173.95756342
1.82000000	136.15639300	173.79323240	166.70651818	171.22954087	156.36727705	170.34470339	168.75151032	158.15051389	158.61562430	170.84041792	163.88664644	149.89364435	161.40628170	173.94496728
1.82500000	135.91053379	173.76299333	166.71806235	171.24249036	156.37525633	170.37676105	168.74367092	158.14807847	158.64672204	170.84520601	163.89550310	149.93398805	161.39110040	173.93284213
1.83000000	135.66357963	173.73199365	166.72950900	171.25507092	156.38400273	170.40912999	168.73587502	158.14639150	158.67814414	170.84976421	163.90348331	149.97476777	161.37612836	173.92122677
1.83500000	135.41561789	173.70009802	166.74091651	171.26721343	156.39354350	170.44184751	168.72812875	158.14546095	158.70991405	170.85410102	163.91057240	150.01598339	161.36137216	173.91015902
1.84000000	135.16673670	173.66716960	166.75234613	171.27884816	156.40390688	170.47495209	168.72043897	158.14529305	158.74205589	170.85822598	163.91675685	150.05763573	161.34683870	173.89967560
1.84500000	134.91702475	173.63307048	166.76386178	171.28990506	156.41512209	170.50848318	168.71281334	158.14589239	158.77459432	170.86214969	163.92202422	150.09972660	161.33253531	173.88981197
1.85000000	134.66657104	173.59766220	166.77552995	171.30031400	156.42721930	170.54248109	168.70526037	158.14726198	158.80755457	170.86588386	163.92636324	150.14225881	161.31846974	173.88060228
1.85500000	134.41546472	173.56080621	166.78741943	171.31000498	156.44022968	170.57698672	168.69778953	158.14940338	158.84096230	170.86944136	163.92976384	150.18523615	161.30465023	173.87207922
1.86000000	134.16379483	173.52236434	166.79960111	171.31890843	156.45418527	170.61204146	168.69041124	158.15231672	158.87484355	170.87283621	163.93221714	150.22866341	161.29108547	173.86427391
1.86500000	133.91165013	173.48219924	166.81214781	171.32695539	156.46911906	170.64768693	168.68313695	158.15600085	158.90922470	170.87608367	163.93371553	150.27254641	161.27778473	173.85721579
1.87000000	133.65911893	173.44017488	166.82513398	171.33407778	156.48506482	170.68396484	168.67597916	158.16045337	158.94413236	170.87920021	163.93425265	150.31689191	161.26475782	173.85093254
1.87500000	133.40628888	173.39615699	166.83863549	171.34020865	156.50205710	170.72091675	168.66895146	158.16567074	158.97959333	170.88220361	163.93382345	150.36170768	161.25201512	173.84544996
1.88000000	133.15324684	173.35001347	166.85272937	171.34528238	156.52013114	170.75858393	168.66206848	158.17164834	159.01563453	170.88511292	163.93242420	150.40700241	161.23956762	173.84079187
1.88500000	132.90007870	173.30161485	166.86749353	171.34923491	156.53932275	170.79700716	168.65534598	158.17838053	159.05228290	170.88794852	163.93005251	150.45278570	161.22742695	173.83698002
1.89000000	132.64686924	173.25083470	166.88300650	171.35200398	156.55966818	170.83622652	168.64880078	158.18586073	159.08956536	170.89073210	163.92670739	150.49906803	161.21560532	173.83403402
1.89500000	132.39370202	173.19755007	166.89934715	171.35352932	156.58120408	170.87628124	168.64245074	158.19408148	159.12750874	170.89348675	163.92238922	150.54586069	161.20411562	173.83197125
1.90000000	132.14065923	173.14164187	166.91659441	171.35375287	156.60396725	170.91720953	168.63631479	158.20303450	159.16613972	170.89623689	163.91709982	150.59317578	161.19297134	173.83080675
1.90500000	131.88782158	173.08299530	166.93482697	171.35261896	156.62799456	170.95904839	168.63041281	158.21271074	159.20548473	170.89900832	163.91084243	150.64102608	161.18218658	173.83055322
1.91000000	131.63526824	173.02150022	166.95412300	171.35007451	156.65332276	171.00183349	168.62476565	158.22310043	159.24556992	170.90182823	163.90362176	150.68942506	161.17177607	173.83122089
1.91500000	131.38307669	172.95705154	166.97455985	171.34606922	156.67998831	171.04559897	168.61939507	158.23419315	159.28642112	170.90472516	163.89544399	150.73838677	161.16175509	173.83281748
1.92000000	131.13132271	172.88954965	166.99621379	171.34055573	156.70802716	171.09037738	168.61432361	158.24597782	159.32806373	170.90772903	163.88631674	150.78792580	161.15213948	173.83534818
1.92500000	130.88008024	172.81890075	167.01915970	171.33348975	156.73747460	171.13619946	168.60957463	158.25844281	159.37052271	170.91087112	163.87624915	150.83805718	161.14294558	173.83881556
1.93000000	130.62942137	172.74501721	167.04347081	171.32483030	156.76836497	171.18309409	168.60517214	158.27157593	159.41382251	170.91418403	163.86525181	150.88879634	161.13419021	173.84321956
1.93500000	130.37941628	172.66781801	167.06921839	171.31453977	156.80073152	171.23108818	168.60114077	158.28536449	159.45798702	170.91770166	163.85333678	150.94015899	161.12589057	173.84855746
1.94000000	130.13013319	172.58722904	167.09647153	171.30258408	156.83460610	171.28020654	168.59750567	158.29979533	159.50303956	170.92145921	163.84051755	150.99216108	161.11806425	173.85482385
1.94500000	129.88163832	172.50318349	167.12529687	171.28893283	156.87001900	171.33047186	168.59429244	158.31485484	159.54900279	170.92549309	163.82680905	151.04481872	161.11072911	173.86201061
1.95000000	129.63399589	172.41562217	167.15575833	171.27355940	156.90699861	171.38190458	168.59152701	158.33052901	159.59589871	170.92984089	163.81222761	151.09814808	161.10390324	173.87010691
1.95500000	129.38726808	172.32449393	167.18791690	171.25644102	156.94557125	171.43452292	168.58923559	158.34680344	159.64374865	170.93454135	163.79679091	151.15216532	161.09760489	173.87909921
1.96000000	129.14151502	172.22975590	167.22183043	171.23755894	156.98576088	171.48834276	168.58744452	158.36366339	159.69257317	170.93963425	163.78051794	151.20688654	161.09185238	173.88897126
1.96500000	128.89679479	172.13137390	167.25755339	171.21689843	157.02758884	171.54337769	168.58618026	158.38109380	159.74239212	170.94516038	163.76342896	151.26232769	161.08666404	173.89970413
1.97000000	128.65316342	172.02932271	167.29513670	171.19444892	157.07107361	171.59963895	168.58546919	158.39907928	159.79322458	170.95116143	163.74554544	151.31850448	161.08205808	173.91127620
1.97500000	128.41067488	171.92358641	167.33462757	171.17020401	157.11623054	171.65713547	168.58533762	158.41760421	159.84508885	170.95767995	163.72689000	151.37543236	161.07805257	173.92366321
1.98000000	128.16938112	171.81415865	167.37606931	171.14416154	157.16307162	171.71587387	168.58581164	158.43665268	159.89800244	170.96475919	163.70748634	151.43312642	161.07466532	173.93683829
1.98500000	127.92933201	171.70104291	167.41950121	171.11632364	157.21160520	171.77585851	168.58691702	158.45620854	159.95198209	170.97244307	163.68735918	151.49160136	161.07191377	173.95077196
1.99000000	127.69057545	171.58425279	167.46495839	171.08669672	157.26183577	171.83709152	168.58867916	158.47625545	160.00704374	170.98077605	163.66653418	151.55087140	161.06981495	173.96543224
1.99500000	127.45315729	171.46381220	167.51247176	171.05529150	157.31376374	171.89957286	168.59112296	158.49677684	160.06320255	170.98980298	163.64503784	151.61095027	161.06838536	173.98078463
2.00000000	127.21712140	171.33975557	167.56206786	171.02212299	157.36738517	171.96330039	168.59427275	158.51775593	160.12047290	170.99956907	163.62289748	151.67185113	161.06764088	173.99679220
2.00500000	126.98250969	171.21212803	167.61376884	170.98721048	157.42269160	172.02826994	168.59815219	158.53917576	160.17886842	171.01011969	163.60014108	151.73358659	161.06759670	174.01341561
2.01000000	126.74936206	171.08098553	167.66759236	170.95057749	157.47966983	172.09447540	168.60278419	158.56101917	160.23840196	171.02150028	163.57679726	151.79616859	161.06826726	174.03061323
2.01500000	126.51771649	170.94639492	167.72355164	170.91225172	157.53830174	172.16190884	168.60819077	158.58326878	160.29908566	171.03375621	163.55289517	151.85960846	161.06966611	174.04834118
2.02000000	126.28760900	170.80843404	167.78165538	170.87226497	157.59856408	172.23056057	168.61439303	158.60590702	160.36093091	171.04693264	163.52846437	151.92391683	161.07180592	174.06655337
2.02500000	126.05907369	170.66719169	167.84190776	170.83065309	157.66042837	172.30041925	168.62141101	158.62891606	160.42394842	171.06107439	163.50353480	151.98910366	161.07469834	174.08520165
2.03000000	125.83214274	170.52276763	167.90430852	170.78745581	157.72386072	172.37147204	168.62926360	158.65227785	160.48814820	171.07622579	163.47813663	152.05517819	161.07835400	174.10423588
2.03500000	125.60684640	170.37527243	167.96885296	170.74271670	157.78882173	172.44370467	168.63796845	158.67597404	160.55353960	171.09243051	163.45230020	152.12214897	161.08278243	174.12360400
2.04000000	125.38321304	170.22482738	168.03553197	170.69648295	157.85526642	172.51710160	168.64754186	158.69998596	160.62013129	171.10973142	163.42605593	152.19002384	161.08799203	174.14325222
2.04500000	125.16126909	170.07156428	168.10433217	170.64880528	157.92314412	172.59164608	168.65799867	158.72429462	160.68793131	171.12817045	163.39943420	152.25880991	161.09399002	174.16312506
2.05000000	124.94103911	169.91562515	168.17523592	170.59973774	157.99239846	172.66732032	168.66935219	158.74888063	160.75694706	171.14778836	163.37246527	152.32851359	161.10078246	174.18316556
2.05500000	124.72254574	169.75716197	168.24822148	170.54933752	158.06296735	172.74410556	168.68161406	158.77372418	160.82718529	171.16862465	163.34517917	152.39914059	161.10837420	174.20331538
2.06000000	124.50580972	169.59633626	168.32326310	170.49766478	158.13478301	172.82198221	168.69479416	158.79880499	160.89865213	171.19071732	163.31760564	152.47069593	161.11676890	174.22351500
2.06500000	124.29084988	169.43331872	168.40033112	170.44478240	158.20777202	172.90092994	168.70890053	158.82410229	160.97135305	171.21410273	163.28977397	152.54318393	161.12596904	174.24370386
2.07000000	124.07768314	169.26828869	168.47939216	170.39075578	158.28185541	172.98092780	168.72393924	158.84959471	161.04529290	171.23881541	163.26171297	152.61660827	161.13597594	174.26382061
2.07500000	123.86632450	169.10143365	168.56040922	170.33565259	158.35694877	173.06195428	168.73991432	158.87526032	161.12047581	171.26488786	163.23345082	152.69097192	161.14678980	174.28380323
2.08000000	123.65678701	168.93294868	168.64334187	170.27954249	158.43296245	173.14398743	168.75682765	158.90107653	161.19690524	171.29235039	163.20501502	152.76627721	161.15840975	174.30358930
2.08500000	123.44908178	168.76303578	168.72814640	170.22249694	158.50980168	173.22700492	168.77467890	158.92702006	161.27458391	171.32123093	163.17643228	152.84252584	161.17083389	174.32311622
2.09000000	123.24321795	168.59190324	168.81477601	170.16458886	158.58736687	173.31098412	168.79346541	158.95306690	161.35351377	171.35155482	163.14772842	152.91971884	161.18405939	174.34232142
2.09500000	123.03920268	168.41976494	168.90318097	170.10589235	158.66555383	173.39590215	168.81318217	158.97919228	161.43369595	171.38334465	163.11892835	152.99785660	161.19808252	174.36114259
2.10000000	122.83704115	168.24683961	168.99330881	170.04648246	158.74425407	173.48173597	168.83382171	159.00537062	161.51513073	171.41662005	163.09005594	153.07693890	161.21289880	174.37951798
2.10500000	122.63673648	168.07335007	169.08510454	169.98643481	158.82335513	173.56846237	168.85537405	159.03157552	161.59781742	171.45139754	163.06113398	153.15696483	161.22850304	174.39738657
2.11000000	122.43828978	167.89952244	169.17851080	169.92582537	158.90274094	173.65605806	168.87782668	159.05777971	161.68175437	171.48769034	163.03218416	153.23793287	161.24488946	174.41468840
2.11500000	122.24170008	167.72558536	169.27346811	169.86473007	158.98229220	173.74449964	168.90116449	159.08395506	161.76693886	171.52550818	163.00322700	153.31984081	161.26205184	174.43136477
2.12000000	122.04696433	167.55176912	169.36991500	169.80322455	159.06188676	173.83376369	168.92536977	159.11007251	161.85336703	171.56485719	162.97428183	153.40268578	161.27998357	174.44735849
2.12500000	121.85407738	167.37830486	169.46778828	169.74138384	159.14140012	173.92382670	168.95042216	159.13610213	161.94103377	171.60573968	162.94536680	153.48646423	161.29867785	174.46261416
2.13000000	121.66303196	167.20542374	169.56702321	169.67928201	159.22070579	174.01466512	168.97629869	159.16201309	162.02993272	171.64815405	162.91649889	153.57117187	161.31812776	174.47707837
2.13500000	121.47381864	167.03335606	169.66755367	169.61699190	159.29967584	174.10625537	169.00297377	159.18777366	162.12005609	171.69209464	162.88769391	153.65680370	161.33832642	174.49069992
2.14000000	121.28642588	166.86233046	169.76931241	169.55458478	159.37818135	174.19857376	169.03041921	159.21335127	162.21139465	171.73755161	162.85896657	153.74335397	161.35926711	174.50343006
2.14500000	121.10083996	166.69257308	169.87223122	169.49213009	159.45609290	174.29159654	169.05860425	159.23871251	162.30393761	171.78451081	162.83033053	153.83081612	161.38094343	174.51522264
2.15000000	120.91704501	166.52430677	169.97624111	169.42969510	159.53328111	174.38529982	169.08749564	159.26382317	162.39767252	171.83295373	162.80179843	153.91918279	161.40334941	174.52603435
2.15500000	120.73502300	166.35775022	170.08127250	169.36734462	159.60961709	174.47965959	169.11705771	159.28864834	162.49258524	171.88285737	162.77338204	154.00844580	161.42647964	174.53582479
2.16000000	120.55475376	166.19311726	170.18725541	169.30514079	159.68497305	174.57465164	169.14725241	159.31315244	162.58865982	171.93419422	162.74509233	154.09859609	161.45032943	174.54455666
2.16500000	120.37621497	166.03061610	170.29411963	169.24314270	159.75922271	174.67025154	169.17803943	159.33729930	162.68587842	171.98693216	162.71693957	154.18962369	161.47489493	174.55219584
2.17000000	120.19938223	165.87044854	170.40179490	169.18140623	159.83224189	174.76643459	169.20937632	159.36105225	162.78422128	172.04103442	162.68893349	154.28151773	161.50017322	174.55871147
2.17500000	120.02422902	165.71280938	170.51021105	169.11998375	159.90390897	174.86317579	169.24121860	159.38437423	162.88366661	172.09645958	162.66108336	154.37426640	161.52616247	174.56407601
2.18000000	119.85072682	165.55788569	170.61929815	169.05892391	159.97410540	174.96044977	169.27351988	159.40722788	162.98419054	172.15316150	162.63339816	154.46785692	161.55286204	174.56826528
2.18500000	119.67884507	165.40585622	170.72898668	168.99827142	160.04271616	175.05823077	169.30623202	159.42957563	163.08576710	172.21108933	162.60588673	154.56227550	161.58027257	174.57125841
2.19000000	119.50855130	165.25689085	170.83920764	168.93806682	160.10963023	175.15649254	169.33930528	159.45137987	163.18836810	172.27018749	162.57855789	154.65750739	161.60839610	174.57303788
2.19500000	119.33981114	165.11115000	170.94989269	168.87834634	160.17474103	175.25520835	169.37268848	159.47260300	163.29196318	172.33039566	162.55142057	154.75353680	161.63723614	174.57358941
2.20000000	119.17258841	164.96878421	171.06097425	168.81914169	160.23794683	175.35435090	169.40632916	159.49320761	163.39651968	172.39164879	162.52448399	154.85034691	161.66679777	174.57290196
2.20500000	119.00684521	164.82993363	171.17238564	168.76047993	160.29915117	175.45389226	169.44017379	159.51315657	163.50200269	172.45387709	162.49775773	154.94791989	161.69708771	174.57096756
2.21000000	118.84254201	164.69472768	171.28406112	168.70238333	160.35826315	175.55380385	169.47416790	159.53241314	163.60837498	172.51700602	162.47125192	155.04623685	161.72811435	174.56778129
2.21500000	118.67963773	164.56328465	171.39593602	168.64486922	160.41519784	175.65405635	169.50825631	159.55094116	163.71559705	172.58095634	162.44497728	155.14527786	161.75988785	174.56334107
2.22000000	118.51808987	164.43571140	171.50794681	168.58794993	160.46987654	175.75461966	169.54238329	159.56870510	163.82362705	172.64564404	162.41894525	155.24502198	161.79242017	174.55764761
2.22500000	118.35785464	164.31210314	171.62003116	168.53163270	160.52222704	175.85546286	169.57649279	159.58567021	163.93242086	172.71098043	162.39316809	155.34544722	161.82572508	174.55070422
2.23000000	118.19888707	164.19254315	171.73212798	168.47591958	160.57218385	175.95655411	169.61052859	159.60180267	164.04193208	172.77687204	162.36765887	155.44653056	161.85981819	174.54251665
2.23500000	118.04114115	164.07710265	171.84417750	168.42080745	160.61968841	176.05786059	169.64443450	159.61706964	164.15211205	172.84322072	162.34243161	155.54824797	161.89471700	174.53309302
2.24000000	117.88457001	163.96584067	171.95612131	168.36628793	160.66468923	176.15934844	169.67815458	159.63143946	164.26290992	172.90992354	162.31750122	155.65057440	161.93044081	174.52244358
2.24500000	117.72912603	163.85880394	172.06790236	168.31234742	160.70714202	176.26098267	169.71163332	159.64488170	164.37427269	172.97687289	162.29288357	155.75348382	161.96701080	174.51058062
2.25000000	117.57476107	163.75602687	172.17946503	168.25896709	160.74700974	176.36272706	169.74481582	159.65736728	164.48614526	173.04395639	162.26859543	155.85694921	162.00444997	174.49751833
2.25500000	117.42142660	163.65753151	172.29075512	168.20612293	160.78426270	176.46454405	169.77764797	159.66886859	164.59847051	173.11105698	162.24465447	155.96094257	162.04278306	174.48327265
2.26000000	117.26907391	163.56332764	172.40171988	168.15378582	160.81887852	176.56639459	169.81007668	159.67935961	164.71118942	173.17805286	162.22107920	156.06543494	162.08203660	174.46786115
2.26500000	117.11765428	163.47341281	172.51230803	168.10192159	160.85084216	176.66823801	169.84205000	159.68881595	164.82424111	173.24481758	162.19788892	156.17039642	162.12223875	174.45130295
2.27000000	116.96711923	163.38777242	172.62246974	168.05049113	160.88014580	176.77003182	169.87351733	159.69721498	164.93756299	173.31122006	162.17510359	156.27579616	162.16341931	174.43361858
2.27500000	116.81742069	163.30637991	172.73215665	167.99945052	160.90678883	176.87173145	169.90442957	159.70453592	165.05109089	173.37712462	162.15274381	156.38160239	162.20560962	174.41482993
2.28000000	116.66851121	163.22919693	172.84132191	167.94875120	160.93077768	176.97329003	169.93473929	159.71075991	165.16475914	173.44239111	162.13083062	156.48778244	162.24884247	174.39496016
2.28500000	116.52034420	163.15617351	172.94992008	167.89834007	160.95212573	177.07465801	169.96440090	159.71587004	165.27850074	173.50687500	162.10938547	156.59430271	162.29315199	174.37403363
2.29000000	116.37287415	163.08724835	173.05790724	167.84815978	160.97085311	177.17578273	169.99337075	159.71985149	165.39224752	173.57042757	162.08843003	156.70112871	162.33857363	174.35207588
2.29500000	116.22605686	163.02234904	173.16524092	167.79814887	160.98698654	177.27660797	170.02160731	159.72269153	165.50593030	173.63289605	162.06798608	156.80822507	162.38514394	174.32911359
2.30000000	116.07984965	162.96139238	173.27188010	167.74824204	161.00055910	177.37707328	170.04907127	159.72437957	165.61947901	173.69412390	162.04807535	156.91555553	162.43290058	174.30517451
2.30500000	115.93421160	162.90428469	173.37778524	167.69837040	161.01161005	177.47711322	170.07572567	159.72490721	165.73282291	173.75395113	162.02871940	157.02308297	162.48188210	174.28028748
2.31000000	115.78910379	162.85092218	173.48291824	167.64846178	161.02018458	177.57665643	170.10153598	159.72426824	165.84589076	173.81221463	162.00993945	157.13076938	162.53212792	174.25448241
2.31500000	115.64448951	162.80119126	173.58724246	167.59844097	161.02633351	177.67562445	170.12647023	159.72245870	165.95861100	173.86874865	161.99175624	157.23857592	162.58367814	174.22779026
2.32000000	115.50033450	162.75496900	173.69072269	167.54823007	161.03011312	177.77393025	170.15049909	159.71947682	166.07091193	173.92338526	161.97418990	157.34646286	162.63657344	174.20024302
2.32500000	115.35660716	162.71212352	173.79332516	167.49774883	161.03158477	177.87147641	170.17359589	159.71532307	166.18272189	173.97595503	161.95725980	157.45438965	162.69085497	174.17187371
2.33000000	115.21327876	162.67251437	173.89501755	167.44691497	161.03081470	177.96815287	170.19573676	159.71000009	166.29396950	174.02628762	161.94098441	157.56231490	162.74656422	174.14271635
2.33500000	115.07032367	162.63599308	173.99576895	167.39564454	161.02787371	178.06383405	170.21690063	159.70351271	166.40458377	174.07421265	161.92538121	157.67019637	162.80374287	174.11280598
2.34000000	114.92771952	162.60240353	174.09554989	167.34385233	161.02283686	178.15837527	170.23706926	159.69586788	166.51449436	174.11956048	161.91046655	157.77799101	162.86243272	174.08217857
2.34500000	114.78544744	162.57158252	174.19433229	167.29145218	161.01578315	178.25160822	170.25622732	159.68707463	166.62363174	174.16216320	161.89625556	157.88565497	162.92267548	174.05087104
2.35000000	114.64349220	162.54336021	174.29208949	167.23835743	161.00679526	178.34333526	170.27436236	159.67714403	166.73192733	174.20185567	161.88276206	157.99314360	162.98451275	174.01892115
2.35500000	114.50184241	162.51756067	174.38879622	167.18448126	160.99595921	178.43332222	170.29146483	159.66608909	166.83931372	174.23847659	161.86999850	158.10041148	163.04798579	173.98636752
2.36000000	114.36049063	162.49400241	174.48442861	167.12973713	160.98336407	178.52128938	170.30752808	159.65392470	166.94572483	174.27186971	161.85797587	158.20741241	163.11313546	173.95324948
2.36500000	114.21943355	162.47249892	174.57896413	167.07403912	160.96910165	178.60690027	170.32254837	159.64066760	167.05109603	174.30188503	161.84670368	158.31409947	163.18000211	173.91960703
2.37000000	114.07867211	162.45285920	174.67238164	167.01730237	160.95326620	178.68974790	170.33652479	159.62633618	167.15536432	174.32838002	161.83618995	158.42042502	163.24862538	173.88548074
2.37500000	113.93821158	162.43488836	174.76466130	166.95944347	160.93595411	178.76933847	170.34945928	159.61095051	167.25846843	174.35122095	161.82644113	158.52634074	163.31904416	173.85091163
2.38000000	113.79806165	162.41838818	174.85578460	166.90038082	160.91726364	178.84507279	170.36135658	159.59453216	167.36034899	174.37028406	161.81746217	158.63179764	163.39129644	173.81594105
2.38500000	113.65823655	162.40315767	174.94573432	166.84003505	160.89729461	178.91622707	170.37222415	159.57710410	167.46094859	174.38545680	161.80925645	158.73674614	163.46541918	173.78061056
2.39000000	113.51875503	162.38899367	175.03449450	166.77832937	160.87614817	178.98193648	170.38207216	159.55869064	167.56021192	174.39663899	161.80182591	158.84113605	163.54144820	173.74496177
2.39500000	113.37964045	162.37569144	175.12205040	166.71518995	160.85392651	179.04118811	170.39091339	159.53931727	167.65808580	174.40374382	161.79517097	158.94491666	163.61941809	173.70903622
2.40000000	113.24092075	162.36304524	175.20838846	166.65054630	160.83073262	179.09283400	170.39876319	159.51901059	167.75451933	174.40669882	161.78929067	159.04803678	163.69936209	173.67287520
2.40500000	113.10262846	162.35084892	175.29349629	166.58433159	160.80667006	179.13563853	170.40563938	159.49779814	167.84946385	174.40544659	161.78418267	159.15044476	163.78131195	173.63651960
2.41000000	112.96480064	162.33889650	175.37736257	166.51648301	160.78184274	179.16837341	170.41156220	159.47570837	167.94287307	174.39994547	161.77984333	159.25208860	163.86529788	173.60000979
2.41500000	112.82747885	162.32698278	175.45997707	166.44694205	160.75635473	179.18996224	170.41655422	159.45277046	168.03470305	174.39016992	161.77626778	159.35291597	163.95134841	173.56338540
2.42000000	112.69070906	162.31490390	175.54133050	166.37565487	160.73031005	179.19965263	170.42064025	159.42901428	168.12491223	174.37611081	161.77344998	159.45287432	164.03949029	173.52668521
2.42500000	112.55454154	162.30245793	175.62141456	166.30257255	160.70381249	179.19716558	170.42384725	159.40447022	168.21346143	174.35777539	161.77138284	159.55191090	164.12974843	173.48994699
2.43000000	112.41903074	162.28944543	175.70022180	166.22765136	160.67696550	179.18276328	170.42620427	159.37916918	168.30031384	174.33518719	161.77005825	159.64997288	164.22214576	173.45320736
2.43500000	112.28423514	162.27567002	175.77774556	166.15085304	160.64987198	179.15720398	170.42774234	159.35314244	168.38543501	174.30838564	161.76946722	159.74700744	164.31670318	173.41650166
2.44000000	112.15021708	162.26093895	175.85397995	166.07214497	160.62263423	179.12160339	170.42849438	159.32642159	168.46879281	174.27742549	161.76959993	159.84296180	164.41343945	173.37986379
2.44500000	112.01704255	162.24506359	175.92891973	165.99150047	160.59535375	179.07725877	170.42849512	159.29903847	168.55035738	174.24237616	161.77044583	159.93778341	164.51237111	173.34332617
2.45000000	111.88478102	162.22786004	176.00256023	165.90889891	160.56813124	179.02549157	170.42778102	159.27102514	168.63010108	174.20332085	161.77199373	160.03141994	164.61351239	173.30691956
2.45500000	111.75350513	162.20914960	176.07489734	165.82432590	160.54106643	178.96753866	170.42639014	159.24241378	168.70799844	174.16035555	161.77423192	160.12381947	164.71687517	173.27067303
2.46000000	111.62329049	162.18875928	176.14592736	165.73777342	160.51425807	178.90449472	170.42436211	159.21323672	168.78402609	174.11358799	161.77714819	160.21493056	164.82246882	173.23461385
2.46500000	111.49421539	162.16652234	176.21564697	165.64923995	160.48780386	178.83729378	170.42173795	159.18352635	168.85816269	174.06313649	161.78072999	160.30470237	164.93030022	173.19876748
2.47000000	111.36636048	162.14227869	176.28405313	165.55873052	160.46180037	178.76671447	170.41856009	159.15331517	168.93038884	174.00912873	161.78496445	160.39308479	165.04037361	173.16315746
2.47500000	111.23980851	162.11587541	176.35114304	165.46625678	160.43634304	178.69339698	170.41487218	159.12263574	169.00068699	173.95170061	161.78983852	160.48002852	165.15269058	173.12780543
2.48000000	111.11464393	162.08716717	176.41691405	165.37183704	160.41152616	178.61786385	170.41071903	159.09152070	169.06904141	173.89099495	161.79533900	160.56548527	165.26724993	173.09273108
2.48500000	110.99095263	162.05601665	176.48136361	165.27549624	160.38744281	178.54054040	170.40614653	159.06000278	169.13543805	173.82716038	161.80145265	160.64940782	165.38404770	173.05795216
2.49000000	110.86882154	162.02229491	176.54448921	165.17726595	160.36418489	178.46177295	170.40120152	159.02811484	169.19986450	173.76035014	161.80816623	160.73175020	165.50307702	173.02348451
2.49500000	110.74833826	161.98588180	176.60628832	165.07718428	160.34184307	178.38184414	170.39593172	158.99588986	169.26230990	173.69072102	161.81546659	160.81246782	165.62432808	172.98934203
2.50000000	110.62959075	161.94666624	176.66675840	164.97529583	160.32050682	178.30098559	170.39038560	158.96336105	169.32276489	173.61843229	161.82334073	160.89151760	165.74778812	172.95553672
2.50500000	110.51266689	161.90454660	176.72589680	164.87165153	160.30026441	178.21938796	170.38461230	158.93056181	169.38122151	173.54364479	161.83177582	160.96885810	165.87344129	172.92207876
2.51000000	110.39765417	161.85943092	176.78370081	164.76630853	160.28120287	178.13720913	170.37866151	158.89752584	169.43767318	173.46652002	161.84075930	161.04444972	166.00126870	172.88897649
2.51500000	110.28463927	161.81123719	176.84016760	164.65933002	160.26340803	178.05458062	170.37258336	158.86428719	169.49211466	173.38721936	161.85027888	161.11825478	166.13124828	172.85623653
2.52000000	110.17370771	161.75989355	176.89529428	164.55078503	160.24696448	177.97161271	170.36642834	158.83088030	169.54454198	173.30590335	161.86032257	161.19023772	166.26335483	172.82386377
2.52500000	110.06494347	161.70533844	176.94907789	164.44074821	160.23195559	177.88839859	170.36024713	158.79734008	169.59495245	173.22273103	161.87087875	161.26036521	166.39755994	172.79186149
2.53000000	109.95842862	161.64752078	177.00151545	164.32929957	160.21846349	177.80501755	170.35409057	158.76370198	169.64334464	173.13785943	161.88193612	161.32860632	166.53383197	172.76023140
2.53500000	109.85424300	161.58640003	177.05260403	164.21652424	160.20656904	177.72153768	170.34800947	158.73000204	169.68971837	173.05144305	161.89348375	161.39493265	166.67213605	172.72897371
2.54000000	109.75246384	161.52194625	177.10234081	164.10251215	160.19635180	177.63801796	170.34205452	158.69627697	169.73407475	172.96363346	161.90551104	161.45931845	166.81243406	172.69808724
2.54500000	109.65316544	161.45414016	177.15072318	163.98735776	160.18789002	177.55451001	170.33627619	158.66256422	169.77641617	172.87457897	161.91800773	161.52174080	166.95468461	172.66756946
2.55000000	109.55641882	161.38297305	177.19774885	163.87115965	160.18126055	177.47105947	170.33072462	158.62890204	169.81674637	172.78442432	161.93096384	161.58217973	167.09884309	172.63741659
2.55500000	109.46229146	161.30844678	177.24341597	163.75402028	160.17653883	177.38770716	170.32544943	158.59532951	169.85507048	172.69331047	161.94436966	161.64061831	167.24486166	172.60762370
2.56000000	109.37084699	161.23057364	177.28772330	163.63604553	160.17379878	177.30449005	170.32049969	158.56188665	169.89139506	172.60137443	161.95821567	161.69704283	167.39268926	172.57818475
2.56500000	109.28214488	161.14937624	177.33067033	163.51734439	160.17311273	177.22144205	170.31592374	158.52861439	169.92572821	172.50874911	161.97249249	161.75144284	167.54227168	172.54909274
2.57000000	109.19624023	161.06488729	177.37225750	163.39802856	160.17455133	177.13859463	170.31176909	158.49555466	169.95807961	172.41556324	161.98719083	161.80381136	167.69355159	172.52033975
2.57500000	109.11318349	160.97714943	177.41248633	163.27821202	160.17818343	177.05597741	170.30808229	158.46275040	169.98846064	172.32194132	162.00230139	161.85414486	167.84646859	172.49191703
2.58000000	109.03302026	160.88621495	177.45135969	163.15801069	160.18407598	176.97361859	170.30490882	158.43024557	170.01688445	172.22800362	162.01781481	161.90244345	168.00095928	172.46381514
2.58500000	108.95579110	160.79214553	177.48888191	163.03754196	160.19229385	176.89154535	170.30229296	158.39808515	170.04336607	172.13386612	162.03372154	161.94871088	168.15695736	172.43602396
2.59000000	108.88153131	160.69501191	177.52505905	162.91692433	160.20289972	176.80978414	170.30027764	158.36631513	170.06792251	172.03964063	162.05001179	161.99295467	168.31439368	172.40853286
2.59500000	108.81027079	160.59489353	177.55989908	162.79627699	160.21595391	176.72836099	170.29890438	158.33498250	170.09057287	171.94543480	162.06667542	162.03518612	168.47319637	172.38133071
2.60000000	108.74203393	160.49187821	177.59341207	162.67571937	160.23151419	176.64730167	170.29821312	158.30413516	170.11133841	171.85135219	162.08370186	162.07542037	168.63329092	172.35440602
2.60500000	108.67683944	160.38606167	177.62561038	162.55537081	160.24963562	176.56663193	170.29824214	158.27382196	170.13024270	171.75749234	162.10108001	162.11367641	168.79460033	172.32774701
2.61000000	108.61470028	160.27754720	177.65650885	162.43535008	160.27037035	176.48637760	170.29902791	158.24409252	170.14731168	171.66395094	162.11879813	162.14997710	168.95704517	172.30134169
2.61500000	108.55562360	160.16644514	177.68612490	162.31577508	160.29376741	176.40656470	170.30060500	158.21499722	170.16257373	171.57081984	162.13684380	162.18434917	169.12054381	172.27517793
2.62000000	108.49961067	160.05287246	177.71447872	162.19676237	160.31987251	176.32721955	170.30300598	158.18658709	170.17605981	171.47818724	162.15520381	162.21682319	169.28501244	172.24924359
2.62500000	108.44665685	159.93695230	177.74159334	162.07842686	160.34872782	176.24836883	170.30626130	158.15891364	170.18780345	171.38613777	162.17386405	162.24743351	169.45036530	172.22352653
2.63000000	108.39675161	159.81881342	177.76749468	161.96088145	160.38037177	176.17003958	170.31039922	158.13202881	170.19784086	171.29475260	162.19280950	162.27621825	169.61651478	172.19801473
2.63500000	108.34987851	159.69858975	177.79221165	161.84423663	160.41483881	176.09225924	170.31544566	158.10598474	170.20621094	171.20410962	162.21202412	162.30321914	169.78337159	172.17269635
2.64000000	108.30601528	159.57641985	177.81577608	161.72860023	160.45215920	176.01505567	170.32142417	158.08083368	170.21295531	171.11428348	162.23149077	162.32848150	169.95084486	172.14755982
2.64500000	108.26513386	159.45244642	177.83822271	161.61407706	160.49235877	175.93845709	170.32835581	158.05662776	170.21811830	171.02534576	162.25119122	162.35205408	170.11884233	172.12259386
2.65000000	108.22720047	159.32681574	177.85958914	161.50076862	160.53545872	175.86249206	170.33625911	158.03341883	170.22174693	170.93736507	162.27110602	162.37398894	170.28727048	172.09778761
2.65500000	108.19217578	159.19967715	177.87991565	161.38877282	160.58147536	175.78718945	170.34514993	158.01125824	170.22389087	170.85040715	162.29121452	162.39434129	170.45603463	172.07313064
2.66000000	108.16001495	159.07118256	177.89924512	161.27818375	160.63041995	175.71257836	170.35504148	157.99019664	170.22460242	170.76453497	162.31149484	162.41316931	170.62503912	172.04861301
2.66500000	108.13066787	158.94148584	177.91762278	161.16909137	160.68229844	175.63868805	170.36594419	157.97028376	170.22393634	170.67980882	162.33192377	162.43053395	170.79418741	172.02422535
2.67000000	108.10407929	158.81074238	177.93509600	161.06158134	160.73711129	175.56554787	170.37786569	157.95156816	170.22194982	170.59628642	162.35247686	162.44649875	170.96338217	171.99995892
2.67500000	108.08018899	158.67910847	177.95171406	160.95573482	160.79485323	175.49318716	170.39081079	157.93409702	170.21870232	170.51402294	162.37312833	162.46112959	171.13252541	171.97580559
2.68000000	108.05893206	158.54674084	177.96752785	160.85162822	160.85551315	175.42163519	170.40478138	157.91791584	170.21425540	170.43307114	162.39385111	162.47449446	171.30151858	171.95175796
2.68500000	108.04023908	158.41379612	177.98258956	160.74933309	160.91907383	175.35092099	170.41977646	157.90306826	170.20867262	170.35348136	162.41461685	162.48666319	171.47026262	171.92780936
2.69000000	108.02403639	158.28043029	177.99695236	160.64891592	160.98551184	175.28107332	170.43579210	157.88959577	170.20201927	170.27530161	162.43539595	162.49770719	171.63865808	171.90395389
2.69500000	108.01024637	158.14679824	178.01067009	160.55043804	161.05479733	175.21212055	170.45282139	157.87753744	170.19436222	170.19857760	162.45615758	162.50769916	171.80660513	171.88018645
2.70000000	107.99878772	158.01305320	178.02379689	160.45395547	161.12689396	175.14409050	170.47085452	157.86692971	170.18576967	170.12335276	162.47686973	162.51671282	171.97400361	171.85650278
2.70500000	107.98957578	157.87934628	178.03638685	160.35951887	161.20175869	175.07701042	170.48987870	157.85780610	170.17631095	170.04966830	162.49749931	162.52482257	172.14075310	171.83289949
2.71000000	107.98252282	157.74582600	178.04849370	160.26717338	161.27934176	175.01090681	170.50987822	157.85019699	170.16605624	169.97756317	162.51801214	162.53210321	172.30675293	171.80937405
2.71500000	107.97753839	157.61263779	178.06017044	160.17695864	161.35958654	174.94580536	170.53083445	157.84412935	170.15507634	169.90707410	162.53837314	162.53862961	172.47190218	171.78592483
2.72000000	107.97452969	157.47992356	178.07146900	160.08890867	161.44242949	174.88173086	170.55272589	157.83962655	170.14344242	169.83823559	162.55854633	162.54447638	172.63609967	171.76255109
2.72500000	107.97340190	157.34782123	178.08243997	160.00305190	161.52780014	174.81870706	170.57552818	157.83670808	170.13122573	169.77107993	162.57849501	162.54971757	172.79924399	171.73925302
2.73000000	107.97405858	157.21646431	178.09313227	159.91941111	161.61562102	174.75675663	170.59921418	157.83538939	170.11849735	169.70563712	162.59818184	162.55442632	172.96123349	171.71603172
2.73500000	107.97640201	157.08598150	178.10359285	159.83800347	161.70580770	174.69590108	170.62375399	157.83568166	170.10532795	169.64193492	162.61756903	162.55867456	173.12196622	171.69288918
2.74000000	107.98033364	156.95649626	178.11386646	159.75884054	161.79826881	174.63616066	170.64911508	157.83759162	170.09178750	169.57999878	162.63661840	162.56253266	173.28133995	171.66982829
2.74500000	107.98575444	156.82812646	178.12399540	159.68192834	161.89290612	174.57755430	170.67526227	157.84112139	170.07794503	169.51985181	162.65529162	162.56606913	173.43925214	171.64685284
2.75000000	107.99256533	156.70098396	178.13401930	159.60726738	161.98961457	174.52009956	170.70215791	157.84626835	170.06386838	169.46151478	162.67355032	162.56935032	173.59559991	171.62396746
2.75500000	108.00066757	156.57517434	178.14397495	159.53485275	162.08828248	174.46381260	170.72976191	157.85302498	170.04962400	169.40500602	162.69135628	162.57244011	173.75028005	171.60117765
2.76000000	108.00996321	156.45079648	178.15389609	159.46467425	162.18879162	174.40870811	170.75803186	157.86137881	170.03527665	169.35034144	162.70867161	162.57539961	173.90318901	171.57848970
2.76500000	108.02035546	156.32794233	178.16381334	159.39671646	162.29101742	174.35479931	170.78692317	157.87131230	170.02088929	169.29753447	162.72545891	162.57828691	174.05422286	171.55591068
2.77000000	108.03174913	156.20669656	178.17375404	159.33095889	162.39482919	174.30209789	170.81638916	157.88280283	170.00652280	169.24659601	162.74168148	162.58115681	174.20327737	171.53344839
2.77500000	108.04405105	156.08713636	178.18374215	159.26737617	162.50009033	174.25061404	170.84638120	157.89582265	169.99223588	169.19753438	162.75730348	162.58406054	174.35024803	171.51111134
2.78000000	108.05717048	155.96933110	178.19379826	159.20593818	162.60665867	174.20035644	170.87684886	157.91033891	169.97808481	169.15035534	162.77229013	162.58704561	174.49503004	171.48890865
2.78500000	108.07101947	155.85334220	178.20393948	159.14661027	162.71438669	174.15133225	170.90774005	157.92631373	169.96412340	169.10506200	162.78660788	162.59015554	174.63751850	171.46685007
2.79000000	108.08551335	155.73922289	178.21417948	159.08935348	162.82312191	174.10354715	170.93900118	157.94370419	169.95040281	169.06165483	162.80022459	162.59342969	174.77760839	171.44494583
2.79500000	108.10057104	155.62701804	178.22452850	159.03412475	162.93270727	174.05700534	170.97057732	157.96246252	169.93697145	169.02013167	162.81310969	162.59690312	174.91519482	171.42320665
2.80000000	108.11611549	155.51676403	178.23499336	158.98087719	163.04298148	174.01170961	171.00241239	157.98253617	169.92387494	168.98048764	162.82523435	162.60060643	175.05017312	171.40164359
2.80500000	108.13207400	155.40848865	178.24557757	158.92956035	163.15377944	173.96766138	171.03444928	158.00386802	169.91115605	168.94271525	162.83657164	162.60456565	175.18243911	171.38026807
2.81000000	108.14837865	155.30221097	178.25628141	158.88012047	163.26493273	173.92486072	171.06663011	158.02639651	169.89885460	168.90680434	162.84709666	162.60880218	175.31188931	171.35909169
2.81500000	108.16496657	155.19794135	178.26710201	158.83250085	163.37627003	173.88330645	171.09889636	158.05005593	169.88700753	168.87274213	162.85678666	162.61333269	175.43842130	171.33812620
2.82000000	108.18178033	155.09568137	178.27803354	158.78664209	163.48761763	173.84299620	171.13118907	158.07477662	169.87564884	168.84051326	162.86562117	162.61816913	175.56193403	171.31738338
2.82500000	108.19876823	154.99542386	178.28906735	158.74248248	163.59879990	173.80392646	171.16344903	158.10048523	169.86480965	168.81009984	162.87358211	162.62331870	175.68232830	171.29687497
2.83000000	108.21588460	154.89715299	178.30019213	158.69995830	163.70963985	173.76609272	171.19561698	158.12710507	169.85451819	168.78148151	162.88065383	162.62878390	175.79950718	171.27661255
2.83500000	108.23309005	154.80084427	178.31139414	158.65900420	163.81995960	173.72948950	171.22763381	158.15455638	169.84479991	168.75463554	162.88682323	162.63456257	175.91337659	171.25660743
2.84000000	108.25035178	154.70646476	178.32265745	158.61955356	163.92958094	173.69411049	171.25944073	158.18275669	169.83567752	168.72953686	162.89207980	162.64064799	176.02384590	171.23687059
2.84500000	108.26764377	154.61397317	178.33396415	158.58153882	164.03832584	173.65994864	171.29097946	158.21162117	169.82717108	168.70615825	162.89641562	162.64702897	176.13082859	171.21741255
2.85000000	108.28494699	154.52332008	178.34529464	158.54489192	164.14601699	173.62699624	171.32219243	158.24106299	169.81929812	168.68447038	162.89982541	162.65369001	176.23424297	171.19824327
2.85500000	108.30224960	154.43444818	178.35662792	158.50954462	164.25247829	173.59524505	171.35302296	158.27099374	169.81207370	168.66444195	162.90230653	162.66061148	176.33401294	171.17937211
2.86000000	108.31954712	154.34729251	178.36794187	158.47542890	164.35753536	173.56468643	171.38341543	158.30132377	169.80551059	168.64603988	162.90385894	162.66776980	176.43006880	171.16080768
2.86500000	108.33684252	154.26178082	178.37921358	158.44247734	164.46101605	173.53531140	171.41331546	158.33196263	169.79961933	168.62922939	162.90448519	162.67513764	176.52234808	171.14255782
2.87000000	108.35414637	154.17783387	178.39041967	158.41062347	164.56275090	173.50711079	171.44267006	158.36281945	169.79440844	168.61397419	162.90419035	162.68268418	176.61079634	171.12462953
2.87500000	108.37147691	154.09536585	178.40153663	158.37980215	164.66257357	173.48007537	171.47142781	158.39380335	169.78988451	168.60023664	162.90298199	162.69037539	176.69536801	171.10702887
2.88000000	108.38886009	154.01428479	178.41254118	158.34994995	164.76032131	173.45419589	171.49953899	158.42482382	169.78605236	168.58797792	162.90087003	162.69817424	176.77602709	171.08976099
2.88500000	108.40632957	153.93449301	178.42341058	158.32100544	164.85583531	173.42946329	171.52695571	158.45579114	169.78291517	168.57715819	162.89786675	162.70604108	176.85274784	171.07283005
2.89000000	108.42392679	153.85588763	178.43412304	158.29290957	164.94896112	173.40586871	171.55363206	158.48661674	169.78047466	168.56773678	162.89398658	162.71393387	176.92551532	171.05623920
2.89500000	108.44170082	153.77836109	178.44465802	158.26560601	165.03954899	173.38340366	171.57952423	158.51721359	169.77873120	168.55967237	162.88924611	162.72180855	176.99432583	171.03999063
2.90000000	108.45970841	153.70180171	178.45499655	158.23904139	165.12745417	173.36206010	171.60459059	158.54749653	169.77768399	168.55292316	162.88366388	162.72961934	177.05918708	171.02408552
2.90500000	108.47801382	153.62609426	178.46512164	158.21316564	165.21253722	173.34183053	171.62879178	158.57738262	169.77733117	168.54744706	162.87726032	162.73731908	177.12011818	171.00852409
2.91000000	108.49668871	153.55112059	178.47501850	158.18793226	165.29466427	173.32270808	171.65209086	158.60679151	169.77766999	168.54320187	162.87005759	162.74485957	177.17714949	170.99330564
2.91500000	108.51581200	153.47676030	178.48467488	158.16329854	165.37370725	173.30468660	171.67445327	158.63564564	169.77869690	168.54014541	162.86207949	162.75219193	177.23032200	170.97842857
2.92000000	108.53546969	153.40289133	178.49408130	158.13922582	165.44954409	173.28776076	171.69584701	158.66387063	169.78040772	168.53823576	162.85335128	162.75926691	177.27968668	170.96389048
2.92500000	108.55575464	153.32939074	178.50323132	158.11567970	165.52205891	173.27192605	171.71624256	158.69139546	169.78279772	168.53743134	162.84389960	162.76603524	177.32530337	170.94968818
2.93000000	108.57676632	153.25613531	178.51212170	158.09263017	165.59114217	173.25717893	171.73561304	158.71815278	169.78586176	168.53769115	162.83375232	162.77244799	177.36723954	170.93581779
2.93500000	108.59861058	153.18300235	178.52075257	158.07005187	165.65669077	173.24351683	171.75393411	158.74407903	169.78959439	168.53897485	162.82293841	162.77845686	177.40556879	170.92227487
2.94000000	108.62139933	153.10987035	178.52912757	158.04792413	165.71860820	173.23093819	171.77118407	158.76911471	169.79398992	168.54124292	162.81148783	162.78401454	177.44036912	170.90905441
2.94500000	108.64525023	153.03661979	178.53725388	158.02623113	165.77680456	173.21944256	171.78734383	158.79320451	169.79904251	168.54445680	162.79943141	162.78907501	177.47172119	170.89615102
2.95000000	108.67028636	152.96313379	178.54514229	158.00496200	165.83119665	173.20903053	171.80239686	158.81629742	169.80474628	168.54857899	162.78680075	162.79359381	177.49970634	170.88355898
2.95500000	108.69663583	152.88929895	178.55280717	157.98411084	165.88170803	173.19970384	171.81632923	158.83834689	169.81109531	168.55357318	162.77362806	162.79752838	177.52440475	170.87127235
2.96000000	108.72443142	152.81500602	178.56026642	157.96367680	165.92826897	173.19146533	171.82912952	158.85931089	169.81808376	168.55940433	162.75994615	162.80083830	177.54589360	170.85928509
2.96500000	108.75381019	152.74015065	178.56754135	157.94366406	165.97081653	173.18431896	171.84078881	158.87915195	169.82570587	168.56603876	162.74578825	162.80348554	177.56424533	170.84759115
2.97000000	108.78491299	152.66463411	178.57465656	157.92408185	166.00929451	173.17826981	171.85130061	158.89783725	169.83395601	168.57344421	162.73118796	162.80543473	177.57952615	170.83618459
2.97500000	108.81788407	152.58836405	178.58163972	157.90494437	166.04365342	173.17332402	171.86066081	158.91533856	169.84282872	168.58158995	162.71617916	162.80665333	177.59179477	170.82505969
2.98000000	108.85287060	152.51125510	178.58852141	157.88627076	166.07385048	173.16948881	171.86886758	158.93163228	169.85231869	168.59044676	162.70079595	162.80711186	177.60110144	170.81421105
2.98500000	108.89002220	152.43322962	178.59533483	157.86808503	166.09984954	173.16677237	171.87592133	158.94669938	169.86242082	168.59998703	162.68507255	162.80678409	177.60748733	170.80363367
2.99000000	108.92949043	152.35421834	178.60211556	157.85041590	166.12162107	173.16518389	171.88182461	158.96052533	169.87313018	168.61018476	162.66904325	162.80564714	177.61098425	170.79332308
2.99500000	108.97142833	152.27416094	178.60890123	157.83329670	166.13914205	173.16473343	171.88658199	158.97310002	169.88444201	168.62101561	162.65274234	162.80368167	177.61161479	170.78327540
3.00000000	109.01598986	152.19300669	178.61573127	157.81676521	166.15239597	173.16543188	171.89020002	158.98441770	169.89635173	168.63245684	162.63620407	162.80087194	177.60939277	170.77348744
3.00500000	109.06332943	152.11071499	178.62264654	157.80086348	166.16137270	173.16729089	171.89268707	158.99447677	169.90885490	168.64448739	162.61946256	162.79720594	177.60432411	170.76395675
3.01000000	109.11360133	152.02725590	178.62968905	157.78563764	166.16606846	173.17032275	171.89405324	159.00327973	169.92194719	168.65708783	162.60255179	162.79267538	177.59640798	170.75468171
3.01500000	109.16695925	151.94261061	178.63690160	157.77113764	166.16648570	173.17454032	171.89431027	159.01083294	169.93562438	168.67024033	162.58550552	162.78727580	177.58563820	170.74566154
3.02000000	109.22355571	151.85677192	178.64432750	157.75741706	166.16263307	173.17995691	171.89347140	159.01714652	169.94988229	168.68392868	162.56835726	162.78100654	177.57200494	170.73689637
3.02500000	109.28354155	151.76974461	178.65201022	157.74453280	166.15452528	173.18658618	171.89155123	159.02223409	169.96471674	168.69813817	162.55114021	162.77387071	177.55549654	170.72838724
3.03000000	109.34706544	151.68154582	178.65999313	157.73254485	166.14218307	173.19444202	171.88856567	159.02611262	169.98012357	168.71285566	162.53388724	162.76587519	177.53610142	170.72013609
3.03500000	109.41427328	151.59220533	178.66831919	157.72151596	166.12563305	173.20353842	171.88453171	159.02880218	169.99609850	168.72806943	162.51663083	162.75703052	177.51381001	170.71214576
3.04000000	109.48530778	151.50176587	178.67703065	157.71151130	166.10490768	173.21388933	171.87946742	159.03032574	170.01263716	168.74376917	162.49940305	162.74735086	177.48861667	170.70441997
3.04500000	109.56030789	151.41028331	178.68616885	157.70259821	166.08004511	173.22550857	171.87339169	159.03070892	170.02973502	168.75994590	162.48223549	162.73685385	177.46052148	170.69696326
3.05000000	109.63940834	151.31782683	178.69577394	157.69484580	166.05108910	173.23840964	171.86632424	159.02997976	170.04738731	168.77659189	162.46515927	162.72556048	177.42953180	170.68978090
3.05500000	109.72273918	151.22447906	178.70588466	157.68832461	166.01808892	173.25260560	171.85828538	159.02816848	170.06558901	168.79370060	162.44820501	162.71349496	177.39566374	170.68287885
3.06000000	109.81042527	151.13033612	178.71653816	157.68310626	165.98109926	173.26810893	171.84929596	159.02530723	170.08433480	168.81126658	162.43140275	162.70068454	177.35894322	170.67626362
3.06500000	109.90258592	151.03550765	178.72776980	157.67926309	165.94018005	173.28493140	171.83937724	159.02142984	170.10361897	168.82928534	162.41478200	162.68715932	177.31940686	170.66994220
3.07000000	109.99933439	150.94011682	178.73961296	157.67686777	165.89539642	173.30308388	171.82855076	159.01657160	170.12343542	168.84775330	162.39837169	162.67295206	177.27710250	170.66392191
3.07500000	110.10077752	150.84430022	178.75209891	157.67599294	165.84681851	173.32257622	171.81683825	159.01076898	170.14377758	168.86666765	162.38220013	162.65809797	177.23208951	170.65821025
3.08000000	110.20701539	150.74820776	178.76525667	157.67671086	165.79452139	173.34341708	171.80426151	159.00405944	170.16463837	168.88602624	162.36629509	162.64263446	177.18443869	170.65281483
3.08500000	110.31814092	150.65200252	178.77911287	157.67909299	165.73858490	173.36561383	171.79084234	158.99648115	170.18601019	168.90582744	162.35068371	162.62660095	177.13423204	170.64774314
3.09000000	110.43423960	150.55586053	178.79369159	157.68320967	165.67909349	173.38917235	171.77660242	158.98807283	170.20788483	168.92607004	162.33539255	162.61003860	177.08156222	170.64300247
3.09500000	110.55538914	150.45997055	178.80901432	157.68912974	165.61613611	173.41409690	171.76156326	158.97887350	170.23025346	168.94675309	162.32044760	162.59299005	177.02653183	170.63859973
3.10000000	110.68165926	150.36453378	178.82509976	157.69692021	165.54980603	173.44039000	171.74574612	158.96892226	170.25310662	168.96787577	162.30587432	162.57549921	176.96925257	170.63454131
3.10500000	110.81311142	150.26976357	178.84196378	157.70664589	165.48020066	173.46805227	171.72917196	158.95825819	170.27643414	168.98943725	162.29169760	162.55761100	176.90984421	170.63083298
3.11000000	110.94979866	150.17588505	178.85961922	157.71836909	165.40742142	173.49708230	171.71186136	158.94692007	170.30022514	169.01143655	162.27794185	162.53937106	176.84843355	170.62747970
3.11500000	111.09176539	150.08313478	178.87807583	157.73214929	165.33157352	173.52747653	171.69383454	158.93494631	170.32446804	169.03387236	162.26463101	162.52082555	176.78515325	170.62448557
3.12000000	111.23904730	149.99176032	178.89734005	157.74804288	165.25276579	173.55922913	171.67511125	158.92237474	170.34915048	169.05674294	162.25178859	162.50202090	176.72014076	170.62185368
3.12500000	111.39167121	149.90201982	178.91741488	157.76610283	165.17111049	173.59233186	171.65571085	158.90924253	170.37425937	169.08004593	162.23943771	162.48300353	176.65353711	170.61958601
3.13000000	111.54965505	149.81418158	178.93829966	157.78637847	165.08672309	173.62677403	171.63565221	158.89558606	170.39978085	169.10377823	162.22760114	162.46381970	176.58548587	170.61768338
3.13500000	111.71300781	149.72852354	178.95998985	157.80891522	164.99972208	173.66254230	171.61495380	158.88144082	170.42570030	169.12793583	162.21630132	162.44451520	176.51613202	170.61614537
3.14000000	111.88172954	149.64533278	178.98247667	157.83375443	164.91022871	173.69962069	171.59363363	158.86684134	170.45200235	169.15251371	162.20556046	162.42513523	176.44562104	170.61497026
3.14500000	112.05581141	149.56490506	179.00574682	157.86093310	164.81836683	173.73799046	171.57170934	158.85182112	170.47867086	169.17750568	162.19540051	162.40572412	176.37409789	170.61415500
3.15000000	112.23523576	149.48754419	179.02978198	157.89048378	164.72426259	173.77763004	171.54919820	158.83641258	170.50568898	169.20290427	162.18584326	162.38632522	176.30170625	170.61369515
3.15500000	112.41997621	149.41356155	179.05455832	157.92243438	164.62804425	173.81851499	171.52611717	158.82064705	170.53303914	169.22870062	162.17691031	162.36698069	176.22858765	170.61358491
3.16000000	112.60999781	149.34327547	179.08004581	157.95680807	164.52984188	173.86061799	171.50248294	158.80455474	170.56070306	169.25488437	162.16862316	162.34773135	176.15488084	170.61381705
3.16500000	112.80525721	149.27701065	179.10620740	157.99362312	164.42978716	173.90390875	171.47831200	158.78816473	170.58866182	169.28144359	162.16100317	162.32861652	176.08072118	170.61438299
3.17000000	113.00570284	149.21509750	179.13299807	158.03289290	164.32801310	173.94835406	171.45362071	158.77150500	170.61689584	169.30836468	162.15407164	162.30967397	176.00624004	170.61527271
3.17500000	113.21127521	149.15787158	179.16036354	158.07462576	164.22465375	173.99391777	171.42842539	158.75460244	170.64538495	169.33563235	162.14784975	162.29093970	175.93156441	170.61647484
3.18000000	113.42190707	149.10567287	179.18823877	158.11882500	164.11984397	174.04056082	171.40274234	158.73748291	170.67410842	169.36322955	162.14235862	162.27244797	175.85681643	170.61797665
3.18500000	113.63752381	149.05884512	179.21654608	158.16548889	164.01371913	174.08824127	171.37658798	158.72017127	170.70304500	169.39113746	162.13761926	162.25423110	175.78211315	170.61976407
3.19000000	113.85804370	149.01773514	179.24519284	158.21461064	163.90641485	174.13691437	171.34997892	158.70269147	170.73217294	169.41933545	162.13365259	162.23631953	175.70756618	170.62182173
3.19500000	114.08337827	148.98269208	179.27406858	158.26617847	163.79806669	174.18653262	171.32293202	158.68506656	170.76147007	169.44780115	162.13047941	162.21874167	175.63328155	170.62413297
3.20000000	114.31343263	148.95406666	179.30304155	158.32017561	163.68880995	174.23704587	171.29546451	158.66731886	170.79091384	169.47651041	162.12812034	162.20152397	175.55935954	170.62667990
3.20500000	114.54810592	148.93221040	179.33195444	158.37658043	163.57877931	174.28840139	171.26759404	158.64946994	170.82048136	169.50543738	162.12659584	162.18469083	175.48589454	170.62944343
3.21000000	114.78729165	148.91747482	179.36061933	158.43536650	163.46810863	174.34054406	171.23933878	158.63154081	170.85014945	169.53455452	162.12592615	162.16826463	175.41297505	170.63240330
3.21500000	115.03087815	148.91021058	179.38881183	158.49650274	163.35693065	174.39341645	171.21071750	158.61355192	170.87989471	169.56383275	162.12613124	162.15226577	175.34068366	170.63553816
3.22000000	115.27874897	148.91076667	179.41626445	158.55995351	163.24537678	174.44695901	171.18174962	158.59552332	170.90969357	169.59324145	162.12723077	162.13671266	175.26909702	170.63882555
3.22500000	115.53078337	148.91948948	179.44265977	158.62567884	163.13357682	174.50111021	171.15245530	158.57747472	170.93952231	169.62274862	162.12924403	162.12162180	175.19828597	170.64224203
3.23000000	115.78685671	148.93672187	179.46762413	158.69363452	163.02165876	174.55580676	171.12285549	158.55942559	170.96935718	169.65232096	162.13218989	162.10700779	175.12831560	170.64576317
3.23500000	116.04684095	148.96280229	179.49072368	158.76377237	162.90974853	174.61098379	171.09297198	158.54139527	170.99917442	169.68192401	162.13608674	162.09288341	175.05924535	170.64936366
3.24000000	116.31060509	148.99806374	179.51146517	158.83604042	162.79796986	174.66657510	171.06282745	158.52340302	171.02895031	169.71152229	162.14095240	162.07925973	174.99112919	170.65301731
3.24500000	116.57801564	149.04283281	179.52930532	158.91038313	162.68644400	174.72251334	171.03244549	158.50546813	171.05866124	169.74107948	162.14680408	162.06614610	174.92401577	170.65669717
3.25000000	116.84893706	149.09742864	179.54367249	158.98674166	162.57528964	174.77873027	171.00185062	158.48760996	171.08828377	169.77055853	162.15365824	162.05355032	174.85794858	170.66037553
3.25500000	117.12323227	149.16216190	179.55400376	159.06505407	162.46462266	174.83515706	170.97106834	158.46984805	171.11779469	169.79992187	162.16153059	162.04147867	174.79296617	170.66402405
3.26000000	117.40076304	149.23733369	179.55979590	159.14525564	162.35455605	174.89172447	170.94012506	158.45220214	171.14717105	169.82913161	162.17043591	162.02993603	174.72910236	170.66761379
3.26500000	117.68139050	149.32323447	179.56066288	159.22727910	162.24519974	174.94836317	170.90904814	158.43469223	171.17639026	169.85814970	162.18038798	162.01892598	174.66638645	170.67111527
3.27000000	117.96497552	149.42014297	179.55638587	159.31105492	162.13666047	175.00500403	170.87786585	158.41733860	171.20543010	169.88693816	162.19139950	162.00845083	174.60484345	170.67449857
3.27500000	118.25137918	149.52832503	179.54694040	159.39651158	162.02904170	175.06157834	170.84660732	158.40016184	171.23426878	169.91545930	162.20348192	161.99851181	174.54449431	170.67773339
3.28000000	118.54046318	149.64803252	179.53249172	159.48357588	161.92244350	175.11801815	170.81530250	158.38318286	171.26288502	169.94367592	162.21664535	161.98910907	174.48535614	170.68078913
3.28500000	118.83209022	149.77950215	179.51336087	159.57217318	161.81696247	175.17425653	170.78398209	158.36642286	171.29125804	169.97155152	162.23089845	161.98024185	174.42744250	170.68363494
3.29000000	119.12612441	149.92295437	179.48997402	159.66222773	161.71269167	175.23022781	170.75267746	158.34990336	171.31936768	169.99905056	162.24624824	161.97190848	174.37076355	170.68623985
3.29500000	119.42243162	150.07859220	179.46280991	159.75366292	161.60972052	175.28586791	170.72142057	158.33364611	171.34719438	170.02613869	162.26269999	161.96410652	174.31532638	170.68857278
3.30000000	119.72087981	150.24660011	179.43235644	159.84640159	161.50813480	175.34111458	170.69024389	158.31767309	171.37471923	170.05278292	162.28025712	161.95683285	174.26113516	170.69060270
3.30500000	120.02133936	150.42714287	179.39908086	159.94036627	161.40801659	175.39590762	170.65918025	158.30200645	171.40192404	170.07895190	162.29892100	161.95008366	174.20819142	170.69229867
3.31000000	120.32368338	150.62036445	179.36341299	160.03547947	161.30944421	175.45018915	170.62826278	158.28666842	171.42879133	170.10461612	162.31869086	161.94385460	174.15649429	170.69362993
3.31500000	120.62778797	150.82638693	179.32573834	160.13166395	161.21249222	175.50390385	170.59752476	158.27168128	171.45530441	170.12974812	162.33956362	161.93814080	174.10604069	170.69456604
3.32000000	120.93353244	151.04530940	179.28639762	160.22884295	161.11723142	175.55699911	170.56699953	158.25706727	171.48144737	170.15432267	162.36153379	161.93293691	174.05682556	170.69507693
3.32500000	121.24079955	151.27720698	179.24568989	160.32694043	161.02372884	175.60942527	170.53672033	158.24284847	171.50720511	170.17831699	162.38459338	161.92823718	174.00884209	170.69513302
3.33000000	121.54947566	151.52212977	179.20387723	160.42588135	160.93204771	175.66113572	170.50672019	158.22904679	171.53256337	170.20171094	162.40873170	161.92403548	173.96208194	170.69470535
3.33500000	121.85945092	151.78010197	179.16118990	160.52559182	160.84224753	175.71208711	170.47703182	158.21568378	171.55750879	170.22448713	162.43393539	161.92032532	173.91653546	170.69376569
3.34000000	122.17061938	152.05112093	179.11783113	160.62599937	160.75438404	175.76223941	170.44768747	158.20278064	171.58202886	170.24663111	162.46018824	161.91709990	173.87219186	170.69228666
3.34500000	122.48287904	152.33515642	179.07398151	160.72703308	160.66850930	175.81155602	170.41871879	158.19035803	171.60611197	170.26813147	162.48747119	161.91435211	173.82903946	170.69024187
3.35000000	122.79613199	152.63214980	179.02980259	160.82862382	160.58467165	175.86000385	170.39015677	158.17843604	171.62974745	170.28897997	162.51576224	161.91207457	173.78706587	170.68760606
3.35500000	123.11028436	152.94201345	178.98544003	160.93070437	160.50291583	175.90755331	170.36203155	158.16703406	171.65292554	170.30917163	162.54503648	161.91025962	173.74625821	170.68435524
3.36000000	123.42524638	153.26463019	178.94102600	161.03320955	160.42328298	175.95417837	170.33437235	158.15617067	171.67563743	170.32870477	162.57526602	161.90889930	173.70660327	170.68046685
3.36500000	123.74093235	153.59985283	178.89668127	161.13607640	160.34581070	175.99985653	170.30720735	158.14586356	171.69787526	170.34758106	162.60642007	161.90798540	173.66808774	170.67591993
3.37000000	124.05726057	153.94750386	178.85251677	161.23924425	160.27053309	176.04456878	170.28056359	158.13612939	171.71963213	170.36580555	162.63846493	161.90750939	173.63069837	170.67069527
3.37500000	124.37415330	154.30737528	178.80863487	161.34265482	160.19748085	176.08829953	170.25446689	158.12698374	171.74090212	170.38338667	162.67136407	161.90746247	173.59442214	170.66477557
3.38000000	124.69153664	154.67922849	178.76513038	161.44625228	160.12668131	176.13103657	170.22894171	158.11844093	171.76168027	170.40033620	162.70507822	161.90783549	173.55924646	170.65814568
3.38500000	125.00934043	155.06279444	178.72209134	161.54998336	160.05815850	176.17277090	170.20401110	158.11051399	171.78196261	170.41666920	162.73956547	161.90861896	173.52515933	170.65079270
3.39000000	125.32749815	155.45777387	178.67959961	161.65379734	159.99193324	176.21349668	170.17969663	158.10321449	171.80174616	170.43240395	162.77478136	161.90980302	173.49214946	170.64270620
3.39500000	125.64594673	155.86383770	178.63773135	161.75764607	159.92802319	176.25321106	170.15601829	158.09655246	171.82102892	170.44756186	162.81067909	161.91137741	173.46020646	170.63387841
3.40000000	125.96462640	156.28062760	178.59655740	161.86148403	159.86644294	176.29191404	170.13299444	158.09053629	171.83980989	170.46216733	162.84720962	161.91333140	173.42932093	170.62430436
3.40500000	126.28348057	156.70775680	178.55614349	161.96526827	159.80720408	176.32960833	170.11064173	158.08517263	171.85808905	170.47624765	162.88432190	161.91565381	173.39948462	170.61398210
3.41000000	126.60245559	157.14481091	178.51655050	162.06895844	159.75031527	176.36629916	170.08897510	158.08046629	171.87586741	170.48983279	162.92196305	161.91833291	173.37069049	170.60291283
3.41500000	126.92150059	157.59134912	178.47783456	162.17251671	159.69578234	176.40199413	170.06800767	158.07642016	171.89314695	170.50295525	162.96007857	161.92135640	173.34293283	170.59110106
3.42000000	127.24056730	158.04690535	178.44004721	162.27590772	159.64360833	176.43670302	170.04775078	158.07303514	171.90993064	170.51564986	162.99861258	161.92471138	173.31620732	170.57855477
3.42500000	127.55960982	158.51098975	178.40323544	162.37909858	159.59379358	176.47043766	170.02821390	158.07031004	171.92622246	170.52795356	163.03750805	161.92838424	173.29051106	170.56528551
3.43000000	127.87858444	158.98309022	178.36744179	162.48205871	159.54633582	176.50321169	170.00940466	158.06824155	171.94202739	170.53990519	163.07670703	161.93236069	173.26584264	170.55130851
3.43500000	128.19744944	159.46267416	178.33270433	162.58475985	159.50123020	176.53504048	169.99132882	158.06682419	171.95735136	170.55154523	163.11615095	161.93662562	173.24220210	170.53664279
3.44000000	128.51616488	159.94919030	178.29905676	162.68717588	159.45846939	176.56594090	169.97399028	158.06605028	171.97220134	170.56291555	163.15578080	161.94116312	173.21959093	170.52131115
3.44500000	128.83469240	160.44207067	178.26652842	162.78928278	159.41804365	176.59593118	169.95739110	158.06590987	171.98658522	170.57405918	163.19553746	161.94595638	173.19801201	170.50534027
3.45000000	129.15299501	160.94073270	178.23514431	162.89105851	159.37994085	176.62503081	169.94153151	158.06639080	172.00051190	170.58502000	163.23536190	161.95098763	173.17746960	170.48876066
3.45500000	129.47103691	161.44458133	178.20492516	162.99248288	159.34414657	176.65326036	169.92640992	158.06747867	172.01399123	170.59584251	163.27519545	161.95623812	173.15796915	170.47160662
3.46000000	129.78878328	161.95301132	178.17588741	163.09353744	159.31064413	176.68064136	169.91202301	158.06915687	172.02703399	170.60657152	163.31498002	161.96168806	173.13951728	170.45391621
3.46500000	130.10620010	162.46540942	178.14804332	163.19420537	159.27941463	176.70719620	169.89836573	158.07140659	172.03965193	170.61725192	163.35465837	161.96731654	173.12212154	170.43573109
3.47000000	130.42325399	162.98115680	178.12140102	163.29447131	159.25043704	176.73294804	169.88543137	158.07420692	172.05185769	170.62792834	163.39417428	161.97310148	173.10579033	170.41709642
3.47500000	130.73991199	163.49963127	178.09596454	163.39432129	159.22368821	176.75792067	169.87321162	158.07753484	172.06366483	170.63864496	163.43347275	161.97901964	173.09053263	170.39806064
3.48000000	131.05614144	164.02020961	178.07173392	163.49374255	159.19914289	176.78213850	169.86169662	158.08136537	172.07508778	170.64944520	163.47250025	161.98504650	173.07635781	170.37867528
3.48500000	131.37190980	164.54226988	178.04870528	163.59272345	159.17677382	176.80562642	169.85087508	158.08567159	172.08614183	170.66037147	163.51120482	161.99115626	173.06327541	170.35899470
3.49000000	131.68718450	165.06519355	178.02687097	163.69125329	159.15655171	176.82840980	169.84073429	158.09042480	172.09684310	170.67146494	163.54953622	161.99732180	173.05129485	170.33907580
3.49500000	132.00193281	165.58836768	178.00621962	163.78932223	159.13844529	176.85051438	169.83126026	158.09559460	172.10720851	170.68276531	163.58744612	162.00351463	173.04042516	170.31897770
3.50000000	132.31612171	166.11118694	177.98673630	163.88692116	159.12242132	176.87196629	169.82243778	158.10114900	172.11725573	170.69431059	163.62488813	162.00970489	173.03067468	170.29876140
3.50500000	132.62971781	166.63305546	177.96840267	163.98404153	159.10844465	176.89279195	169.81425050	158.10705459	172.12700317	170.70613690	163.66181794	162.01586129	173.02205079	170.27848937
3.51000000	132.94268716	167.15338865	177.95119710	164.08067530	159.09647817	176.91301810	169.80668107	158.11327666	172.13646988	170.71827828	163.69819338	162.02195111	173.01455953	170.25822519
3.51500000	133.25499526	167.67161467	177.93509484	164.17681480	159.08648291	176.93267173	169.79971118	158.11977937	172.14567559	170.73076658	163.73397445	162.02794020	173.00820534	170.23803311
3.52000000	133.56660691	168.18717592	177.92006822	164.27245260	159.07841796	176.95178005	169.79332169	158.12652588	172.15464055	170.74363126	163.76912334	162.03379296	173.00299070	170.21797761
3.52500000	133.87748615	168.69953009	177.90608675	164.36758147	159.07224056	176.97037054	169.78749272	158.13347856	172.16338557	170.75689930	163.80360448	162.03947237	172.99891582	170.19812295
3.53000000	134.18759625	169.20815106	177.89311739	164.46219424	159.06790608	176.98847085	169.78220377	158.14059912	172.17193188	170.77059511	163.83738448	162.04493997	172.99597834	170.17853274
3.53500000	134.49689960	169.71252954	177.88112469	164.55628374	159.06536804	177.00610880	169.77743378	158.14784883	172.18030111	170.78474046	163.87043216	162.05015591	172.99417299	170.15926943
3.54000000	134.80535774	170.21217325	177.87007099	164.64984273	159.06457809	177.02331241	169.77316126	158.15518868	172.18851518	170.79935444	163.90271846	162.05507898	172.99349132	170.14039390
3.54500000	135.11293128	170.70660678	177.85991666	164.74286381	159.06548608	177.04010982	169.76936438	158.16257957	172.19659624	170.81445344	163.93421642	162.05966666	172.99392144	170.12196499
3.55000000	135.41957994	171.19537100	177.85062024	164.83533941	159.06804003	177.05652928	169.76602107	158.16998250	172.20456661	170.83005112	163.96490110	162.06387515	172.99544774	170.10403907
3.55500000	135.72526250	171.67802180	177.84213871	164.92726169	159.07218616	177.07259916	169.76310911	158.17735879	172.21244862	170.84615849	163.99474954	162.06765947	172.99805068	170.08666963
3.56000000	136.02993688	172.15412818	177.83442764	165.01862253	159.07786891	177.08834788	169.76060620	158.18467020	172.22026459	170.86278391	164.02374062	162.07097355	173.00170659	170.06990687
3.56500000	136.33356009	172.62326943	177.82744144	165.10941351	159.08503096	177.10380388	169.75849009	158.19187919	172.22803670	170.87993321	164.05185504	162.07377026	173.00638751	170.05379732
3.57000000	136.63608834	173.08503107	177.82113354	165.19962585	159.09361323	177.11899563	169.75673864	158.19894908	172.23578689	170.89760972	164.07907517	162.07600161	173.01206103	170.03838354
3.57500000	136.93747700	173.53899922	177.81545658	165.28925041	159.10355496	177.13395154	169.75532988	158.20584422	172.24353676	170.91581443	164.10538501	162.07761877	173.01869026	170.02370378
3.58000000	137.23768075	173.98475276	177.81036263	165.37827769	159.11479370	177.14869995	169.75424211	158.21253015	172.25130745	170.93454609	164.13077003	162.07857228	173.02623367	170.00979171
3.58500000	137.53665356	174.42185228	177.80580335	165.46669783	159.12726534	177.16326908	169.75345395	158.21897383	172.25911956	170.95380133	164.15521715	162.07881215	173.03464519	169.99667622
3.59000000	137.83434883	174.84982464	177.80173019	165.55450058	159.14090415	177.17768698	169.75294444	158.22514373	172.26699301	170.97357486	164.17871457	162.07828802	173.04387412	169.98438120
3.59500000	138.13071945	175.26814065	177.79809456	165.64167535	159.15564287	177.19198151	169.75269303	158.23101003	172.27494694	170.99385959	164.20125174	162.07694935	173.05386526	169.97292542
3.60000000	138.42571792	175.67618260	177.79484797	165.72821118	159.17141267	177.20618024	169.75267970	158.23654473	172.28299960	171.01464679	164.22281924	162.07474554	173.06455898	169.96232241
3.60500000	138.71929643	176.07319584	177.79194219	165.81409679	159.18814329	177.22031048	169.75288497	158.24172180	172.29116823	171.03592631	164.24340871	162.07162619	173.07589135	169.95258043
3.61000000	139.01140700	176.45821500	177.78932938	165.89932058	159.20576303	177.23439915	169.75328992	158.24651728	172.29946895	171.05768670	164.26301277	162.06754123	173.08779431	169.94370244
3.61500000	139.30200163	176.82994887	177.78696223	165.98387066	159.22419885	177.24847280	169.75387629	158.25090938	172.30791667	171.07991542	164.28162496	162.06244117	173.10019592	169.93568612
3.62000000	139.59103240	177.18659692	177.78479404	166.06773489	159.24337643	177.26255751	169.75462644	158.25487861	172.31652492	171.10259900	164.29923965	162.05627728	173.11302051	169.92852398
3.62500000	139.87845167	177.52555168	177.78277882	166.15090085	159.26322022	177.27667889	169.75552342	158.25840779	172.32530583	171.12572322	164.31585205	162.04900182	173.12618904	169.92220347
3.63000000	140.16421221	177.84291355	177.78087136	166.23335593	159.28365357	177.29086202	169.75655098	158.26148216	172.33426996	171.14927324	164.33145810	162.04056826	173.13961934	169.91670712
3.63500000	140.44826739	178.13271984	177.77902730	166.31508734	159.30459876	177.30513140	169.75769356	158.26408942	172.34342620	171.17323379	164.34605448	162.03093150	173.15322645	169.91201275
3.64000000	140.73057136	178.38583961	177.77720316	166.39608210	159.32597714	177.31951091	169.75893634	158.26621974	172.35278173	171.19758932	164.35963855	162.02004812	173.16692299	169.90809369
3.64500000	141.01107923	178.58887823	177.77535633	166.47632712	159.34770919	177.33402380	169.76026519	158.26786578	172.36234188	171.22232408	164.37220837	162.00787658	173.18061946	169.90491906
3.65000000	141.28974728	178.72470496	177.77344514	166.55580919	159.36971463	177.34869262	169.76166674	158.26902271	172.37211004	171.24742232	164.38376267	161.99437748	173.19422471	169.90245404
3.65500000	141.56653317	178.77780042	177.77142876	166.63451499	159.39191253	177.36353923	169.76312831	158.26968817	172.38208761	171.27286832	164.39430087	161.97951379	173.20764626	169.90066022
3.66000000	141.84139614	178.74423856	177.76926725	166.71243115	159.41422143	177.37858472	169.76463796	158.26986227	172.39227390	171.29864656	164.40382305	161.96325107	173.22079077	169.89949588
3.66500000	142.11429722	178.63619539	177.76692144	166.78954424	159.43655943	177.39384942	169.76618442	158.26954751	172.40266610	171.32474176	164.41233003	161.94555771	173.23356440	169.89891640
3.67000000	142.38519948	178.47436312	177.76435292	166.86584077	159.45884433	177.40935286	169.76775713	158.26874877	172.41325916	171.35113897	164.41982334	161.92640516	173.24587328	169.89887461
3.67500000	142.65406822	178.27804917	177.76152390	166.94130724	159.48099375	177.42511374	169.76934619	158.26747321	172.42404578	171.37782359	164.42630527	161.90576815	173.25762390	169.89932114
3.68000000	142.92087119	178.06128259	177.75839718	167.01593009	159.50292523	177.44114991	169.77094234	158.26573018	172.43501637	171.40478147	164.43177894	161.88362493	173.26872356	169.90020487
3.68500000	143.18557883	177.83325410	177.75493600	167.08969577	159.52455641	177.45747836	169.77253696	158.26353119	172.44615899	171.43199889	164.43624830	161.85995746	173.27908076	169.90147322
3.69000000	143.44816448	177.59980009	177.75110394	167.16259068	159.54580514	177.47411516	169.77412200	158.26088975	172.45745936	171.45946261	164.43971821	161.83475167	173.28860563	169.90307262
3.69500000	143.70860460	177.36463188	177.74686480	167.23460120	159.56658960	177.49107546	169.77569000	158.25782128	172.46890081	171.48715983	164.44219448	161.80799761	173.29721032	169.90494882
3.70000000	143.96687895	177.13014108	177.74218245	167.30571369	159.58682850	177.50837349	169.77723402	158.25434300	172.48046430	171.51507822	164.44368393	161.77968969	173.30480942	169.90704729
3.70500000	144.22297082	176.89789216	177.73702076	167.37591447	159.60644116	177.52602249	169.77874763	158.25047380	172.49212845	171.54320589	164.44419445	161.74982687	173.31132031	169.90931355
3.71000000	144.47686722	176.66892033	177.73134339	167.44518982	159.62534775	177.54403468	169.78022485	158.24623408	172.50386953	171.57153132	164.44373506	161.71841283	173.31666352	169.91169353
3.71500000	144.72855900	176.44391371	177.72511375	167.51352598	159.64346938	177.56242130	169.78166014	158.24164563	172.51566154	171.60004337	164.44231596	161.68545614	173.32076312	169.91413384
3.72000000	144.97804111	176.22332716	177.71829482	167.58090913	159.66072831	177.58119250	169.78304831	158.23673147	172.52747623	171.62873122	164.43994862	161.65097040	173.32354700	169.91658212
3.72500000	145.22531266	176.00745496	177.71084907	167.64732540	159.67704810	177.60035738	169.78438453	158.23151569	172.53928318	171.65758428	164.43664578	161.61497443	173.32494723	169.91898727
3.73000000	145.47037707	175.79647863	177.70273837	167.71276088	159.69235380	177.61992391	169.78566425	158.22602323	172.55104990	171.68659217	164.43242155	161.57749233	173.32490030	169.92129973
3.73500000	145.71324223	175.59049892	177.69392392	167.77720158	159.70657212	177.63989893	169.78688313	158.22027980	172.56274194	171.71574463	164.42729145	161.53855360	173.32334746	169.92347169
3.74000000	145.95392050	175.38955785	177.68436618	167.84063344	159.71963162	177.66028812	169.78803705	158.21431159	172.57432297	171.74503147	164.42127243	161.49819325	173.32023494	169.92545729
3.74500000	146.19242886	175.19365420	177.67402485	167.90304237	159.73146291	177.68109595	169.78912197	158.20814517	172.58575497	171.77444247	164.41438294	161.45645180	173.31551419	169.92721283
3.75000000	146.42878887	175.00275462	177.66285885	167.96441421	159.74199880	177.70232565	169.79013397	158.20180723	172.59699834	171.80396736	164.40664295	161.41337534	173.30914212	169.92869688
3.75500000	146.66302674	174.81680171	177.65082637	168.02473474	159.75117454	177.72397921	169.79106911	158.19532444	172.60801210	171.83359571	164.39807395	161.36901548	173.30108126	169.92987044
3.76000000	146.89517327	174.63572004	177.63788487	168.08398972	159.75892797	177.74605731	169.79192341	158.18872320	172.61875410	171.86331690	164.38869903	161.32342940	173.29130001	169.93069704
3.76500000	147.12526382	174.45942077	177.62399122	168.14216488	159.76519973	177.76855931	169.79269281	158.18202949	172.62918115	171.89312003	164.37854286	161.27667968	173.27977274	169.93114281
3.77000000	147.35333823	174.28780508	177.60910179	168.19924592	159.76993345	177.79148322	169.79337307	158.17526864	172.63924934	171.92299387	164.36763166	161.22883429	173.26647996	169.93117657
3.77500000	147.57944071	174.12076696	177.59317257	168.25521856	159.77307591	177.81482564	169.79395975	158.16846519	172.64891420	171.95292685	164.35599329	161.17996640	173.25140845	169.93076983
3.78000000	147.80361966	173.95819532	177.57615941	168.31006857	159.77457725	177.83858176	169.79444816	158.16164264	172.65813099	171.98290696	164.34365715	161.13015425	173.23455136	169.92989686
3.78500000	148.02592755	173.79997574	177.55801816	168.36378173	159.77439115	177.86274533	169.79483327	158.15482333	172.66685498	172.01292174	164.33065420	161.07948096	173.21590828	169.92853465
3.79000000	148.24642068	173.64599185	177.53870494	168.41634395	159.77247495	177.88730859	169.79510971	158.14802825	172.67504166	172.04295827	164.31701695	161.02803426	173.19548531	169.92666290
3.79500000	148.46515893	173.49612644	177.51817643	168.46774123	159.76878988	177.91226227	169.79527169	158.14127688	172.68264708	172.07300316	164.30277939	160.97590629	173.17329510	169.92426404
3.80000000	148.68220548	173.35026243	177.49639011	168.51795974	159.76330118	177.93759553	169.79531298	158.13458701	172.68962815	172.10304250	164.28797696	160.92319329	173.14935683	169.92132312
3.80500000	148.89762655	173.20828360	177.47330461	168.56698584	159.75597826	177.96329595	169.79522687	158.12797468	172.69594286	172.13306190	164.27264648	160.86999526	173.12369622	169.91782779
3.81000000	149.11149101	173.07007523	177.44887999	168.61480617	159.74679485	177.98934946	169.79500612	158.12145398	172.70155065	172.16304652	164.25682609	160.81641563	173.09634547	169.91376826
3.81500000	149.32387004	172.93552463	177.42307813	168.66140764	159.73572909	178.01574033	169.79464295	158.11503697	172.70641267	172.19298109	164.24055518	160.76256092	173.06734317	169.90913718
3.82000000	149.53483673	172.80452160	177.39586303	168.70677752	159.72276372	178.04245109	169.79412899	158.10873358	172.71049205	172.22284992	164.22387426	160.70854029	173.03673419	169.90392961
3.82500000	149.74446566	172.67695874	177.36720117	168.75090350	159.70788613	178.06946251	169.79345531	158.10255151	172.71375422	172.25263701	164.20682492	160.65446513	173.00456953	169.89814291
3.83000000	149.95283247	172.55273180	177.33706183	168.79377374	159.69108849	178.09675356	169.79261234	158.09649622	172.71616716	172.28232606	164.18944965	160.60044867	172.97090616	169.89177666
3.83500000	150.16001336	172.43173988	177.30541746	168.83537696	159.67236782	178.12430130	169.79158991	158.09057079	172.71770164	172.31190062	164.17179176	160.54660543	172.93580678	169.88483258
3.84000000	150.36608463	172.31388566	177.27224394	168.87570247	159.65172607	178.15208088	169.79037721	158.08477598	172.71833149	172.34134409	164.15389521	160.49305082	172.89933956	169.87731445
3.84500000	150.57112215	172.19907552	177.23752090	168.91474025	159.62917016	178.18006545	169.78896282	158.07911015	172.71803379	172.37063990	164.13580451	160.43990060	172.86157787	169.86922798
3.85000000	150.77520085	172.08721967	177.20123199	168.95248104	159.60471202	178.20822610	169.78733471	158.07356932	172.71678908	172.39977155	164.11756453	160.38727041	172.82259993	169.86058077
3.85500000	150.97839419	171.97823222	177.16336513	168.98891638	159.57836860	178.23653177	169.78548025	158.06814714	172.71458153	172.42872277	164.09922034	160.33527521	172.78248849	169.85138218
3.86000000	151.18077356	171.87203122	177.12391269	169.02403869	159.55016190	178.26494919	169.78338622	158.06283497	172.71139909	172.45747764	164.08081707	160.28402881	172.74133040	169.84164327
3.86500000	151.38240778	171.76853869	177.08287168	169.05784133	159.52011891	178.29344279	169.78103888	158.05762194	172.70723359	172.48602068	164.06239967	160.23364333	172.69921619	169.83137665
3.87000000	151.58336249	171.66768063	177.04024390	169.09031866	159.48827158	178.32197462	169.77842396	158.05249503	172.70208083	172.51433703	164.04401283	160.18422869	172.65623965	169.82059648
3.87500000	151.78369958	171.56938693	176.99603603	169.12146610	159.45465674	178.35050424	169.77552674	158.04743915	172.69594064	172.54241255	164.02570069	160.13589209	172.61249731	169.80931827
3.88000000	151.98347661	171.47359139	176.95025969	169.15128019	159.41931604	178.37898862	169.77233209	158.04243731	172.68881687	172.57023395	164.00750672	160.08873753	172.56808800	169.79755885
3.88500000	152.18274624	171.38023158	176.90293149	169.17975860	159.38229582	178.40738209	169.76882453	158.03747068	172.68071741	172.59778894	163.98947352	160.04286530	172.52311228	169.78533627
3.89000000	152.38155563	171.28924878	176.85407300	169.20690021	159.34364695	178.43563617	169.76498828	158.03251880	172.67165410	172.62506636	163.97164262	159.99837151	172.47767194	169.77266968
3.89500000	152.57994589	171.20058786	176.80371074	169.23270514	159.30342470	178.46369953	169.76080739	158.02755976	172.66164268	172.65205628	163.95405429	159.95534767	172.43186949	169.75957924
3.90000000	152.77795146	171.11419712	176.75187608	169.25717474	159.26168855	178.49151787	169.75626575	158.02257030	172.65070263	172.67875014	163.93674738	159.91388024	172.38580758	169.74608604
3.90500000	152.97559961	171.03002820	176.69860514	169.28031162	159.21850197	178.51903386	169.75134724	158.01752608	172.63885706	172.70514087	163.91975911	159.87405025	172.33958852	169.73221199
3.91000000	153.17290983	170.94803585	176.64393870	169.30211971	159.17393220	178.54618705	169.74603578	158.01240185	172.62613251	172.73122297	163.90312490	159.83593293	172.29331375	169.71797975
3.91500000	153.36989331	170.86817781	176.58792200	169.32260419	159.12805000	178.57291387	169.74031546	158.00717166	172.61255874	172.75699262	163.88687821	159.79959739	172.24708330	169.70341261
3.92000000	153.56655237	170.79041458	176.53060460	169.34177154	159.08092941	178.59914756	169.73417061	158.00180909	172.59816846	172.78244775	163.87105038	159.76510631	172.20099536	169.68853443
3.92500000	153.76288001	170.71470924	176.47204019	169.35962952	159.03264746	178.62481825	169.72758593	157.99628745	172.58299715	172.80758814	163.85567042	159.73251572	172.15514578	169.67336955
3.93000000	153.95885935	170.64102724	176.41228639	169.37618714	158.98328388	178.64985301	169.72054660	157.99058005	172.56708268	172.83241547	163.84076494	159.70187481	172.10962767	169.65794273
3.93500000	154.15446314	170.56933618	176.35140453	169.39145468	158.93292080	178.67417604	169.71303834	157.98466037	172.55046511	172.85693335	163.82635793	159.67322571	172.06453096	169.64227906
3.94000000	154.34965335	170.49960561	176.28945943	169.40544365	158.88164250	178.69770880	169.70504761	157.97850236	172.53318629	172.88114738	163.81247066	159.64660345	172.01994210	169.62640391
3.94500000	154.54438065	170.43180675	176.22651918	169.41816675	158.82953504	178.72037042	169.69656164	157.97208061	172.51528962	172.90506516	163.79912159	159.62203586	171.97594369	169.61034287
3.95000000	154.73858405	170.36591236	176.16265491	169.42963788	158.77668604	178.74207807	169.68756855	157.96537061	172.49681965	172.92869629	163.78632618	159.59954358	171.93261420	169.59412171
3.95500000	154.93219046	170.30189640	176.09794053	169.43987212	158.72318431	178.76274750	169.67805749	157.95834897	172.47782184	172.95205239	163.77409689	159.57914005	171.89002778	169.57776631
3.96000000	155.12511430	170.23973391	176.03245254	169.44888566	158.66911961	178.78229372	169.66801873	157.95099364	172.45834215	172.97514703	163.76244302	159.56083167	171.84825404	169.56130264
3.96500000	155.31725720	170.17940072	175.96626978	169.45669582	158.61458234	178.80063180	169.65744374	157.94328409	172.43842680	172.99799573	163.75137070	159.54461787	171.80735790	169.54475673
3.97000000	155.50850764	170.12087326	175.89947317	169.46332101	158.55966331	178.81767785	169.64632532	157.93520158	172.41812193	173.02061588	163.74088280	159.53049133	171.76739951	169.52815464
3.97500000	155.69874063	170.06412838	175.83214554	169.46878067	158.50445341	178.83335004	169.63465766	157.92672929	172.39747330	173.04302669	163.73097893	159.51843817	171.72843421	169.51152244
3.98000000	155.88781752	170.00914310	175.76437136	169.47309532	158.44904341	178.84756989	169.62243645	157.91785254	172.37652608	173.06524908	163.72165540	159.50843823	171.69051249	169.49488617
3.98500000	156.07558569	169.95589445	175.69623656	169.47628647	158.39352370	178.86026354	169.60965896	157.90855895	172.35532450	173.08730559	163.71290524	159.50046537	171.65368009	169.47827189
3.99000000	156.26187839	169.90435932	175.62782828	169.47837664	158.33798406	178.87136313	169.59632410	157.89883863	172.33391174	173.10922026	163.70471822	159.49448776	171.61797802	169.46170560
3.99500000	156.44651460	169.85451423	175.55923470	169.47938929	158.28251343	178.88080823	169.58243252	157.88868425	172.31232961	173.13101851	163.69708089	159.49046832	171.58344272	169.44521331
4.00000000	156.62929886	169.80633524	175.49054483	169.47934887	158.22719975	178.88854717	169.56798663	157.87809128	172.29061844	173.15272699	163.68997663	159.48836500	171.55010619	169.42882098
4.00500000	156.81002124	169.75979776	175.42184831	169.47828075	158.17212970	178.89453833	169.55299069	157.86705803	172.26881690	173.17437344	163.68338575	159.48813128	171.51799621	169.41255458
4.01000000	156.98845727	169.71487647	175.35323521	169.47621122	158.11738858	178.89875130	169.53745085	157.85558576	172.24696187	173.19598651	163.67728556	159.48971649	171.48713651	169.39644008
4.01500000	157.16436801	169.67154519	175.28479592	169.47316747	158.06306012	178.90116772	169.52137519	157.84367881	172.22508830	173.21759562	163.67165048	159.49306632	171.45754708	169.38050345
4.02000000	157.33750006	169.62977678	175.21662088	169.46917761	158.00922633	178.90178199	169.50477374	157.83134461	172.20322916	173.23923075	163.66645218	159.49812316	171.42924435	169.36477070
4.02500000	157.50758574	169.58954309	175.14880049	169.46427060	157.95596733	178.90060158	169.48765853	157.81859377	172.18141534	173.26092233	163.66165970	159.50482663	171.40224153	169.34926791
4.03000000	157.67434327	169.55081484	175.08142491	169.45847631	157.90336129	178.89764705	169.47004358	157.80544010	172.15967559	173.28270097	163.65723962	159.51311392	171.37654889	169.33402122
4.03500000	157.83747702	169.51356165	175.01458394	169.45182547	157.85148423	178.89295177	169.45194492	157.79190063	172.13803653	173.30459736	163.65315622	159.52292025	171.35217401	169.31905689
4.04000000	157.99667786	169.47775195	174.94836682	169.44434967	157.80040997	178.88656131	169.43338059	157.77799558	172.11652254	173.32664208	163.64937162	159.53417927	171.32912216	169.30440127
4.04500000	158.15162357	169.44335298	174.88286216	169.43608137	157.75021004	178.87853256	169.41437062	157.76374837	172.09515586	173.34886535	163.64584602	159.54682348	171.30739655	169.29008092
4.05000000	158.30197931	169.41033078	174.81815775	169.42705389	157.70095357	178.86893268	169.39493701	157.74918555	172.07395649	173.37129698	163.64253787	159.56078457	171.28699863	169.27612252
4.05500000	158.44739827	169.37865023	174.75434043	169.41730140	157.65270720	178.85783780	169.37510372	157.73433675	172.05294226	173.39396608	163.63940404	159.57599382	171.26792843	169.26255298
4.06000000	158.58752229	169.34827505	174.69149602	169.40685895	157.60553510	178.84533173	169.35489661	157.71923461	172.03212887	173.41690096	163.63640011	159.59238244	171.25018477	169.24939943
4.06500000	158.72198269	169.31916783	174.62970912	169.39576240	157.55949884	178.83150456	169.33434342	157.70391466	172.01152986	173.44012896	163.63348051	159.60988189	171.23376562	169.23668920
4.07000000	158.85040117	169.29129011	174.56906305	169.38404849	157.51465736	178.81645127	169.31347367	157.68841525	171.99115669	173.46367624	163.63059880	159.62842415	171.21866829	169.22444987
4.07500000	158.97239078	169.26460242	174.50963970	169.37175480	157.47106699	178.80027046	169.29231865	157.67277739	171.97101880	173.48756769	163.62770787	159.64794209	171.20488970	169.21270928
4.08000000	159.08755713	169.23906435	174.45151944	169.35891971	157.42878134	178.78306312	169.27091134	157.65704461	171.95112363	173.51182673	163.62476022	159.66836963	171.19242663	169.20149546
4.08500000	159.19549955	169.21463466	174.39478100	169.34558246	157.38785136	178.76493150	169.24928630	157.64126286	171.93147670	173.53647516	163.62170815	159.68964204	171.18127587	169.19083669
4.09000000	159.29581259	169.19127133	174.33950134	169.33178306	157.34832529	178.74597817	169.22747963	157.62548029	171.91208169	173.56153306	163.61850405	159.71169612	171.17143447	169.18076144
4.09500000	159.38808741	169.16893166	174.28575557	169.31756231	157.31024863	178.72630515	169.20552885	157.60974711	171.89294049	173.58701857	163.61510064	159.73447042	171.16289986	169.17129834
4.10000000	159.47191353	169.14757242	174.23361681	169.30296177	157.27366421	178.70601319	169.18347286	157.59411544	171.87405327	173.61294780	163.61145119	159.75790539	171.15567002	169.16247613
4.10500000	159.54688054	169.12714990	174.18315609	169.28802372	157.23861213	178.68520119	169.16135177	157.57863909	171.85541862	173.63933470	163.60750984	159.78194353	171.14974360	169.15432364
4.11000000	159.61257998	169.10762005	174.13444226	169.27279113	157.20512977	178.66396570	169.13920685	157.56337338	171.83703358	173.66619088	163.60323179	159.80652952	171.14512002	169.14686968
4.11500000	159.66860740	169.08893858	174.08754183	169.25730759	157.17325187	178.64240049	169.11708041	157.54837501	171.81889375	173.69352552	163.59857357	159.83161033	171.14179955	169.14014299
4.12000000	159.71456440	169.07106107	174.04251886	169.24161730	157.14301044	178.62059631	169.09501570	157.53370177	171.80099342	173.72134525	163.59349331	159.85713530	171.13978337	169.13417215
4.12500000	159.75006089	169.05394311	173.99943488	169.22576499	157.11443488	178.59864059	169.07305679	157.51941245	171.78332564	173.74965398	163.58795098	159.88305621	171.13907358	169.12898545
4.13000000	159.77471734	169.03754040	173.95834873	169.20979583	157.08755191	178.57661723	169.05124844	157.50556657	171.76588232	173.77845285	163.58190860	159.90932734	171.13967322	169.12461080
4.13500000	159.78816712	169.02180882	173.91931644	169.19375539	157.06238562	178.55460652	169.02963602	157.49222422	171.74865436	173.80774011	163.57533051	159.93590547	171.14158624	169.12107554
4.14000000	159.79005887	169.00670460	173.88239111	169.17768953	157.03895747	178.53268495	169.00826537	157.47944588	171.73163177	173.83751098	163.56818361	159.96274993	171.14481747	169.11840637
4.14500000	159.78005892	168.99218440	173.84762276	169.16164432	157.01728633	178.51092518	168.98718266	157.46729216	171.71480375	173.86775767	163.56043755	159.98982256	171.14937250	169.11662912
4.15000000	159.75785363	168.97820539	173.81505822	169.14566593	156.99738844	178.48939592	168.96643430	157.45582367	171.69815880	173.89846919	163.55206495	160.01708772	171.15525764	169.11576856
4.15500000	159.72315177	168.96472538	173.78474097	169.12980052	156.97927743	178.46816189	168.94606682	157.44510077	171.68168489	173.92963140	163.54304163	160.04451223	171.16247971	169.11584828
4.16000000	159.67568679	168.95170285	173.75671103	169.11409414	156.96296433	178.44728374	168.92612670	157.43518341	171.66536950	173.96122695	163.53334675	160.07206532	171.17104597	169.11689040
4.16500000	159.61521903	168.93909711	173.73100480	169.09859255	156.94845754	178.42681806	168.90666028	157.42613085	171.64919977	173.99323522	163.52296304	160.09971857	171.18096385	169.11891537
4.17000000	159.54153774	168.92686830	173.70765490	169.08334117	156.93576286	178.40681724	168.88771363	157.41800155	171.63316259	174.02563240	163.51187692	160.12744583	171.19224081	169.12194179
4.17500000	159.45446311	168.91497750	173.68669009	169.06838485	156.92488343	178.38732950	168.86933237	157.41085287	171.61724471	174.05839146	163.50007867	160.15522311	171.20488408	169.12598609
4.18000000	159.35384798	168.90338676	173.66813505	169.05376781	156.91581974	178.36839883	168.85156163	157.40474090	171.60143286	174.09148224	163.48756252	160.18302852	171.21890040	169.13106236
4.18500000	159.23957942	168.89205917	173.65201033	169.03953343	156.90856962	178.35006490	168.83444582	157.39972024	171.58571379	174.12487154	163.47432680	160.21084210	171.23429578	169.13718203
4.19000000	159.11158019	168.88095891	173.63833214	169.02572413	156.90312817	178.33236306	168.81802856	157.39584376	171.57007444	174.15852319	163.46037395	160.23864578	171.25107518	169.14435368
4.19500000	158.96980985	168.87005125	173.62711228	169.01238122	156.89948781	178.31532431	168.80235254	157.39316240	171.55450195	174.19239819	163.44571066	160.26642316	171.26924222	169.15258277
4.20000000	158.81426575	168.85930261	173.61835797	168.99954473	156.89763821	178.29897520	168.78745933	157.39172492	171.53898378	174.22645492	163.43034780	160.29415949	171.28879888	169.16187139
4.20500000	158.64498374	168.84868056	173.61207176	168.98725327	156.89756627	178.28333787	168.77338933	157.39157769	171.52350780	174.26064925	163.41430051	160.32184144	171.30974519	169.17221803
4.21000000	158.46203868	168.83815384	173.60825143	168.97554391	156.89925611	178.26842997	168.76018157	157.39276450	171.50806230	174.29493483	163.39758810	160.34945703	171.33207887	169.18361738
4.21500000	158.26554466	168.82769239	173.60688987	168.96445196	156.90268907	178.25426469	168.74787362	157.39532627	171.49263614	174.32926326	163.38023404	160.37699551	171.35579505	169.19606010
4.22000000	158.05565509	168.81726731	173.60797498	168.95401090	156.90784363	178.24085071	168.73650141	157.39930088	171.47721870	174.36358443	163.36226582	160.40444717	171.38088596	169.20953266
4.22500000	157.83256247	168.80685089	173.61148965	168.94425222	156.91469548	178.22819222	168.72609915	157.40472294	171.46180002	174.39784672	163.34371486	160.43180326	171.40734058	169.22401716
4.23000000	157.59649797	168.79641662	173.61741165	168.93520528	156.92321745	178.21628894	168.71669916	157.41162358	171.44637080	174.43199738	163.32461634	160.45905585	171.43514439	169.23949121
4.23500000	157.34773088	168.78593914	173.62571361	168.92689719	156.93337953	178.20513615	168.70833176	157.42003027	171.43092246	174.46598281	163.30500902	160.48619775	171.46427905	169.25592784
4.24000000	157.08656772	168.77539427	173.63636298	168.91935271	156.94514887	178.19472474	168.70102515	157.42996659	171.41544712	174.49974894	163.28493503	160.51322231	171.49472219	169.27329541
4.24500000	156.81335130	168.76475899	173.64932204	168.91259413	156.95848980	178.18504128	168.69480527	157.44145209	171.39993771	174.53324151	163.26443960	160.54012340	171.52644711	169.29155759
4.25000000	156.52845955	168.75401143	173.66454790	168.90664119	156.97336382	178.17606811	168.68969569	157.45450207	171.38438792	174.56640652	163.24357080	160.56689525	171.55942260	169.31067338
4.25500000	156.23230413	168.74313088	173.68199253	168.90151098	156.98972968	178.16778345	168.68571751	157.46912749	171.36879224	174.59919052	163.22237926	160.59353240	171.59361274	169.33059714
4.26000000	155.92532900	168.73209776	173.70160280	168.89721784	157.00754335	178.16016153	168.68288924	157.48533477	171.35314597	174.63154101	163.20091783	160.62002954	171.62897676	169.35127872
4.26500000	155.60800870	168.72089366	173.72332059	168.89377337	157.02675815	178.15317275	168.68122667	157.50312572	171.33744525	174.66340678	163.17924123	160.64638149	171.66546885	169.37266355
4.27000000	155.28084667	168.70950127	173.74708287	168.89118631	157.04732474	178.14678389	168.68074285	157.52249738	171.32168702	174.69473829	163.15740574	160.67258307	171.70303814	169.39469290
4.27500000	154.94437325	168.69790446	173.77282182	168.88946255	157.06919124	178.14095831	168.68144794	157.54344202	171.30586906	174.72548796	163.13546879	160.69862904	171.74162856	169.41730402
4.28000000	154.59914372	168.68608823	173.80046498	168.88860507	157.09230331	178.13565621	168.68334914	157.56594697	171.28998995	174.75561053	163.11348859	160.72451402	171.78117888	169.44043051
4.28500000	154.24573612	168.67403872	173.82993541	168.88861396	157.11660427	178.13083489	168.68645066	157.58999468	171.27404910	174.78506334	163.09152377	160.75023244	171.82162267	169.46400259
4.29000000	153.88474904	168.66174324	173.86115192	168.88948644	157.14203522	178.12644907	168.69075364	157.61556262	171.25804673	174.81380661	163.06963298	160.77577842	171.86288836	169.48794751
4.29500000	153.51679930	168.64919025	173.89402927	168.89121684	157.16853518	178.12245125	168.69625610	157.64262334	171.24198385	174.84180371	163.04787451	160.80114577	171.90489933	169.51218993
4.30000000	153.14251955	168.63636936	173.92847839	168.89379668	157.19604127	178.11879204	168.70295290	157.67114448	171.22586227	174.86902131	163.02630593	160.82632788	171.94757406	169.53665239
4.30500000	152.76255578	168.62327135	173.96440671	168.89721473	157.22448888	178.11542057	168.71083575	157.70108880	171.20968458	174.89542965	163.00498371	160.85131768	171.99082624	169.56125580
4.31000000	152.37756486	168.60988817	174.00171841	168.90145704	157.25381189	178.11228495	168.71989316	157.73241425	171.19345412	174.92100262	162.98396288	160.87610759	172.03456505	169.58592000
4.31500000	151.98821195	168.59621291	174.04031473	168.90650710	157.28394287	178.10933266	168.73011047	157.76507412	171.17717501	174.94571792	162.96329672	160.90068947	172.07869535	169.61056423
4.32000000	151.59516795	168.58223982	174.08009436	168.91234587	157.31481336	178.10651106	168.74146985	157.79901708	171.16085210	174.96955711	162.94303639	160.92505455	172.12311804	169.63510780
4.32500000	151.19910694	168.56796429	174.12095373	168.91895199	157.34635410	178.10376788	168.75395033	157.83418738	171.14449096	174.99250565	162.92323074	160.94919342	172.16773033	169.65947059
4.33000000	150.80070362	168.55338281	174.16278745	168.92630186	157.37849534	178.10105167	168.76752784	157.87052500	171.12809788	175.01455294	162.90392594	160.97309594	172.21242616	169.68357372
4.33500000	150.40063077	168.53849298	174.20548868	168.93436982	157.41116711	178.09831233	168.78217529	157.90796582	171.11167986	175.03569225	162.88516535	160.99675127	172.25709663	169.70734011
4.34000000	149.99955682	168.52329349	174.24894952	168.94312830	157.44429953	178.09550163	168.79786258	157.94644183	171.09524456	175.05592069	162.86698924	161.02014777	172.30163040	169.73069507
4.34500000	149.59814344	168.50778403	174.29306147	168.95254806	157.47782317	178.09257365	168.81455674	157.98588138	171.07880033	175.07523911	162.84943465	161.04327302	172.34591424	169.75356691
4.35000000	149.19704321	168.49196534	174.33771582	168.96259832	157.51166935	178.08948529	168.83222199	158.02620941	171.06235616	175.09365197	162.83253527	161.06611379	172.38983354	169.77588745
4.35500000	148.79689739	168.47583908	174.38280413	168.97324701	157.54577049	178.08619673	168.85081984	158.06734769	171.04592167	175.11116725	162.81632129	161.08865599	172.43327284	169.79759258
4.36000000	148.39833390	168.45940785	174.42821864	168.98446097	157.58006049	178.08267182	168.87030923	158.10921514	171.02950710	175.12779623	162.80081934	161.11088468	172.47611645	169.81862273
4.36500000	148.00196527	168.44267512	174.47385273	168.99620617	157.61447502	178.07887848	168.89064664	158.15172807	171.01312328	175.14355335	162.78605245	161.13278410	172.51824905	169.83892332
4.37000000	147.60838686	168.42564517	174.51960133	169.00844797	157.64895195	178.07478902	168.91178622	158.19480052	170.99678161	175.15845600	162.77204005	161.15433759	172.55955627	169.85844516
4.37500000	147.21817521	168.40832306	174.56536138	169.02115132	157.68343164	178.07038045	168.93367998	158.23834457	170.98049405	175.17252433	162.75879793	161.17552767	172.59992538	169.87714476
4.38000000	146.83188648	168.39071456	174.61103221	169.03428101	157.71785733	178.06563469	168.95627787	158.28227062	170.96427308	175.18578104	162.74633834	161.19633600	172.63924593	169.89498463
4.38500000	146.45005512	168.37282610	174.65651595	169.04780189	157.75217546	178.06053876	168.97952803	158.32648774	170.94813167	175.19825114	162.73467005	161.21674344	172.67741035	169.91193352
4.39000000	146.07319274	168.35466474	174.70171791	169.06167914	157.78633601	178.05508482	169.00337688	158.37090399	170.93208329	175.20996177	162.72379841	161.23673006	172.71431460	169.92796648
4.39500000	145.70178700	168.33623808	174.74654692	169.07587848	157.82029280	178.04927028	169.02776938	158.41542675	170.91614183	175.22094193	162.71372553	161.25627517	172.74985883	169.94306501
4.40000000	145.33630087	168.31755425	174.79091569	169.09036637	157.85400385	178.04309776	169.05264912	158.45996303	170.90032161	175.23122230	162.70445037	161.27535737	172.78394789	169.95721704
4.40500000	144.97717186	168.29862186	174.83474102	169.10511029	157.88743160	178.03657493	169.07795861	158.50441980	170.88463732	175.24083503	162.69596892	161.29395465	172.81649199	169.97041682
4.41000000	144.62481154	168.27944997	174.87794415	169.12007889	157.92054324	178.02971445	169.10363938	158.54870431	170.86910400	175.24981348	162.68827438	161.31204438	172.84740715	169.98266484
4.41500000	144.27960517	168.26004803	174.92045091	169.13524223	157.95331092	178.02253368	169.12963226	158.59272439	170.85373701	175.25819208	162.68135737	161.32960347	172.87661570	169.99396752
4.42000000	143.94191141	168.24042586	174.96219193	169.15057197	157.98571200	178.01505449	169.15587750	158.63638876	170.83855198	175.26600604	162.67520612	161.34660838	172.90404671	170.00433703
4.42500000	143.61206228	168.22059368	175.00310278	169.16604152	158.01772925	178.00730288	169.18231503	158.67960731	170.82356477	175.27329126	162.66980665	161.36303532	172.92963632	170.01379084
4.43000000	143.29036313	168.20056199	175.04312406	169.18162627	158.04935103	177.99930867	169.20888462	158.72229140	170.80879143	175.28008404	162.66514308	161.37886028	172.95332802	170.02235135
4.43500000	142.97709278	168.18034168	175.08220148	169.19730367	158.08057145	177.99110512	169.23552612	158.76435410	170.79424817	175.28642095	162.66119778	161.39405920	172.97507290	170.03004543
4.44000000	142.67250375	168.15994391	175.12028581	169.21305344	158.11139048	177.98272849	169.26217961	158.80571044	170.77995127	175.29233865	162.65795162	161.40860811	172.99482968	170.03690384
4.44500000	142.37682257	168.13938017	175.15733295	169.22885767	158.14181407	177.97421767	169.28878562	158.84627768	170.76591710	175.29787367	162.65538423	161.42248327	173.01256486	170.04296071
4.45000000	142.09025014	168.11866229	175.19330379	169.24470091	158.17185416	177.96561368	169.31528533	158.88597546	170.75216201	175.30306230	162.65347420	161.43566131	173.02825255	170.04825291
4.45500000	141.81296221	168.09780238	175.22816413	169.26057028	158.20152879	177.95695927	169.34162072	158.92472608	170.73870232	175.30794036	162.65219932	161.44811946	173.04187441	170.05281940
4.46000000	141.54510990	168.07681289	175.26188456	169.27645558	158.23086201	177.94829847	169.36773479	158.96245461	170.72555423	175.31254310	162.65153678	161.45983565	173.05341938	170.05670058
4.46500000	141.28682021	168.05570659	175.29444026	169.29234926	158.25988393	177.93967616	169.39357169	158.99908909	170.71273381	175.31690499	162.65146339	161.47078871	173.06288339	170.05993761
4.47000000	141.03819662	168.03449657	175.32581081	169.30824653	158.28863057	177.93113764	169.41907690	159.03456066	170.70025691	175.32105958	162.65195581	161.48095860	173.07026895	170.06257174
4.47500000	140.79931972	168.01319628	175.35597999	169.32414533	158.31714378	177.92272825	169.44419740	159.06880369	170.68813912	175.32503939	162.65299067	161.49032652	173.07558471	170.06464359
4.48000000	140.57024783	167.99181948	175.38493548	169.34004634	158.34547110	177.91449296	169.46888179	159.10175590	170.67639572	175.32887569	162.65454480	161.49887513	173.07884492	170.06619253
4.48500000	140.35101767	167.97038028	175.41266865	169.35595291	158.37366559	177.90647606	169.49308044	159.13335840	170.66504160	175.33259844	162.65659540	161.50658871	173.08006891	170.06725601
4.49000000	140.14164499	167.94889312	175.43917423	169.37187107	158.40178557	177.89872077	169.51674561	159.16355586	170.65409126	175.33623610	162.65912014	161.51345336	173.07928043	170.06786898
4.49500000	139.94212524	167.92737278	175.46445008	169.38780939	158.42989441	177.89126900	169.53983157	159.19229648	170.64355867	175.33981551	162.66209731	161.51945713	173.07650706	170.06806325
4.50000000	139.75243427	167.90583435	175.48849685	169.40377893	158.45806024	177.88416102	169.56229471	159.21953209	170.63345731	175.34336179	162.66550598	161.52459020	173.07177958	170.06786703
4.50500000	139.57252896	167.88429325	175.51131772	169.41979309	158.48635560	177.87743526	169.58409365	159.24521816	170.62380004	175.34689819	162.66932604	161.52884501	173.06513129	170.06730444
4.51000000	139.40234791	167.86276516	175.53291810	169.43586751	158.51485712	177.87112811	169.60518928	159.26931387	170.61459909	175.35044601	162.67353833	161.53221640	173.05659748	170.06639510
4.51500000	139.24181209	167.84126607	175.55330538	169.45201990	158.54364516	177.86527367	169.62554490	159.29178210	170.60586601	175.35402449	162.67812469	161.53470173	173.04621475	170.06515376
4.52000000	139.09082548	167.81981218	175.57248866	169.46826989	158.57280334	177.85990366	169.64512626	159.31258941	170.59761161	175.35765070	162.68306803	161.53630098	173.03402054	170.06359008
4.52500000	138.94927581	167.79841992	175.59047848	169.48463880	158.60241816	177.85504730	169.66390161	159.33170611	170.58984591	175.36133948	162.68835237	161.53701684	173.02005259	170.06170842
4.53000000	138.81703512	167.77710589	175.60728664	169.50114953	158.63257851	177.85073114	169.68184178	159.34910623	170.58257812	175.36510335	162.69396289	161.53685479	173.00434855	170.05950773
4.53500000	138.69396048	167.75588680	175.62292597	169.51782628	158.66337521	177.84697907	169.69892019	159.36476751	170.57581660	175.36895247	162.69988590	161.53582312	172.98694557	170.05698153
4.54000000	138.57989464	167.73477948	175.63741014	169.53469436	158.69490046	177.84381224	169.71511290	159.37867137	170.56956877	175.37289455	162.70610889	161.53393299	172.96788003	170.05411797
4.54500000	138.47466670	167.71380076	175.65075354	169.55177996	158.72724736	177.84124901	169.73039865	159.39080295	170.56384118	175.37693485	162.71262053	161.53119843	172.94718731	170.05089997
4.55000000	138.37809277	167.69296746	175.66297112	169.56910990	158.76050931	177.83930498	169.74475886	159.40115106	170.55863937	175.38107614	162.71941058	161.52763635	172.92490170	170.04730546
4.55500000	138.28997667	167.67229629	175.67407830	169.58671142	158.79477950	177.83799300	169.75817760	159.40970814	170.55396793	175.38531866	162.72646997	161.52326649	172.90105626	170.04330771
4.56000000	138.21011062	167.65180383	175.68409088	169.60461188	158.83015029	177.83732318	169.77064169	159.41647028	170.54983045	175.38966016	162.73379067	161.51811136	172.87568292	170.03887569
4.56500000	138.13827591	167.63150644	175.69302498	169.62283854	158.86671263	177.83730296	169.78214057	159.42143715	170.54622948	175.39409591	162.74136568	161.51219622	172.84881252	170.03397457
4.57000000	138.07424366	167.61142018	175.70089701	169.64141827	158.90455545	177.83793716	169.79266638	159.42461200	170.54316657	175.39861870	162.74918898	161.50554895	172.82047498	170.02856626
4.57500000	138.01777553	167.59156076	175.70772366	169.66037729	158.94376506	177.83922807	169.80221387	159.42600160	170.54064222	175.40321889	162.75725546	161.49819998	172.79069956	170.02261003
4.58000000	137.96862446	167.57194345	175.71352191	169.67974092	158.98442451	177.84117550	169.81078041	159.42561622	170.53865590	175.40788451	162.76556086	161.49018212	172.75951507	170.01606320
4.58500000	137.92653544	167.55258304	175.71830901	169.69953331	159.02661300	177.84377691	169.81836592	159.42346954	170.53720606	175.41260125	162.77410164	161.48153050	172.72695027	170.00888181
4.59000000	137.89124626	167.53349374	175.72210257	169.71977712	159.07040525	177.84702749	169.82497283	159.41957865	170.53629012	175.41735264	162.78287499	161.47228233	172.69303416	170.00102148
4.59500000	137.86248834	167.51468910	175.72492057	169.74049335	159.11587085	177.85092028	169.83060603	159.41396395	170.53590448	175.42212006	162.79187868	161.46247679	172.65779643	169.99243813
4.60000000	137.83998749	167.49618200	175.72678142	169.76170098	159.16307368	177.85544629	169.83527281	159.40664914	170.53604456	175.42688293	162.80111096	161.45215485	172.62126784	169.98308886
4.60500000	137.82346475	167.47798452	175.72770404	169.78341677	159.21207130	177.86059458	169.83898277	159.39766108	170.53670479	175.43161876	162.81057053	161.44135906	172.58348062	169.97293277
4.61000000	137.81263720	167.46010794	175.72770791	169.80565501	159.26291437	177.86635244	169.84174776	159.38702977	170.53787867	175.43630336	162.82025639	161.43013336	172.54446889	169.96193179
4.61500000	137.80721880	167.44256265	175.72681312	169.82842724	159.31564605	177.87270546	169.84358178	159.37478826	170.53955877	175.44091094	162.83016776	161.41852289	172.50426905	169.95005153
4.62000000	137.80692123	167.42535811	175.72504049	169.85174205	159.37030145	177.87963767	169.84450094	159.36097257	170.54173675	175.44541425	162.84030400	161.40657376	172.46292018	169.93726201
4.62500000	137.81145473	167.40850282	175.72241159	169.87560484	159.42690710	177.88713167	169.84452329	159.34562159	170.54440343	175.44978481	162.85066446	161.39433285	172.42046431	169.92353848
4.63000000	137.82052891	167.39200427	175.71894880	169.90001760	159.48548044	177.89516878	169.84366879	159.32877698	170.54754881	175.45399301	162.86124846	161.38184758	172.37694678	169.90886209
4.63500000	137.83385366	167.37586892	175.71467538	169.92497875	159.54602932	177.90372909	169.84195917	159.31048312	170.55116209	175.45800835	162.87205511	161.36916571	172.33241646	169.89322053
4.64000000	137.85113991	167.36010218	175.70961553	169.95048289	159.60855158	177.91279164	169.83941783	159.29078696	170.55523174	175.46179959	162.88308328	161.35633509	172.28692595	169.87660857
4.64500000	137.87210047	167.34470841	175.70379437	169.97652069	159.67303457	177.92233453	169.83606974	159.26973793	170.55974550	175.46533491	162.89433145	161.34340349	172.24053172	169.85902860
4.65000000	137.89645087	167.32969086	175.69723800	170.00307868	159.73945485	177.93233500	169.83194131	159.24738784	170.56469048	175.46858218	162.90579767	161.33041837	172.19329419	169.84049093
4.65500000	137.92391009	167.31505175	175.68997355	170.03013918	159.80777778	177.94276959	169.82706028	159.22379076	170.57005315	175.47150904	162.91747941	161.31742665	172.14527775	169.82101416
4.66000000	137.95420138	167.30079222	175.68202908	170.05768012	159.87795723	177.95361421	169.82145560	159.19900293	170.57581939	175.47408320	162.92937352	161.30447456	172.09655071	169.80062533
4.66500000	137.98705297	167.28691238	175.67343367	170.08567497	159.94993535	177.96484425	169.81515730	159.17308258	170.58197458	175.47627255	162.94147614	161.29160740	172.04718523	169.77936002
4.67000000	138.02219879	167.27341130	175.66421734	170.11409268	160.02364237	177.97643471	169.80819638	159.14608987	170.58850358	175.47804535	162.95378259	161.27886941	171.99725709	169.75726228
4.67500000	138.05937917	167.26028707	175.65441103	170.14289760	160.09899639	177.98836023	169.80060468	159.11808673	170.59539079	175.47937047	162.96628734	161.26630356	171.94684554	169.73438460
4.68000000	138.09834146	167.24753682	175.64404656	170.17204944	160.17590335	178.00059527	169.79241475	159.08913673	170.60262022	175.48021751	162.97898390	161.25395141	171.89603301	169.71078759
4.68500000	138.13884064	167.23515676	175.63315654	170.20150332	160.25425691	178.01311410	169.78365972	159.05930497	170.61017550	175.48055698	162.99186482	161.24185296	171.84490479	169.68653972
4.69000000	138.18063993	167.22314221	175.62177437	170.23120972	160.33393855	178.02589094	169.77437319	159.02865792	170.61803990	175.48036049	163.00492155	161.23004652	171.79354869	169.66171689
4.69500000	138.22351127	167.21148767	175.60993406	170.26111457	160.41481755	178.03890005	169.76458912	158.99726329	170.62619640	175.47960090	163.01814448	161.21856858	171.74205465	169.63640193
4.70000000	138.26723582	167.20018685	175.59767026	170.29115930	160.49675117	178.05211572	169.75434167	158.96518989	170.63462774	175.47825248	163.03152286	161.20745371	171.69051434	169.61068405
4.70500000	138.31160441	167.18923275	175.58501808	170.32128096	160.57958488	178.06551242	169.74366510	158.93250748	170.64331636	175.47629102	163.04504477	161.19673448	171.63902072	169.58465823
4.71000000	138.35641791	167.17861766	175.57201303	170.35141233	160.66315256	178.07906482	169.73259368	158.89928666	170.65224455	175.47369404	163.05869710	161.18644136	171.58766760	169.55842449
4.71500000	138.40148759	167.16833328	175.55869092	170.38148207	160.74727686	178.09274787	169.72116156	158.86559865	170.66139439	175.47044088	163.07246556	161.17660264	171.53654918	169.53208719
4.72000000	138.44663540	167.15837071	175.54508773	170.41141493	160.83176958	178.10653682	169.70940263	158.83151523	170.67074779	175.46651283	163.08633467	161.16724442	171.48575960	169.50575431
4.72500000	138.49169424	167.14872056	175.53123953	170.44113193	160.91643217	178.12040727	169.69735051	158.79710853	170.68028654	175.46189326	163.10028774	161.15839055	171.43539250	169.47953659
4.73000000	138.53650812	167.13937298	175.51718237	170.47055064	161.00105620	178.13433528	169.68503836	158.76245092	170.68999232	175.45656773	163.11430694	161.15006257	171.38554056	169.45354681
4.73500000	138.58093234	167.13031772	175.50295215	170.49958538	161.08542400	178.14829730	169.67249883	158.72761482	170.69984670	175.45052411	163.12837325	161.14227975	171.33629506	169.42789895
4.74000000	138.62483356	167.12154419	175.48858452	170.52814759	161.16930929	178.16227032	169.65976400	158.69267262	170.70983118	175.44375265	163.14246657	161.13505903	171.28774549	169.40270745
4.74500000	138.66808991	167.11304151	175.47411479	170.55614610	161.25247792	178.17623180	169.64686526	158.65769646	170.71992720	175.43624609	163.15656571	161.12841504	171.23997915	169.37808637
4.75000000	138.71059092	167.10479858	175.45957781	170.58348751	161.33468864	178.19015980	169.63383329	158.62275816	170.73011616	175.42799975	163.17064848	161.12236014	171.19308073	169.35414868
4.75500000	138.75223757	167.09680415	175.44500788	170.61007651	161.41569395	178.20403291	169.62069793	158.58792900	170.74037940	175.41901158	163.18469171	161.11690437	171.14713202	169.33100555
4.76000000	138.79294215	167.08904683	175.43043862	170.63581632	161.49524098	178.21783037	169.60748820	158.55327967	170.75069827	175.40928224	163.19867134	161.11205554	171.10221151	169.30876564
4.76500000	138.83262817	167.08151520	175.41590295	170.66060907	161.57307247	178.23153201	169.59423219	158.51888005	170.76105409	175.39881516	163.21256250	161.10781924	171.05839415	169.28753445
4.77000000	138.87123022	167.07419787	175.40143293	170.68435624	161.64892775	178.24511831	169.58095705	158.48479912	170.77142822	175.38761657	163.22633958	161.10419884	171.01575101	169.26741374
4.77500000	138.90869375	167.06708350	175.38705971	170.70695910	161.72254379	178.25857045	169.56768895	158.45110484	170.78180202	175.37569557	163.23997631	161.10119558	170.97434906	169.24850097
4.78000000	138.94497487	167.06016092	175.37281343	170.72831918	161.79365631	178.27187024	169.55445305	158.41786399	170.79215687	175.36306409	163.25344588	161.09880855	170.93425093	169.23088880
4.78500000	138.98004012	167.05341916	175.35872319	170.74833873	161.86200085	178.28500024	169.54127345	158.38514204	170.80247424	175.34973697	163.26672104	161.09703481	170.89551466	169.21466462
4.79000000	139.01386612	167.04684752	175.34481692	170.76692118	161.92731401	178.29794368	169.52817321	158.35300307	170.81273563	175.33573196	163.27977418	161.09586933	170.85819360	169.19991018
4.79500000	139.04643936	167.04043565	175.33112135	170.78397167	161.98933456	178.31068456	169.51517432	158.32150959	170.82292265	175.32106964	163.29257745	161.09530513	170.82233615	169.18670127
4.80000000	139.07775578	167.03417362	175.31766196	170.79939749	162.04780470	178.32320758	169.50229770	158.29072248	170.83301700	175.30577347	163.30510292	161.09533325	170.78798569	169.17510736
4.80500000	139.10782052	167.02805198	175.30446289	170.81310860	162.10247124	178.33549822	169.48956317	158.26070083	170.84300052	175.28986974	163.31732263	161.09594284	170.75518042	169.16519144
4.81000000	139.13664747	167.02206185	175.29154689	170.82501810	162.15308690	178.34754270	169.47698950	158.23150184	170.85285516	175.27338749	163.32920877	161.09712118	170.72395329	169.15700981
4.81500000	139.16425895	167.01619497	175.27893530	170.83504272	162.19941148	178.35932804	169.46459436	158.20318072	170.86256309	175.25635848	163.34073377	161.09885369	170.69433191	169.15061194
4.82000000	139.19068533	167.01044376	175.26664798	170.84310325	162.24121314	178.37084201	169.45239437	158.17579058	170.87210665	175.23881710	163.35187044	161.10112405	170.66633847	169.14604040
4.82500000	139.21596457	167.00480145	175.25470325	170.84912507	162.27826962	178.38207320	169.44040508	158.14938230	170.88146840	175.22080026	163.36259209	161.10391414	170.63998974	169.14333081
4.83000000	139.24014190	166.99926206	175.24311790	170.85303852	162.31036949	178.39301098	169.42864101	158.12400447	170.89063118	175.20234733	163.37287266	161.10720417	170.61529701	169.14251187
4.83500000	139.26326936	166.99382057	175.23190709	170.85477936	162.33731329	178.40364555	169.41711563	158.09970325	170.89957811	175.18349996	163.38268684	161.11097264	170.59226612	169.14360538
4.84000000	139.28540541	166.98847289	175.22108436	170.85428918	162.35891474	178.41396790	169.40584142	158.07652231	170.90829261	175.16430201	163.39201017	161.11519645	170.57089745	169.14662631
4.84500000	139.30661453	166.98321598	175.21066158	170.85151573	162.37500186	178.42396987	169.39482985	158.05450270	170.91675851	175.14479935	163.40081919	161.11985089	170.55118598	169.15158294
4.85000000	139.32696680	166.97804790	175.20064891	170.84641335	162.38541806	178.43364411	169.38409140	158.03368282	170.92495997	175.12503973	163.40909154	161.12490971	170.53312132	169.15847701
4.85500000	139.34653752	166.97296783	175.19105479	170.83894319	162.39002318	178.44298411	169.37363561	158.01409827	170.93288165	175.10507256	163.41680603	161.13034517	170.51668778	169.16730384
4.86000000	139.36540682	166.96797620	175.18188591	170.82907358	162.38869446	178.45198420	169.36347105	157.99578182	170.94050863	175.08494881	163.42394280	161.13612805	170.50186447	169.17805257
4.86500000	139.38365924	166.96307465	175.17314718	170.81678025	162.38132747	178.46063955	169.35360537	157.97876333	170.94782651	175.06472072	163.43048335	161.14222776	170.48862540	169.19070634
4.87000000	139.40138340	166.95826612	175.16484169	170.80204654	162.36783691	178.46894618	169.34404531	157.96306965	170.95482147	175.04444165	163.43641064	161.14861236	170.47693961	169.20524255
4.87500000	139.41867159	166.95355492	175.15697076	170.78486358	162.34815739	178.47690095	169.33479670	157.94872462	170.96148024	175.02416585	163.44170919	161.15524864	170.46677127	169.22163305
4.88000000	139.43561946	166.94894667	175.14953384	170.76523042	162.32224407	178.48450158	169.32586451	157.93574893	170.96779020	175.00394823	163.44636509	161.16210218	170.45807990	169.23984443
4.88500000	139.45232566	166.94444844	175.14252859	170.74315415	162.29007323	178.49174662	169.31725280	157.92416014	170.97373937	174.98384417	163.45036609	161.16913743	170.45082049	169.25983829
4.89000000	139.46889149	166.94006870	175.13595078	170.71864991	162.25164274	178.49863548	169.30896482	157.91397261	170.97931648	174.96390922	163.45370162	161.17631776	170.44494369	169.28157146
4.89500000	139.48542061	166.93581736	175.12979437	170.69174092	162.20697234	178.50516839	169.30100294	157.90519745	170.98451098	174.94419895	163.45636283	161.18360562	170.44039607	169.30499633
4.90000000	139.50201876	166.93170582	175.12405147	170.66245842	162.15610393	178.51134643	169.29336872	157.89784248	170.98931309	174.92476865	163.45834259	161.19096254	170.43712025	169.33006108
4.90500000	139.51879341	166.92774694	175.11871236	170.63084163	162.09910162	178.51717150	169.28606289	157.89191224	170.99371382	174.90567314	163.45963549	161.19834930	170.43505520	169.35671000
4.91000000	139.53585357	166.92395506	175.11376550	170.59693757	162.03605171	178.52264634	169.27908538	157.88740793	170.99770498	174.88696651	163.46023788	161.20572599	170.43413646	169.38488374
4.91500000	139.55330948	166.92034602	175.10919754	170.56080092	161.96706254	178.52777446	169.27243533	157.88432742	171.00127922	174.86870191	163.46014778	161.21305215	170.43429637	169.41451964
4.92000000	139.57127238	166.91693717	175.10499336	170.52249379	161.89226416	178.53256019	169.26611106	157.88266521	171.00443006	174.85093134	163.45936491	161.22028685	170.43546439	169.44555196
4.92500000	139.58985432	166.91374733	175.10113610	170.48208548	161.81180793	178.53700866	169.26011017	157.88241249	171.00715186	174.83370543	163.45789062	161.22738885	170.43756732	169.47791222
4.93000000	139.60916791	166.91079683	175.09760717	170.43965215	161.72586591	178.54112573	169.25442947	157.88355707	171.00943991	174.81707321	163.45572784	161.23431670	170.44052961	169.51152944
4.93500000	139.62932615	166.90810747	175.09438633	170.39527653	161.63463023	178.54491804	169.24906505	157.88608343	171.01129036	174.80108194	163.45288107	161.24102886	170.44427367	169.54633046
4.94000000	139.65044224	166.90570254	175.09145170	170.34904753	161.53831219	178.54839294	169.24401225	157.88997277	171.01270026	174.78577693	163.44935626	161.24748387	170.44872009	169.58224019
4.94500000	139.67262942	166.90360680	175.08877984	170.30105982	161.43714133	178.55155851	169.23926572	157.89520297	171.01366759	174.77120134	163.44516078	161.25364042	170.45378804	169.61918193
4.95000000	139.69600084	166.90184645	175.08634579	170.25141341	161.33136441	178.55442350	169.23481942	157.90174870	171.01419121	174.75739603	163.44030334	161.25945758	170.45939548	169.65707756
4.95500000	139.72066939	166.90044914	175.08412316	170.20021318	161.22124417	178.55699734	169.23066664	157.90958143	171.01427089	174.74439939	163.43479389	161.26489483	170.46545953	169.69584790
4.96000000	139.74674758	166.89944395	175.08208418	170.14756843	161.10705810	178.55929007	169.22680003	157.91866949	171.01390730	174.73224722	163.42864361	161.26991228	170.47189672	169.73541290
4.96500000	139.77434743	166.89886134	175.08019981	170.09359233	160.98909707	178.56131237	169.22321164	157.92897813	171.01310198	174.72097259	163.42186474	161.27447079	170.47862334	169.77569190
4.97000000	139.80358039	166.89873317	175.07843979	170.03840141	160.86766390	178.56307547	169.21989290	157.94046966	171.01185734	174.71060573	163.41447060	161.27853208	170.48555569	169.81660389
4.97500000	139.83455721	166.89909265	175.07677274	169.98211505	160.74307186	178.56459115	169.21683471	157.95310346	171.01017668	174.70117391	163.40647543	161.28205890	170.49261041	169.85806769
4.98000000	139.86738785	166.89997432	175.07516629	169.92485492	160.61564316	178.56587173	169.21402743	157.96683614	171.00806410	174.69270138	163.39789437	161.28501517	170.49970476	169.90000219
4.98500000	139.90218143	166.90141403	175.07358713	169.86674448	160.48570734	178.56692997	169.21146093	157.98162163	171.00552454	174.68520924	163.38874339	161.28736607	170.50675689	169.94232654
4.99000000	139.93904614	166.90344888	175.07200115	169.80790837	160.35359966	178.56777910	169.20912464	157.99741134	171.00256375	174.67871544	163.37903919	161.28907822	170.51368613	169.98496031
4.99500000	139.97808916	166.90611723	175.07037357	169.74847196	160.21965959	178.56843273	169.20700757	158.01415426	170.99918824	174.67323468	163.36879916	161.29011979	170.52041324	170.02782368
5.00000000	140.01941660	166.90945860	175.06866898	169.68856073	160.08422908	178.56890485	169.20509835	158.03179714	170.99540528	174.66877839	163.35804134	161.29046061	170.52686070	170.07083757
5.00500000	140.06313345	166.91351368	175.06685155	169.62829986	159.94765112	178.56920976	169.20338528	158.05028469	170.99122285	174.66535470	163.34678433	161.29007230	170.53295293	170.11392378
5.01000000	140.10934347	166.91832428	175.06488509	169.56781365	159.81026808	178.56936205	169.20185637	158.06955968	170.98664962	174.66296843	163.33504730	161.28892837	170.53861653	170.15700511
5.01500000	140.15814916	166.92393325	175.06273317	169.50722507	159.67242024	178.56937654	169.20049939	158.08956321	170.98169495	174.66162109	163.32284989	161.28700436	170.54378052	170.20000544
5.02000000	140.20965171	166.93038443	175.06035930	169.44665529	159.53444435	178.56926825	169.19930191	158.11023486	170.97636879	174.66131089	163.31021223	161.28427788	170.54837654	170.24284984
5.02500000	140.26395084	166.93772265	175.05772696	169.38622323	159.39667220	178.56905233	169.19825135	158.13151293	170.97068171	174.66203278	163.29715489	161.28072876	170.55233905	170.28546466
5.03000000	140.32114483	166.94599360	175.05479982	169.32604517	159.25942924	178.56874406	169.19733502	158.15333465	170.96464482	174.66377847	163.28369886	161.27633911	170.55560551	170.32777752
5.03500000	140.38133036	166.95524381	175.05154179	169.26623431	159.12303338	178.56835873	169.19654017	158.17563640	170.95826976	174.66653648	163.26986553	161.27109338	170.55811658	170.36971742
5.04000000	140.44460244	166.96552055	175.04791715	169.20690044	158.98779375	178.56791166	169.19585404	158.19835396	170.95156864	174.67029222	163.25567672	161.26497848	170.55981621	170.41121474
5.04500000	140.51105431	166.97687183	175.04389068	169.14814956	158.85400956	178.56741814	169.19526390	158.22142275	170.94455402	174.67502806	163.24115461	161.25798377	170.56065186	170.45220127
5.05000000	140.58077733	166.98934623	175.03942778	169.09008358	158.72196912	178.56689334	169.19475710	158.24477804	170.93723886	174.68072340	163.22632180	161.25010118	170.56057456	170.49261024
5.05500000	140.65386087	167.00299291	175.03449455	169.03280004	158.59194886	178.56635229	169.19432112	158.26835525	170.92963649	174.68735477	163.21120127	161.24132522	170.55953905	170.53237628
5.06000000	140.73039213	167.01786149	175.02905788	168.97639185	158.46421250	178.56580984	169.19394359	158.29209014	170.92176055	174.69489595	163.19581643	161.23165302	170.55750386	170.57143545
5.06500000	140.81045607	167.03400196	175.02308559	168.92094704	158.33901025	178.56528060	169.19361238	158.31591910	170.91362496	174.70331808	163.18019106	161.22108434	170.55443141	170.60972523
5.07000000	140.89413519	167.05146463	175.01654649	168.86654857	158.21657818	178.56477888	169.19331559	158.33977937	170.90524387	174.71258976	163.16434941	161.20962163	170.55028805	170.64718451
5.07500000	140.98150939	167.07029999	175.00941048	168.81327417	158.09713762	178.56431866	169.19304162	158.36360929	170.89663164	174.72267724	163.14831614	161.19727000	170.54504413	170.68375355
5.08000000	141.07265577	167.09055867	175.00164861	168.76119621	157.98089469	178.56391354	169.19277919	158.38734852	170.88780277	174.73354448	163.13211635	161.18403722	170.53867403	170.71937401
5.08500000	141.16764847	167.11229130	174.99323317	168.71038156	157.86803988	178.56357667	169.19251741	158.41093828	170.87877189	174.74515337	163.11577560	161.16993377	170.53115620	170.75398891
5.09000000	141.26655839	167.13554840	174.98413774	168.66089154	157.75874778	178.56332074	169.19224578	158.43432158	170.86955366	174.75746383	163.09931992	161.15497272	170.52247319	170.78754266
5.09500000	141.36945304	167.16038031	174.97433729	168.61278186	157.65317687	178.56315792	169.19195423	158.45744339	170.86016281	174.77043401	163.08277581	161.13916982	170.51261163	170.81998101
5.10000000	141.47639624	167.18683705	174.96380818	168.56610261	157.55146935	178.56309979	169.19163320	158.48025089	170.85061404	174.78402043	163.06617023	161.12254338	170.50156226	170.85125114
5.10500000	141.58744791	167.21496820	174.95252825	168.52089827	157.45375112	178.56315734	169.19127360	158.50269364	170.84092199	174.79817812	163.04953063	161.10511427	170.48931991	170.88130159
5.11000000	141.70266379	167.24482278	174.94047688	168.47720775	157.36013182	178.56334093	169.19086688	158.52472375	170.83110122	174.81286085	163.03288490	161.08690586	170.47588351	170.91008237
5.11500000	141.82209517	167.27644911	174.92763497	168.43506446	157.27070489	178.56366019	169.19040508	158.54629603	170.82116617	174.82802125	163.01626143	161.06794399	170.46125605	170.93754496
5.12000000	141.94578857	167.30989469	174.91398502	168.39449636	157.18554780	178.56412406	169.18988081	158.56736819	170.81113111	174.84361099	162.99968899	161.04825687	170.44544457	170.96364240
5.12500000	142.07378551	167.34520606	174.89951117	168.35552615	157.10472226	178.56474073	169.18928730	158.58790090	170.80101011	174.85958096	162.98319682	161.02787502	170.42846013	170.98832932
5.13000000	142.20612213	167.38242865	174.88419918	168.31817134	157.02827451	178.56551757	169.18861841	158.60785796	170.79081700	174.87588144	162.96681451	161.00683122	170.41031776	171.01156205
5.13500000	142.34282893	167.42160663	174.86803651	168.28244442	156.95623568	178.56646116	169.18786869	158.62720640	170.78056538	174.89246227	162.95057202	160.98516038	170.39103646	171.03329874
5.14000000	142.48393042	167.46278277	174.85101228	168.24835307	156.88862221	178.56757721	169.18703333	158.64591651	170.77026851	174.90927301	162.93449959	160.96289949	170.37063910	171.05349942
5.14500000	142.62944480	167.50599829	174.83311733	168.21590031	156.82543630	178.56887059	169.18610822	158.66396196	170.75993937	174.92626313	162.91862772	160.94008749	170.34915240	171.07212617
5.15000000	142.77938365	167.55129268	174.81434420	168.18508475	156.76666641	178.57034524	169.18508995	158.68131982	170.74959056	174.94338216	162.90298710	160.91676517	170.32660687	171.08914325
5.15500000	142.93375155	167.59870360	174.79468717	168.15590075	156.71228776	178.57200421	169.18397581	158.69797061	170.73923431	174.96057986	162.88760853	160.89297504	170.30303670	171.10451722
5.16000000	143.09254582	167.64826667	174.77414223	168.12833874	156.66226294	178.57384961	169.18276379	158.71389825	170.72888247	174.97780637	162.87252284	160.86876126	170.27847973	171.11821716
5.16500000	143.25575612	167.70001536	174.75270711	168.10238540	156.61654250	178.57588262	169.18145256	158.72909012	170.71854644	174.99501241	162.85776082	160.84416942	170.25297731	171.13021476
5.17000000	143.42336415	167.75398081	174.73038125	168.07802393	156.57506554	178.57810344	169.18004151	158.74353701	170.70823717	175.01214940	162.84335311	160.81924647	170.22657423	171.14048457
5.17500000	143.59534333	167.81019169	174.70716584	168.05523432	156.53776040	178.58051134	169.17853070	158.75723303	170.69796516	175.02916964	162.82933012	160.79404056	170.19931859	171.14900416
5.18000000	143.77165848	167.86867406	174.68306377	168.03399362	156.50454530	178.58310461	169.17692082	158.77017561	170.68774039	175.04602644	162.81572189	160.76860087	170.17126169	171.15575428
5.18500000	143.95226547	167.92945124	174.65807964	168.01427620	156.47532902	178.58588056	169.17521323	158.78236540	170.67757236	175.06267431	162.80255799	160.74297745	170.14245787	171.16071907
5.19000000	144.13711096	167.99254363	174.63221976	167.99605404	156.45001159	178.58883557	169.17340990	158.79380615	170.66747001	175.07906906	162.78986741	160.71722108	170.11296438	171.16388627
5.19500000	144.32613207	168.05796865	174.60549212	167.97929698	156.42848500	178.59196504	169.17151338	158.80450464	170.65744173	175.09516798	162.77767841	160.69138307	170.08284120	171.16524736
5.20000000	144.51925611	168.12574055	174.57790636	167.96397299	156.41063388	178.59526345	169.16952677	158.81447051	170.64749538	175.11092996	162.76601841	160.66551513	170.05215088	171.16479777
5.20500000	144.71640028	168.19587033	174.54947379	167.95004848	156.39633624	178.59872433	169.16745370	158.82371620	170.63763818	175.12631562	162.75491385	160.63966916	170.02095836	171.16253704
5.21000000	144.91747143	168.26836562	174.52020734	167.93748851	156.38546413	178.60234034	169.16529828	158.83225670	170.62787678	175.14128744	162.74439004	160.61389707	169.98933078	171.15846898
5.21500000	145.12236583	168.34323060	174.49012151	167.92625708	156.37788436	178.60610323	169.16306509	158.84010952	170.61821722	175.15580990	162.73447105	160.58825066	169.95733725	171.15260183
5.22000000	145.33096886	168.42046589	174.45923239	167.91631736	156.37345923	178.61000392	169.16075908	158.84729442	170.60866488	175.16984955	162.72517958	160.56278137	169.92504868	171.14494837
5.22500000	145.54315488	168.50006849	174.42755761	167.90763194	156.37204714	178.61403251	169.15838561	158.85383330	170.59922453	175.18337514	162.71653679	160.53754017	169.89253756	171.13552606
5.23000000	145.75878698	168.58203170	174.39511626	167.90016305	156.37350330	178.61817836	169.15595035	158.85975002	170.58990026	175.19635772	162.70856220	160.51257735	169.85987769	171.12435713
5.23500000	145.97771683	168.66634508	174.36192892	167.89387279	156.37768040	178.62243005	169.15345929	158.86507020	170.58069552	175.20877071	162.70127358	160.48794241	169.82714405	171.11146865
5.24000000	146.19978449	168.75299440	174.32801756	167.88872330	156.38442922	178.62677554	169.15091863	158.86982108	170.57161308	175.22058999	162.69468682	160.46368382	169.79441247	171.09689259
5.24500000	146.42481832	168.84196161	174.29340553	167.88467700	156.39359927	178.63120215	169.14833482	158.87403130	170.56265505	175.23179394	162.68881579	160.43984895	169.76175949	171.08066584
5.25000000	146.65263483	168.93322485	174.25811749	167.88169669	156.40503937	178.63569665	169.14571446	158.87773076	170.55382284	175.24236355	162.68367230	160.41648388	169.72926208	171.06283025
5.25500000	146.88303859	169.02675842	174.22217936	167.87974579	156.41859823	178.64024532	169.14306432	158.88095038	170.54511723	175.25228242	162.67926600	160.39363328	169.69699743	171.04343257
5.26000000	147.11582224	169.12253281	174.18561829	167.87878841	156.43412500	178.64483401	169.14039122	158.88372201	170.53653829	175.26153680	162.67560425	160.37134028	169.66504274	171.02252442
5.26500000	147.35076637	169.22051474	174.14846258	167.87878951	156.45146979	178.64944827	169.13770208	158.88607818	170.52808543	175.27011564	162.67269213	160.34964635	169.63347497	171.00016222
5.27000000	147.58763958	169.32066720	174.11074163	167.87971501	156.47048419	178.65407334	169.13500382	158.88805197	170.51975742	175.27801056	162.67053233	160.32859118	169.60237065	170.97640712
5.27500000	147.82619849	169.42294949	174.07248589	167.88153187	156.49102169	178.65869433	169.13230335	158.88967681	170.51155238	175.28521590	162.66912513	160.30821262	169.57180564	170.95132479
5.28000000	148.06618780	169.52731733	174.03372679	167.88420815	156.51293815	178.66329621	169.12960753	158.89098638	170.50346779	175.29172868	162.66846838	160.28854655	169.54185493	170.92498536
5.28500000	148.30734042	169.63372290	173.99449669	167.88771311	156.53609219	178.66786399	169.12692314	158.89201440	170.49550052	175.29754857	162.66855748	160.26962682	169.51259245	170.89746319
5.29000000	148.54937757	169.74211503	173.95482883	167.89201719	156.56034559	178.67238275	169.12425681	158.89279447	170.48764686	175.30267788	162.66938539	160.25148519	169.48409082	170.86883663
5.29500000	148.79200898	169.85243920	173.91475725	167.89709208	156.58556360	178.67683775	169.12161502	158.89336000	170.47990252	175.30712151	162.67094261	160.23415128	169.45642121	170.83918784
5.30000000	149.03493310	169.96463777	173.87431673	167.90291071	156.61161529	178.68121453	169.11900406	158.89374400	170.47226267	175.31088686	162.67321724	160.21765248	169.42965309	170.80860250
5.30500000	149.27783735	170.07865008	173.83354278	167.90944726	156.63837380	178.68549899	169.11642995	158.89397898	170.46472196	175.31398380	162.67619500	160.20201399	169.40385406	170.77716951
5.31000000	149.52039845	170.19441260	173.79247152	167.91667709	156.66571665	178.68967748	169.11389845	158.89409684	170.45727456	175.31642456	162.67985929	160.18725872	169.37908969	170.74498068
5.31500000	149.76228275	170.31185910	173.75113967	167.92457676	156.69352590	178.69373692	169.11141502	158.89412872	170.44991421	175.31822366	162.68419123	160.17340733	169.35542327	170.71213039
5.32000000	150.00314663	170.43092084	173.70958447	167.93312398	156.72168837	178.69766482	169.10898473	158.89410494	170.44263421	175.31939778	162.68916977	160.16047819	169.33291568	170.67871523
5.32500000	150.24263699	170.55152675	173.66784366	167.94229750	156.75009585	178.70144944	169.10661231	158.89405485	170.43542752	175.31996567	162.69477171	160.14848739	169.31162517	170.64483362
5.33000000	150.48039175	170.67360362	173.62595539	167.95207710	156.77864518	178.70507980	169.10430202	158.89400674	170.42828672	175.31994800	162.70097185	160.13744878	169.29160722	170.61058539
5.33500000	150.71604040	170.79707629	173.58395822	167.96244350	156.80723839	178.70854580	169.10205770	158.89398780	170.42120415	175.31936727	162.70774304	160.12737396	169.27291434	170.57607140
5.34000000	150.94920469	170.92186789	173.54189106	167.97337826	156.83578280	178.71183824	169.09988269	158.89402399	170.41417188	175.31824759	162.71505632	160.11827229	169.25559591	170.54139310
5.34500000	151.17949931	171.04790001	173.49979311	167.98486370	156.86419105	178.71494892	169.09777984	158.89413996	170.40718175	175.31661464	162.72288102	160.11015099	169.23969799	170.50665209
5.35000000	151.40653265	171.17509295	173.45770385	167.99688283	156.89238119	178.71787067	169.09575143	158.89435903	170.40022548	175.31449542	162.73118484	160.10301511	169.22526319	170.47194965
5.35500000	151.62990770	171.30336592	173.41566301	168.00941924	156.92027665	178.72059738	169.09379921	158.89470306	170.39329465	175.31191813	162.73993405	160.09686762	169.21233052	170.43738638
5.36000000	151.84922293	171.43263728	173.37371050	168.02245699	156.94780624	178.72312407	169.09192437	158.89519244	170.38638078	175.30891200	162.74909355	160.09170945	169.20093521	170.40306167
5.36500000	152.06407335	171.56282472	173.33188644	168.03598055	156.97490419	178.72544687	169.09012750	158.89584601	170.37947536	175.30550713	162.75862702	160.08753956	169.19110856	170.36907328
5.37000000	152.27405157	171.69384547	173.29023107	168.04997468	157.00151001	178.72756306	169.08840860	158.89668103	170.37256992	175.30173430	162.76849708	160.08435499	169.18287787	170.33551697
5.37500000	152.47874894	171.82561655	173.24878481	168.06442435	157.02756851	178.72947106	169.08676709	158.89771311	170.36565602	175.29762482	162.77866542	160.08215091	169.17626625	170.30248599
5.38000000	152.67775689	171.95805492	173.20758813	168.07931465	157.05302969	178.73117045	169.08520182	158.89895619	170.35872537	175.29321033	162.78909293	160.08092076	169.17129257	170.27007074
5.38500000	152.87066818	172.09107767	173.16668164	168.09463070	157.07784862	178.73266192	169.08371102	158.90042250	170.35176982	175.28852267	162.79973986	160.08065624	169.16797132	170.23835836
5.39000000	153.05707836	172.22460219	173.12610600	168.11035760	157.10198540	178.73394727	169.08229237	158.90212253	170.34478143	175.28359365	162.81056599	160.08134744	169.16631254	170.20743234
5.39500000	153.23658722	172.35854633	173.08590194	168.12648034	157.12540497	178.73502937	169.08094302	158.90406501	170.33775250	175.27845495	162.82153076	160.08298293	169.16632175	170.17737222
5.40000000	153.40880037	172.49282853	173.04611021	168.14298372	157.14807703	178.73591209	169.07965955	158.90625689	170.33067564	175.27313791	162.83259345	160.08554979	169.16799990	170.14825323
5.40500000	153.57333086	172.62736792	173.00677160	168.15985235	157.16997586	178.73660030	169.07843805	158.90870334	170.32354376	175.26767342	162.84371330	160.08903375	169.17134335	170.12014601
5.41000000	153.72980082	172.76208439	172.96792691	168.17707056	157.19108017	178.73709979	169.07727412	158.91140774	170.31635018	175.26209170	162.85484975	160.09341925	169.17634380	170.09311633
5.41500000	153.87784316	172.89689868	172.92961692	168.19462236	157.21137295	178.73741718	169.07616291	158.91437166	170.30908862	175.25642222	162.86596253	160.09868951	169.18298835	170.06722489
5.42000000	154.01710333	173.03173237	172.89188238	168.21249145	157.23084127	178.73755989	169.07509915	158.91759491	170.30175325	175.25069355	162.87701186	160.10482665	169.19125949	170.04252707
5.42500000	154.14724102	173.16650783	172.85476400	168.23066118	157.24947615	178.73753604	169.07407721	158.92107556	170.29433876	175.24493320	162.88795861	160.11181176	169.20113512	170.01907282
5.43000000	154.26793191	173.30114824	172.81830243	168.24911456	157.26727231	178.73735439	169.07309109	158.92480993	170.28684034	175.23916754	162.89876448	160.11962496	169.21258861	169.99690647
5.43500000	154.37886936	173.43557739	172.78253819	168.26783424	157.28422801	178.73702425	169.07213450	158.92879264	170.27925378	175.23342169	162.90939212	160.12824553	169.22558893	169.97606667
5.44000000	154.47976609	173.56971955	172.74751170	168.28680254	157.30034487	178.73655540	169.07120090	158.93301666	170.27157545	175.22771938	162.91980536	160.13765196	169.24010067	169.95658629
5.44500000	154.57035572	173.70349923	172.71326323	168.30600148	157.31562762	178.73595800	169.07028355	158.93747336	170.26380237	175.22208294	162.92996928	160.14782202	169.25608420	169.93849245
5.45000000	154.65039430	173.83684085	172.67983283	168.32541280	157.33008395	178.73524255	169.06937554	158.94215257	170.25593221	175.21653313	162.93985045	160.15873288	169.27349582	169.92180648
5.45500000	154.71966166	173.96966839	172.64726035	168.34501799	157.34372430	178.73441974	169.06846986	158.94704261	170.24796334	175.21108917	162.94941702	160.17036113	169.29228787	169.90654400
5.46000000	154.77796269	174.10190486	172.61558534	168.36479837	157.35656161	178.73350044	169.06755944	158.95213043	170.23989486	175.20576861	162.95863887	160.18268289	169.31240896	169.89271500
5.46500000	154.82512841	174.23347173	172.58484702	168.38473510	157.36861117	178.73249559	169.06663721	158.95740163	170.23172660	175.20058734	162.96748777	160.19567388	169.33380416	169.88032395
5.47000000	154.86101687	174.36428818	172.55508422	168.40480929	157.37989039	178.73141614	169.06569614	158.96284058	170.22345915	175.19555953	162.97593748	160.20930945	169.35641518	169.86936997
5.47500000	154.88551394	174.49427029	172.52633533	168.42500200	157.39041860	178.73027299	169.06472932	158.96843051	170.21509390	175.19069763	162.98396387	160.22356468	169.38018067	169.85984701
5.48000000	154.89853378	174.62333000	172.49863822	168.44529436	157.40021684	178.72907690	169.06372997	158.97415361	170.20663301	175.18601234	162.99154506	160.23841441	169.40503642	169.85174410
5.48500000	154.90001919	174.75137388	172.47203017	168.46566760	157.40930768	178.72783847	169.06269155	158.97999116	170.19807947	175.18151262	162.99866148	160.25383331	169.43091568	169.84504556
5.49000000	154.88994175	174.87830179	172.44654778	168.48610314	157.41771501	178.72656808	169.06160777	158.98592361	170.18943709	175.17720570	163.00529595	160.26979594	169.45774939	169.83973131
5.49500000	154.86830165	175.00400525	172.42222689	168.50658264	157.42546382	178.72527582	169.06047264	158.99193074	170.18071049	175.17309711	163.01143382	160.28627676	169.48546657	169.83577718
5.50000000	154.83512745	175.12836553	172.39910252	168.52708808	157.43258006	178.72397150	169.05928054	158.99799176	170.17190513	175.16919066	163.01706296	160.30325019	169.51399454	169.83315521
5.50500000	154.79047548	175.25125155	172.37720873	168.54760179	157.43909038	178.72266456	169.05802628	159.00408547	170.16302731	175.16548854	163.02217385	160.32069068	169.54325931	169.83183405
5.51000000	154.73442921	175.37251742	172.35657854	168.56810657	157.44502199	178.72136407	169.05670510	159.01019035	170.15408412	175.16199130	163.02675963	160.33857270	169.57318592	169.83177926
5.51500000	154.66709827	175.49199969	172.33724386	168.58858566	157.45040248	178.72007875	169.05531273	159.01628471	170.14508349	175.15869791	163.03081608	160.35687077	169.60369874	169.83295376
5.52000000	154.58861748	175.60951427	172.31923534	168.60902289	157.45525958	178.71881686	169.05384545	159.02234682	170.13603415	175.15560584	163.03434170	160.37555952	169.63472185	169.83531817
5.52500000	154.49914559	175.72485295	172.30258232	168.62940264	157.45962103	178.71758629	169.05230010	159.02835504	170.12694563	175.15271108	163.03733763	160.39461369	169.66617939	169.83883120
5.53000000	154.39886396	175.83777969	172.28731268	168.64970995	157.46351442	178.71639447	169.05067410	159.03428794	170.11782821	175.15000819	163.03980772	160.41400817	169.69799590	169.84345008
5.53500000	154.28797517	175.94802650	172.27345277	168.66993052	157.46696698	178.71524846	169.04896551	159.04012440	170.10869293	175.14749042	163.04175842	160.43371799	169.73009670	169.84913094
5.54000000	154.16670151	176.05528918	172.26102732	168.69005074	157.47000545	178.71415485	169.04717301	159.04584373	170.09955154	175.14514971	163.04319881	160.45371833	169.76240819	169.85582914
5.54500000	154.03528342	176.15922282	172.25005929	168.71005775	157.47265589	178.71311985	169.04529593	159.05142577	170.09041648	175.14297679	163.04414051	160.47398458	169.79485824	169.86349974
5.55000000	153.89397791	176.25943745	172.24056987	168.72993946	157.47494361	178.71214928	169.04333426	159.05685098	170.08130084	175.14096124	163.04459761	160.49449229	169.82737647	169.87209777
5.55500000	153.74305696	176.35549390	172.23257829	168.74968454	157.47689293	178.71124856	169.04128865	159.06210051	170.07221834	175.13909158	163.04458661	160.51521721	169.85989462	169.88157863
5.56000000	153.58280598	176.44690028	172.22610181	168.76928245	157.47852713	178.71042275	169.03916039	159.06715629	170.06318322	175.13735531	163.04412631	160.53613531	169.89234681	169.89189835
5.56500000	153.41352217	176.53310958	172.22115562	168.78872347	157.47986830	178.70967658	169.03695142	159.07200106	170.05421026	175.13573900	163.04323773	160.55722272	169.92466985	169.90301395
5.57000000	153.23551309	176.61351891	172.21775275	168.80799867	157.48093723	178.70901442	169.03466431	159.07661842	170.04531471	175.13422839	163.04194397	160.57845581	169.95680351	169.91488363
5.57500000	153.04909515	176.68747102	172.21590402	168.82709995	157.48175328	178.70844037	169.03230223	159.08099290	170.03651218	175.13280840	163.04027010	160.59981115	169.98869075	169.92746707
5.58000000	152.85459222	176.75425897	172.21561797	168.84602000	157.48233436	178.70795822	169.02986891	159.08510995	170.02781865	175.13146328	163.03824303	160.62126550	170.02027797	169.94072556
5.58500000	152.65233436	176.81313458	172.21690082	168.86475231	157.48269677	178.70757153	169.02736867	159.08895594	170.01925034	175.13017664	163.03589134	160.64279586	170.05151519	169.95462224
5.59000000	152.44265653	176.86332133	172.21975641	168.88329115	157.48285519	178.70728361	169.02480628	159.09251822	170.01082367	175.12893153	163.03324516	160.66437942	170.08235626	169.96912214
5.59500000	152.22589746	176.90403198	172.22418615	168.90163157	157.48282257	178.70709756	169.02218704	159.09578506	170.00255517	175.12771051	163.03033602	160.68599359	170.11275896	169.98419235
5.60000000	152.00239860	176.93449082	172.23018900	168.91976935	157.48261015	178.70701630	169.01951664	159.09874566	169.99446143	175.12649577	163.02719663	160.70761602	170.14268518	169.99980200
5.60500000	151.77250316	176.95395955	172.23776145	168.93770100	157.48222733	178.70704260	169.01680116	159.10139012	169.98655896	175.12526913	163.02386079	160.72922456	170.17210099	170.01592231
5.61000000	151.53655515	176.96176522	172.24689745	168.95542368	157.48168176	178.70717909	169.01404702	159.10370941	169.97886415	175.12401220	163.02036313	160.75079730	170.20097668	170.03252655
5.61500000	151.29489869	176.95732805	172.25758847	168.97293524	157.48097922	178.70742827	169.01126092	159.10569534	169.97139317	175.12270638	163.01673903	160.77231256	170.22928687	170.04958997
5.62000000	151.04787716	176.94018617	172.26982339	168.99023410	157.48012370	178.70779260	169.00844980	159.10734050	169.96416189	175.12133298	163.01302439	160.79374892	170.25701045	170.06708973
5.62500000	150.79583267	176.91001471	172.28358861	169.00731924	157.47911737	178.70827442	169.00562079	159.10863826	169.95718577	175.11987327	163.00925547	160.81508518	170.28413061	170.08500475
5.63000000	150.53910536	176.86663710	172.29886796	169.02419013	157.47796061	178.70887609	169.00278115	159.10958268	169.95047980	175.11830859	163.00546873	160.83630041	170.31063476	170.10331555
5.63500000	150.27803298	176.81002740	172.31564273	169.04084671	157.47665205	178.70959991	168.99993824	159.11016845	169.94405837	175.11662038	163.00170067	160.85737395	170.33651451	170.12200411
5.64000000	150.01295036	176.74030373	172.33389173	169.05728924	157.47518863	178.71044820	168.99709945	159.11039092	169.93793524	175.11479029	162.99798765	160.87828540	170.36176552	170.14105364
5.64500000	149.74418901	176.65771429	172.35359124	169.07351833	157.47356561	178.71142332	168.99427220	159.11024595	169.93212339	175.11280025	162.99436577	160.89901464	170.38638739	170.16044836
5.65000000	149.47207678	176.56261783	172.37471507	169.08953479	157.47177671	178.71252766	168.99146383	159.10972995	169.92663499	175.11063252	162.99087068	160.91954186	170.41038356	170.18017331
5.65500000	149.19693746	176.45546141	172.39723459	169.10533960	157.46981411	178.71376369	168.98868164	159.10883976	169.92148130	175.10826981	162.98753750	160.93984750	170.43376108	170.20021411
5.66000000	148.91909052	176.33675747	172.42111878	169.12093380	157.46766858	178.71513392	168.98593278	159.10757270	169.91667259	175.10569532	162.98440063	160.95991235	170.45653047	170.22055671
5.66500000	148.63885085	176.20706250	172.44633421	169.13631843	157.46532957	178.71664102	168.98322427	159.10592643	169.91221808	175.10289283	162.98149367	160.97971749	170.47870551	170.24118716
5.67000000	148.35652842	176.06695831	172.47284517	169.15149442	157.46278533	178.71828770	168.98056294	159.10389900	169.90812586	175.09984677	162.97884931	160.99924433	170.50030302	170.26209143
5.67500000	148.07242813	175.91703680	172.50061368	169.16646254	157.46002299	178.72007682	168.97795542	159.10148880	169.90440284	175.09654233	162.97649920	161.01847459	170.52134261	170.28325515
5.68000000	147.78684953	175.75788817	172.52959953	169.18122331	157.45702870	178.72201135	168.97540808	159.09869452	169.90105470	175.09296549	162.97447386	161.03739035	170.54184646	170.30466342
5.68500000	147.50008660	175.59009249	172.55976041	169.19577689	157.45378777	178.72409437	168.97292707	159.09551515	169.89808583	175.08910313	162.97280264	161.05597403	170.56183907	170.32630067
5.69000000	147.21242755	175.41421417	172.59105191	169.21012306	157.45028479	178.72632908	168.97051822	159.09195000	169.89549926	175.08494311	162.97151360	161.07420843	170.58134700	170.34815045
5.69500000	146.92415460	175.23079862	172.62342767	169.22426109	157.44650378	178.72871881	168.96818708	159.08799864	169.89329669	175.08047432	162.97063346	161.09207671	170.60039856	170.37019533
5.70000000	146.63554378	175.04037087	172.65683940	169.23818973	157.44242837	178.73126696	168.96593889	159.08366096	169.89147840	175.07568678	162.97018757	161.10956240	170.61902361	170.39241679
5.70500000	146.34686472	174.84343533	172.69123703	169.25190710	157.43804188	178.73397703	168.96377856	159.07893718	169.89004324	175.07057171	162.97019984	161.12664946	170.63725326	170.41479510
5.71000000	146.05838045	174.64047651	172.72656877	169.26541067	157.43332756	178.73685260	168.96171066	159.07382784	169.88898866	175.06512160	162.97069274	161.14332226	170.65511956	170.43730932
5.71500000	145.77034718	174.43196021	172.76278123	169.27869722	157.42826871	178.73989725	168.95973944	159.06833383	169.88831060	175.05933029	162.97168726	161.15956559	170.67265530	170.45993722
5.72000000	145.48301409	174.21833510	172.79981952	169.29176277	157.42284883	178.74311463	168.95786877	159.06245648	169.88800361	175.05319304	162.97320291	161.17536470	170.68989369	170.48265530
5.72500000	145.19662315	174.00003430	172.83762739	169.30460258	157.41705185	178.74650834	168.95610222	159.05619753	169.88806076	175.04670658	162.97525773	161.19070530	170.70686814	170.50543882
5.73000000	144.91140889	173.77747695	172.87614733	169.31721114	157.41086223	178.75008192	168.95444298	159.04955919	169.88847370	175.03986922	162.97786829	161.20557362	170.72361195	170.52826185
5.73500000	144.62759818	173.55106974	172.91532071	169.32958214	157.40426516	178.75383885	168.95289395	159.04254425	169.88923267	175.03268083	162.98104975	161.21995636	170.74015812	170.55109734
5.74000000	144.34541008	173.32120812	172.95508791	169.34170849	157.39724673	178.75778243	168.95145767	159.03515603	169.89032650	175.02514300	162.98481585	161.23384078	170.75653907	170.57391721
5.74500000	144.06505557	173.08827746	172.99538845	169.35358232	157.38979409	178.76191579	168.95013638	159.02739852	169.89174270	175.01725899	162.98917898	161.24721469	170.77278644	170.59669252
5.75000000	143.78673741	172.85265389	173.03616116	169.36519501	157.38189561	178.76624183	168.94893204	159.01927642	169.89346744	175.00903385	162.99415026	161.26006649	170.78893083	170.61939355
5.75500000	143.51064992	172.61470501	173.07734429	169.37653725	157.37354104	178.77076315	168.94784632	159.01079514	169.89548563	175.00047442	162.99973955	161.27238517	170.80500165	170.64199001
5.76000000	143.23697879	172.37479032	173.11887571	169.38759906	157.36472169	178.77548197	168.94688063	159.00196095	169.89778098	174.99158938	163.00595555	161.28416039	170.82102687	170.66445121
5.76500000	142.96590094	172.13326155	173.16069302	169.39836986	157.35543053	178.78040012	168.94603616	158.99278096	169.90033602	174.98238928	163.01280588	161.29538246	170.83703289	170.68674621
5.77000000	142.69758431	171.89046274	173.20273373	169.40883854	157.34566238	178.78551894	168.94531389	158.98326323	169.90313220	174.97288653	163.02029713	161.30604239	170.85304435	170.70884408
5.77500000	142.43218774	171.64673030	173.24493544	169.41899354	157.33541405	178.79083921	168.94471462	158.97341676	169.90614994	174.96309545	163.02843497	161.31613194	170.86908399	170.73071403
5.78000000	142.16986079	171.40239282	173.28723600	169.42882295	157.32468442	178.79636111	168.94423898	158.96325163	169.90936873	174.95303223	163.03722423	161.32564363	170.88517253	170.75232571
5.78500000	141.91074364	171.15777086	173.32957366	169.43831460	157.31347461	178.80208411	168.94388749	158.95277895	169.91276718	174.94271497	163.04666894	161.33457078	170.90132853	170.77364932
5.79000000	141.65496697	170.91317666	173.37188726	169.44745618	157.30178808	178.80800693	168.94366060	158.94201097	169.91632311	174.93216362	163.05677249	161.34290759	170.91756833	170.79465587
5.79500000	141.40265184	170.66891376	173.41411640	169.45623534	157.28963071	178.81412745	168.94355865	158.93096107	169.92001364	174.92139997	163.06753761	161.35064911	170.93390593	170.81531737
5.80000000	141.15390962	170.42527665	173.45620164	169.46463985	157.27701092	178.82044264	168.94358199	158.91964382	169.92381531	174.91044762	163.07896649	161.35779137	170.95035296	170.83560697
5.80500000	140.90884191	170.18255031	173.49808462	169.47265768	157.26393972	178.82694850	168.94373097	158.90807497	169.92770413	174.89933191	163.09106087	161.36433135	170.96691864	170.85549917
5.81000000	140.66754049	169.94100983	173.53970829	169.48027716	157.25043079	178.83363994	168.94400594	158.89627151	169.93165569	174.88807990	163.10382204	161.37026708	170.98360970	170.87496995
5.81500000	140.43008726	169.70091998	173.58101705	169.48748712	157.23650051	178.84051077	168.94440736	158.88425160	169.93564527	174.87672025	163.11725088	161.37559766	171.00043044	170.89399687
5.82000000	140.19655427	169.46253485	173.62195693	169.49427698	157.22216800	178.84755355	168.94493576	158.87203464	169.93964796	174.86528320	163.13134797	161.38032334	171.01738266	170.91255923
5.82500000	139.96700366	169.22609749	173.66247575	169.50063693	157.20745512	178.85475959	168.94559180	158.85964120	169.94363869	174.85380043	163.14611352	161.38444557	171.03446574	170.93063807
5.83000000	139.74148770	168.99183959	173.70252329	169.50655802	157.19238647	178.86211884	168.94637632	158.84709302	169.94759244	174.84230496	163.16154745	161.38796703	171.05167664	170.94821629
5.83500000	139.52004881	168.75998124	173.74205142	169.51203226	157.17698934	178.86961980	168.94729031	158.83441297	169.95148424	174.83083108	163.17764932	161.39089173	171.06900994	170.96527864
5.84000000	139.30271963	168.53073068	173.78101430	169.51705279	157.16129368	178.87724949	168.94833499	158.82162500	169.95528934	174.81941419	163.19441838	161.39322503	171.08645792	170.98181171
5.84500000	139.08952303	168.30428420	173.81936844	169.52161392	157.14533203	178.88499336	168.94951182	158.80875406	169.95898330	174.80809066	163.21185349	161.39497375	171.10401065	170.99780391
5.85000000	138.88047225	168.08082597	173.85707290	169.52571125	157.12913937	178.89283522	168.95082251	158.79582609	169.96254209	174.79689774	163.22995309	161.39614616	171.12165603	171.01324542
5.85500000	138.67557093	167.86052803	173.89408936	169.52934172	157.11275309	178.90075720	168.95226904	158.78286789	169.96594217	174.78587334	163.24871514	161.39675210	171.13937990	171.02812809
5.86000000	138.47481329	167.64355034	173.93038224	169.53250372	157.09621275	178.90873966	168.95385371	158.76990703	169.96916064	174.77505589	163.26813706	161.39680301	171.15716619	171.04244538
5.86500000	138.27818419	167.43004075	173.96591878	169.53519707	157.07956001	178.91676117	168.95557911	158.75697180	169.97217531	174.76448421	163.28821560	161.39631197	171.17499698	171.05619217
5.87000000	138.08565932	167.22013523	174.00066914	169.53742315	157.06283837	178.92479844	168.95744813	158.74409110	169.97496477	174.75419726	163.30894678	161.39529377	171.19285267	171.06936467
5.87500000	137.89720532	167.01395794	174.03460642	169.53918481	157.04609303	178.93282627	168.95946403	158.73129429	169.97750854	174.74423399	163.33032576	161.39376495	171.21071211	171.08196028
5.88000000	137.71277998	166.81162154	174.06770673	169.54048646	157.02937064	178.94081755	168.96163037	158.71861112	169.97978713	174.73463315	163.35234674	161.39174381	171.22855271	171.09397736
5.88500000	137.53233239	166.61322736	174.09994921	169.54133404	157.01271906	178.94874319	168.96395104	158.70607161	169.98178213	174.72543305	163.37500278	161.38925046	171.24635063	171.10541512
5.89000000	137.35580317	166.41886576	174.13131602	169.54173497	156.99618716	178.95657216	168.96643027	158.69370590	169.98347629	174.71667137	163.39828573	161.38630685	171.26408092	171.11627342
5.89500000	137.18312467	166.22861644	174.16179237	169.54169814	156.97982452	178.96427144	168.96907260	158.68154416	169.98485361	174.70838496	163.42218602	161.38293675	171.28171770	171.12655259
5.90000000	137.01422120	166.04254879	174.19136642	169.54123385	156.96368118	178.97180605	168.97188289	158.66961645	169.98589942	174.70060956	163.44669254	161.37916574	171.29923430	171.13625324
5.90500000	136.84900925	165.86072227	174.22002931	169.54035375	156.94780741	178.97913911	168.97486629	158.65795260	169.98660043	174.69337962	163.47179251	161.37502125	171.31660343	171.14537613
5.91000000	136.68739776	165.68318685	174.24777504	169.53907080	156.93225339	178.98623188	168.97802823	158.64658207	169.98694484	174.68672803	163.49747130	161.37053245	171.33379741	171.15392196
5.91500000	136.52928839	165.50998340	174.27460042	169.53739915	156.91706900	178.99304381	168.98137440	158.63553383	169.98692236	174.68068592	163.52371228	161.36573030	171.35078827	171.16189123
5.92000000	136.37457577	165.34114412	174.30050492	169.53535406	156.90230355	178.99953268	168.98491074	158.62483626	169.98652430	174.67528237	163.55049671	161.36064741	171.36754798	171.16928411
5.92500000	136.22314782	165.17669300	174.32549064	169.53295185	156.88800549	179.00565476	168.98864340	158.61451699	169.98574360	174.67054417	163.57780357	161.35531804	171.38404861	171.17610031
5.93000000	136.07488602	165.01664625	174.34956209	169.53020976	156.87422223	179.01136491	168.99257874	158.60460282	169.98457492	174.66649562	163.60560946	161.34977797	171.40026252	171.18233892
5.93500000	135.92966573	164.86101273	174.37272611	169.52714591	156.86099991	179.01661684	168.99672329	158.59511957	169.98301463	174.66315820	163.63388845	161.34406443	171.41616252	171.18799839
5.94000000	135.78735654	164.70979443	174.39499170	169.52377914	156.84838314	179.02136332	169.00108371	158.58609200	169.98106093	174.66055038	163.66261201	161.33821600	171.43172209	171.19307636
5.94500000	135.64782258	164.56298685	174.41636981	169.52012894	156.83641486	179.02555651	169.00566683	158.57754371	169.97871381	174.65868733	163.69174890	161.33227246	171.44691549	171.19756969
5.95000000	135.51092284	164.42057946	174.43687323	169.51621538	156.82513615	179.02914818	169.01047956	158.56949702	169.97597514	174.65758066	163.72126509	161.32627467	171.46171800	171.20147432
5.95500000	135.37651157	164.28255610	174.45651637	169.51205894	156.81458606	179.03209017	169.01552891	158.56197291	169.97284868	174.65723821	163.75112370	161.32026442	171.47610605	171.20478534
5.96000000	135.24443863	164.14889537	174.47531505	169.50768050	156.80480150	179.03433468	169.02082196	158.55499094	169.96934011	174.65766374	163.78128498	161.31428430	171.49005741	171.20749688
5.96500000	135.11454982	164.01957103	174.49328635	169.50310116	156.79581707	179.03583472	169.02636586	158.54856921	169.96545705	174.65885670	163.81170624	161.30837746	171.50355133	171.20960223
5.97000000	134.98668734	163.89455233	174.51044835	169.49834220	156.78766502	179.03654454	169.03216782	158.54272425	169.96120909	174.66081201	163.84234192	161.30258754	171.51656874	171.21109376
5.97500000	134.86069008	163.77380439	174.52681997	169.49342495	156.78037514	179.03642003	169.03823508	158.53747104	169.95660778	174.66351975	163.87314352	161.29695835	171.52909234	171.21196305
5.98000000	134.73639412	163.65728848	174.54242073	169.48837070	156.77397468	179.03541920	169.04457494	158.53282296	169.95166671	174.66696498	163.90405971	161.29153380	171.54110680	171.21220090
5.98500000	134.61363303	163.54496236	174.55727056	169.48320059	156.76848831	179.03350255	169.05119473	158.52879177	169.94640142	174.67112747	163.93503636	161.28635760	171.55259890	171.21179742
5.99000000	134.49223835	163.43678056	174.57138957	169.47793556	156.76393811	179.03063349	169.05810183	158.52538763	169.94082950	174.67598148	163.96601663	161.28147311	171.56355762	171.21074213
5.99500000	134.37203996	163.33269460	174.58479787	169.47259618	156.76034352	179.02677873	169.06530366	158.52261905	169.93497054	174.68149554	163.99694108	161.27692308	171.57397431	171.20902405
6.00000000	134.25286652	163.23265324	174.59751536	169.46720262	156.75772137	179.02190851	169.07280769	158.52049300	169.92884617	174.68763225	164.02774780	161.27274948	171.58384282	171.20663179
6.00500000	134.13454586	163.13660272	174.60956150	169.46177449	156.75608585	179.01599694	169.08062147	158.51901485	169.92248000	174.69434806	164.05837257	161.26899321	171.59315955	171.20355372
6.01000000	134.01690543	163.04448692	174.62095516	169.45633081	156.75544856	179.00902212	169.08875257	158.51818846	169.91589768	174.70159311	164.08874906	161.26569395	171.60192363	171.19977805
6.01500000	133.89977271	162.95624753	174.63171441	169.45088986	156.75581855	179.00096627	169.09720867	158.51801618	169.90912685	174.70931105	164.11880903	161.26288988	171.61013694	171.19529300
6.02000000	133.78297562	162.87182419	174.64185636	169.44546914	156.75720231	178.99181573	169.10599749	158.51849897	169.90219714	174.71743889	164.14848252	161.26061746	171.61780427	171.19008692
6.02500000	133.66634297	162.79115466	174.65139698	169.44008522	156.75960388	178.98156095	169.11512685	158.51963637	169.89514016	174.72590690	164.17769818	161.25891125	171.62493334	171.18414843
6.03000000	133.54970485	162.71417485	174.66035093	169.43475372	156.76302491	178.97019635	169.12460462	158.52142663	169.88798947	174.73463847	164.20638348	161.25780364	171.63153487	171.17746657
6.03500000	133.43289309	162.64081895	174.66873145	169.42948918	156.76746467	178.95772009	169.13443875	158.52386672	169.88078056	174.74355006	164.23446504	161.25732469	171.63762268	171.17003094
6.04000000	133.31574165	162.57101950	174.67655022	169.42430501	156.77292019	178.94413383	169.14463727	158.52695245	169.87355083	174.75255113	164.26186894	161.25750186	171.64321368	171.16183185
6.04500000	133.19808704	162.50470740	174.68381719	169.41921342	156.77938630	178.92944241	169.15520822	158.53067845	169.86633952	174.76154416	164.28852104	161.25835988	171.64832792	171.15286041
6.05000000	133.07976875	162.44181198	174.69054057	169.41422534	156.78685574	178.91365350	169.16615973	158.53503833	169.85918774	174.77042463	164.31434733	161.25992050	171.65298864	171.14310872
6.05500000	132.96062965	162.38226098	174.69672665	169.40935038	156.79531927	178.89677716	169.17749991	158.54002466	169.85213835	174.77908115	164.33927428	161.26220237	171.65722224	171.13256997
6.06000000	132.84051637	162.32598054	174.70237977	169.40459678	156.80476571	178.87882550	169.18923688	158.54562910	169.84523595	174.78739547	164.36322919	161.26522083	171.66105829	171.12123852
6.06500000	132.71927972	162.27289523	174.70750227	169.39997136	156.81518210	178.85981219	169.20137872	158.55184238	169.83852681	174.79524272	164.38614058	161.26898775	171.66452951	171.10911006
6.07000000	132.59677510	162.22292797	174.71209440	169.39547950	156.82655378	178.83975206	169.21393347	158.55865442	169.83205883	174.80249155	164.40793854	161.27351146	171.66767177	171.09618167
6.07500000	132.47286281	162.17600000	174.71615438	169.39112511	156.83886450	178.81866070	169.22690905	158.56605435	169.82588140	174.80900442	164.42855511	161.27879653	171.67052401	171.08245192
6.08000000	132.34740851	162.13203083	174.71967828	169.38691063	156.85209652	178.79655404	169.24031325	158.57403054	169.82004541	174.81463788	164.44792464	161.28484374	171.67312824	171.06792093
6.08500000	132.22028348	162.09093819	174.72266011	169.38283701	156.86623072	178.77344800	169.25415367	158.58257066	169.81460307	174.81924295	164.46598414	161.29164995	171.67552942	171.05259041
6.09000000	132.09136506	162.05263793	174.72509183	169.37890370	156.88124672	178.74935811	169.26843772	158.59166173	169.80960790	174.82266556	164.48267368	161.29920803	171.67777542	171.03646374
6.09500000	131.96053692	162.01704396	174.72696336	169.37510869	156.89712294	178.72429924	169.28317251	158.60129010	169.80511454	174.82474700	164.49793668	161.30750683	171.67991696	171.01954596
6.10000000	131.82768939	161.98406817	174.72826265	169.37144849	156.91383674	178.69828529	169.29836486	158.61144152	169.80117867	174.82532449	164.51172028	161.31653114	171.68200747	171.00184381
6.10500000	131.69271976	161.95362034	174.72897575	169.36791818	156.93136450	178.67132892	169.31402126	158.62210114	169.79785690	174.82423179	164.52397568	161.32626166	171.68410299	170.98336570
6.11000000	131.55553259	161.92560802	174.72908691	169.36451141	156.94968167	178.64344140	169.33014776	158.63325356	169.79520659	174.82129988	164.53465840	161.33667504	171.68626209	170.96412170
6.11500000	131.41603992	161.89993651	174.72857864	169.36122045	156.96876289	178.61463239	169.34675001	158.64488280	169.79328573	174.81635764	164.54372861	161.34774389	171.68854574	170.94412352
6.12000000	131.27416155	161.87650869	174.72743187	169.35803617	156.98858205	178.58490978	169.36383315	158.65697234	169.79215276	174.80923271	164.55115140	161.35943685	171.69101714	170.92338443
6.12500000	131.12982525	161.85522502	174.72562604	169.35494814	157.00911233	178.55427965	169.38140182	158.66950513	169.79186641	174.79975222	164.55689703	161.37171864	171.69374164	170.90191922
6.13000000	130.98296695	161.83598339	174.72313926	169.35194461	157.03032627	178.52274610	169.39946011	158.68246357	169.79248551	174.78774377	164.56094112	161.38455019	171.69678652	170.87974411
6.13500000	130.83353090	161.81867907	174.71994842	169.34901256	157.05219580	178.49031130	169.41801151	158.69582957	169.79406881	174.77303622	164.56326490	161.39788875	171.70022092	170.85687669
6.14000000	130.68146987	161.80320467	174.71602944	169.34613773	157.07469227	178.45697538	169.43705887	158.70958448	169.79667475	174.75546072	164.56385537	161.41168801	171.70411559	170.83333574
6.14500000	130.52674520	161.78945004	174.71135733	169.34330466	157.09778651	178.42273651	169.45660442	158.72370916	169.80036127	174.73485158	164.56270541	161.42589826	171.70854276	170.80914123
6.15000000	130.36932695	161.77730228	174.70590646	169.34049671	157.12144880	178.38759088	169.47664968	158.73818394	169.80518556	174.71104723	164.55981390	161.44046658	171.71357599	170.78431409
6.15500000	130.20919394	161.76664569	174.69965072	169.33769609	157.14564889	178.35153282	169.49719546	158.75298865	169.81120386	174.68389118	164.55518577	161.45533703	171.71928990	170.75887618
6.16000000	130.04633381	161.75736175	174.69256371	169.33488389	157.17035601	178.31455480	169.51824187	158.76810259	169.81847118	174.65323287	164.54883207	161.47045084	171.72576004	170.73285007
6.16500000	129.88074301	161.74932918	174.68461898	169.33204011	157.19553888	178.27664759	169.53978823	158.78350456	169.82704107	174.61892861	164.54076989	161.48574667	171.73306268	170.70625896
6.17000000	129.71242679	161.74242393	174.67579021	169.32914369	157.22116566	178.23780038	169.56183309	158.79917283	169.83696537	174.58084234	164.53102238	161.50116078	171.74127457	170.67912649
6.17500000	129.54139919	161.73651929	174.66605147	169.32617254	157.24720395	178.19800085	169.58437422	158.81508519	169.84829393	174.53884646	164.51961856	161.51662737	171.75047274	170.65147663
6.18000000	129.36768289	161.73148593	174.65537741	169.32310353	157.27362079	178.15723540	169.60740858	158.83121891	169.86107435	174.49282246	164.50659329	161.53207876	171.76073428	170.62333353
6.18500000	129.19130916	161.72719206	174.64374351	169.31991256	157.30038259	178.11548923	169.63093230	158.84755076	169.87535169	174.44266161	164.49198701	161.54744572	171.77213612	170.59472131
6.19000000	129.01231771	161.72350355	174.63112631	169.31657453	157.32745517	178.07274659	169.65494068	158.86405702	169.89116826	174.38826549	164.47584555	161.56265770	171.78475477	170.56566401
6.19500000	128.83075653	161.72028415	174.61750362	169.31306342	157.35480367	178.02899089	169.67942821	158.88071348	169.90856324	174.32954644	164.45821990	161.57764318	171.79866610	170.53618537
6.20000000	128.64668167	161.71739563	174.60285478	169.30935223	157.38239258	177.98420490	169.70438850	158.89749547	169.92757250	174.26642796	164.43916591	161.59232992	171.81394512	170.50630870
6.20500000	128.46015703	161.71469809	174.58716085	169.30541306	157.41018566	177.93837097	169.72981436	158.91437786	169.94822828	174.19884503	164.41874395	161.60664528	171.83066571	170.47605678
6.21000000	128.27125412	161.71205018	174.57040486	169.30121710	157.43814598	177.89147115	169.75569773	158.93133506	169.97055889	174.12674433	164.39701865	161.62051654	171.84890038	170.44545169
6.21500000	128.08005174	161.70930945	174.55257200	169.29673464	157.46623588	177.84348745	169.78202974	158.94834108	169.99458851	174.05008439	164.37405844	161.63387119	171.86872006	170.41451472
6.22000000	127.88663571	161.70633263	174.53364981	169.29193511	157.49441694	177.79440198	169.80880071	158.96536953	170.02033685	173.96883571	164.34993528	161.64663727	171.89019381	170.38326624
6.22500000	127.69109851	161.70297603	174.51362838	169.28678704	157.52265000	177.74419713	169.83600013	158.98239360	170.04781891	173.88298082	164.32472417	161.65874366	171.91338865	170.35172564
6.23000000	127.49353894	161.69909592	174.49250054	169.28125814	157.55089518	177.69285576	169.86361673	158.99938619	170.07704476	173.79251426	164.29850283	161.67012044	171.93836926	170.31991124
6.23500000	127.29406170	161.69454890	174.47026200	169.27531525	157.57911186	177.64036138	169.89163846	159.01631985	170.10801923	173.69744253	164.27135127	161.68069915	171.96519777	170.28784023
6.24000000	127.09277707	161.68919242	174.44691147	169.26892443	157.60725874	177.58669830	169.92005253	159.03316683	170.14074170	173.59778411	164.24335140	161.69041313	171.99393357	170.25552865
6.24500000	126.88980041	161.68288515	174.42245083	169.26205091	157.63529384	177.53185177	169.94884547	159.04989915	170.17520585	173.49356927	164.21458660	161.69919781	172.02463305	170.22299140
6.25000000	126.68525175	161.67548750	174.39688518	169.25465916	157.66317460	177.47580815	169.97800309	159.06648863	170.21139946	173.38484010	164.18514139	161.70699103	172.05734941	170.19024221
6.25500000	126.47925537	161.66686214	174.37022295	169.24671290	157.69085790	177.41855506	170.00751057	159.08290689	170.24930419	173.27165030	164.15510102	161.71373328	172.09213244	170.15729374
6.26000000	126.27193932	161.65687442	174.34247595	169.23817513	157.71830015	177.36008149	170.03735249	159.09912544	170.28889537	173.15406517	164.12455112	161.71936802	172.12902835	170.12415764
6.26500000	126.06343494	161.64539299	174.31365939	169.22900817	157.74545742	177.30037792	170.06751284	159.11511572	170.33014183	173.03216144	164.09357734	161.72384191	172.16807953	170.09084466
6.27000000	125.85387641	161.63229023	174.28379192	169.21917373	157.77228550	177.23943645	170.09797510	159.13084912	170.37300575	172.90602725	164.06226508	161.72710505	172.20932444	170.05736476
6.27500000	125.64340027	161.61744286	174.25289558	169.20863291	157.79874004	177.17725091	170.12872224	159.14629706	170.41744248	172.77576197	164.03069912	161.72911125	172.25279736	170.02372729
6.28000000	125.43214491	161.60073240	174.22099580	169.19734634	157.82477673	177.11381695	170.15973679	159.16143103	170.46340048	172.64147617	163.99896339	161.72981820	172.29852827	169.98994113
6.28500000	125.22025014	161.58204571	174.18812131	169.18527416	157.85035138	177.04913211	170.19100087	159.17622266	170.51082115	172.50329149	163.96714070	161.72918765	172.34654268	169.95601495
6.29000000	125.00785667	161.56127556	174.15430407	169.17237618	157.87542020	176.98319597	170.22249624	159.19064378	170.55963884	172.36134055	163.93531251	161.72718563	172.39686149	169.92195732
6.29500000	124.79510569	161.53832103	174.11957919	169.15861193	157.89993988	176.91601014	170.25420436	159.20466647	170.60978074	172.21576685	163.90355872	161.72378256	172.44950083	169.88777702
6.30000000	124.58213836	161.51308810	174.08398476	169.14394079	157.92386789	176.84757842	170.28610640	159.21826312	170.66116691	172.06672461	163.87195749	161.71895338	172.50447193	169.85348317
6.30500000	124.36909539	161.48549002	174.04756175	169.12832206	157.94716261	176.77790678	170.31818332	159.23140652	170.71371031	171.91437868	163.84058508	161.71267767	172.56178102	169.81908551
6.31000000	124.15611660	161.45544782	174.01035383	169.11171514	157.96978362	176.70700348	170.35041586	159.24406994	170.76731685	171.75890431	163.80951570	161.70493968	172.62142922	169.78459456
6.31500000	123.94334050	161.42289068	173.97240720	169.09407963	157.99169190	176.63487909	170.38278467	159.25622715	170.82188548	171.60048700	163.77882139	161.69572845	172.68341245	169.75002187
6.32000000	123.73090386	161.38775629	173.93377040	169.07537549	158.01285007	176.56154655	170.41527027	159.26785258	170.87730839	171.43932225	163.74857196	161.68503780	172.74772132	169.71538018
6.32500000	123.51894138	161.34999123	173.89449408	169.05556317	158.03322265	176.48702120	170.44785313	159.27892132	170.93347116	171.27561529	163.71883485	161.67286633	172.81434111	169.68068359
6.33000000	123.30758527	161.30955118	173.85463082	169.03460384	158.05277626	176.41132078	170.48051369	159.28940926	170.99025298	171.10958076	163.68967510	161.65921741	172.88325172	169.64594776
6.33500000	123.09696495	161.26640123	173.81423486	169.01245948	158.07147991	176.33446554	170.51323243	159.29929315	171.04752699	170.94144235	163.66115532	161.64409914	172.95442761	169.61119001
6.34000000	122.88720669	161.22051604	173.77336189	168.98909311	158.08930518	176.25647814	170.54598987	159.30855069	171.10516060	170.77143236	163.63333558	161.62752427	173.02783783	169.57642947
6.34500000	122.67843335	161.17187998	173.73206880	168.96446897	158.10622646	176.17738378	170.57876661	159.31716063	171.16301585	170.59979127	163.60627345	161.60951010	173.10344600	169.54168715
6.35000000	122.47076412	161.12048721	173.69041342	168.93855269	158.12222114	176.09721010	170.61154339	159.32510285	171.22094988	170.42676717	163.58002396	161.59007839	173.18121037	169.50698607
6.35500000	122.26431425	161.06634172	173.64845427	168.91131152	158.13726984	176.01598725	170.64430108	159.33235844	171.27881544	170.25261518	163.55463958	161.56925517	173.26108384	169.47235126
6.36000000	122.05919484	161.00945726	173.60625030	168.88271444	158.15135650	175.93374783	170.67702071	159.33890982	171.33646140	170.07759682	163.53017020	161.54707060	173.34301405	169.43780984
6.36500000	121.85551270	160.94985732	173.56386063	168.85273246	158.16446862	175.85052689	170.70968355	159.34474079	171.39373339	169.90197928	163.50666313	161.52355879	173.42694348	169.40339098
6.37000000	121.65337015	160.88757492	173.52134430	168.82133871	158.17659728	175.76636190	170.74227106	159.34983664	171.45047444	169.72603468	163.48416311	161.49875756	173.51280953	169.36912591
6.37500000	121.45286488	160.82265245	173.47876005	168.78850870	158.18773734	175.68129273	170.77476495	159.35418420	171.50652570	169.55003921	163.46271226	161.47270821	173.60054467	169.33504786
6.38000000	121.25408992	160.75514142	173.43616602	168.75422046	158.19788742	175.59536157	170.80714720	159.35777198	171.56172716	169.37427229	163.44235007	161.44545529	173.69007658	169.30119203
6.38500000	121.05713349	160.68510211	173.39361955	168.71845472	158.20705001	175.50861290	170.83940005	159.36059013	171.61591851	169.19901564	163.42311341	161.41704631	173.78132831	169.26759544
6.39000000	120.86207901	160.61260330	173.35117696	168.68119507	158.21523145	175.42109343	170.87150605	159.36263063	171.66893991	169.02455229	163.40503645	161.38753144	173.87421846	169.23429686
6.39500000	120.66900506	160.53772180	173.30889332	168.64242816	158.22244190	175.33285205	170.90344806	159.36388722	171.72063293	168.85116560	163.38815062	161.35696320	173.96866139	169.20133663
6.40000000	120.47798537	160.46054207	173.26682226	168.60214380	158.22869533	175.24393970	170.93520923	159.36435554	171.77084141	168.67913822	163.37248457	161.32539619	174.06456739	169.16875654
6.40500000	120.28908888	160.38115571	173.22501577	168.56033511	158.23400944	175.15440934	170.96677306	159.36403311	171.81941238	168.50875099	163.35806412	161.29288671	174.16184292	169.13659964
6.41000000	120.10237978	160.29966097	173.18352407	168.51699866	158.23840554	175.06431584	170.99812336	159.36291936	171.86619704	168.34028193	163.34491210	161.25949242	174.26039083	169.10490999
6.41500000	119.91791760	160.21616222	173.14239539	168.47213458	158.24190844	174.97371589	171.02924427	159.36101564	171.91105163	168.17400505	163.33304835	161.22527204	174.36011058	169.07373249
6.42000000	119.73575728	160.13076940	173.10167589	168.42574664	158.24454632	174.88266790	171.06012026	159.35832526	171.95383843	168.01018937	163.32248953	161.19028498	174.46089850	169.04311265
6.42500000	119.55594928	160.04359744	173.06140952	168.37784236	158.24635049	174.79123186	171.09073612	159.35485339	171.99442661	167.84909777	163.31324906	161.15459099	174.56264801	169.01309628
6.43000000	119.37853976	159.95476567	173.02163792	168.32843309	158.24735528	174.69946928	171.12107695	159.35060711	172.03269314	167.69098594	163.30533695	161.11824983	174.66524985	168.98372927
6.43500000	119.20357066	159.86439721	172.98240033	168.27753402	158.24759775	174.60744303	171.15112814	159.34559535	172.06852362	167.53610140	163.29875968	161.08132092	174.76859235	168.95505731
6.44000000	119.03107991	159.77261840	172.94373353	168.22516427	158.24711750	174.51521724	171.18087537	159.33982882	172.10181307	167.38468245	163.29352006	161.04386302	174.87256161	168.92712561
6.44500000	118.86110158	159.67955815	172.90567178	168.17134688	158.24595641	174.42285715	171.21030460	159.33331996	172.13246662	167.23695728	163.28961709	161.00593393	174.97704179	168.89997859
6.45000000	118.69366605	159.58534739	172.86824680	168.11610885	158.24415838	174.33042902	171.23940202	159.32608286	172.16040019	167.09314306	163.28704578	160.96759016	175.08191526	168.87365961
6.45500000	118.52880020	159.49011845	172.83148774	168.05948110	158.24176905	174.23799993	171.26815404	159.31813320	172.18554101	166.95344515	163.28579709	160.92888666	175.18706285	168.84821070
6.46000000	118.36652762	159.39400447	172.79542121	168.00149845	158.23883552	174.14563773	171.29654728	159.30948811	172.20782809	166.81805633	163.28585769	160.88987653	175.29236400	168.82367222
6.46500000	118.20686880	159.29713886	172.76007124	167.94219960	158.23540609	174.05341083	171.32456854	159.30016613	172.22721256	166.68715617	163.28720997	160.85061081	175.39769697	168.80008260
6.47000000	118.04984130	159.19965473	172.72545934	167.88162702	158.23152994	173.96138808	171.35220474	159.29018701	172.24365796	166.56091044	163.28983185	160.81113822	175.50293892	168.77747808
6.47500000	117.89546001	159.10168440	172.69160454	167.81982693	158.22725686	173.86963866	171.37944295	159.27957169	172.25714030	166.43947063	163.29369670	160.77150496	175.60796609	168.75589238
6.48000000	117.74373728	159.00335884	172.65852344	167.75684917	158.22263697	173.77823187	171.40627033	159.26834211	172.26764817	166.32297354	163.29877335	160.73175453	175.71265387	168.73535645
6.48500000	117.59468315	158.90480726	172.62623025	167.69274708	158.21772043	173.68723704	171.43267408	159.25652111	172.27518257	166.21154103	163.30502600	160.69192759	175.81687683	168.71589818
6.49000000	117.44830556	158.80615660	172.59473690	167.62757741	158.21255716	173.59672337	171.45864151	159.24413230	172.27975676	166.10527976	163.31241421	160.65206181	175.92050877	168.69754220
6.49500000	117.30461051	158.70753118	172.56405308	167.56140012	158.20719661	173.50675975	171.48415992	159.23119992	172.28139592	166.00428111	163.32089296	160.61219177	176.02342270	168.68030953
6.50000000	117.16360223	158.60905225	172.53418635	167.49427829	158.20168746	173.41741466	171.50921664	159.21774873	172.28013677	165.90862115	163.33041267	160.57234887	176.12549079	168.66421742
6.50500000	117.02528339	158.51083767	172.50514226	167.42627791	158.19607742	173.32875596	171.53379902	159.20380384	172.27602707	165.81836072	163.34091932	160.53256128	176.22658425	168.64927910
6.51000000	116.88965523	158.41300160	172.47692439	167.35746768	158.19041302	173.24085081	171.55789440	159.18939065	172.26912506	165.73354557	163.35235454	160.49285395	176.32657323	168.63550357
6.51500000	116.75671776	158.31565417	172.44953451	167.28791888	158.18473934	173.15376545	171.58149012	159.17453466	172.25949879	165.65420660	163.36465576	160.45324853	176.42532662	168.62289539
6.52000000	116.62646984	158.21890128	172.42297267	167.21770509	158.17909990	173.06756508	171.60457357	159.15926138	172.24722544	165.58036013	163.37775644	160.41376347	176.52271188	168.61145458
6.52500000	116.49890937	158.12284434	172.39723729	167.14690204	158.17353643	172.98231373	171.62713210	159.14359623	172.23239059	165.51200830	163.39158623	160.37441401	176.61859473	168.60117639
6.53000000	116.37403338	158.02758009	172.37232531	167.07558734	158.16808878	172.89807405	171.64915316	159.12756443	172.21508741	165.44913950	163.40607124	160.33521227	176.71283895	168.59205128
6.53500000	116.25183816	157.93320049	172.34823229	167.00384030	158.16279472	172.81490724	171.67062423	159.11119086	172.19541589	165.39172878	163.42113434	160.29616736	176.80530607	168.58406476
6.54000000	116.13231934	157.83979253	172.32495251	166.93174166	158.15768990	172.73287284	171.69153290	159.09450002	172.17348202	165.33973845	163.43669542	160.25728546	176.89585505	168.57719740
6.54500000	116.01547200	157.74743819	172.30247908	166.85937337	158.15280773	172.65202862	171.71186692	159.07751592	172.14939699	165.29311860	163.45267177	160.21856996	176.98434201	168.57142480
6.55000000	115.90129071	157.65621437	172.28080410	166.78681833	158.14817932	172.57243045	171.73161418	159.06026202	172.12327636	165.25180766	163.46897838	160.18002165	177.07062001	168.56671761
6.55500000	115.78976960	157.56619285	172.25991871	166.71416018	158.14383345	172.49413211	171.75076286	159.04276115	172.09523931	165.21573305	163.48552840	160.14163882	177.15453876	168.56304162
6.56000000	115.68090242	157.47744031	172.23981320	166.64148303	158.13979651	172.41718524	171.76930140	159.02503543	172.06540787	165.18481180	163.50223342	160.10341752	177.23594454	168.56035782
6.56500000	115.57468255	157.39001831	172.22047716	166.56887124	158.13609255	172.34163916	171.78721864	159.00710628	172.03390617	165.15895115	163.51900399	160.06535168	177.31468018	168.55862263
6.57000000	115.47110303	157.30398339	172.20189954	166.49640912	158.13274324	172.26754075	171.80450384	158.98899434	172.00085979	165.13804922	163.53574998	160.02743337	177.39058519	168.55778800
6.57500000	115.37015660	157.21938711	172.18406872	166.42418076	158.12976792	172.19493438	171.82114678	158.97071944	171.96639504	165.12199566	163.55238102	159.98965300	177.46349604	168.55780168
6.58000000	115.27183561	157.13627614	172.16697267	166.35226974	158.12718365	172.12386176	171.83713782	158.95230059	171.93063840	165.11067227	163.56880693	159.95199956	177.53324685	168.55860750
6.58500000	115.17613210	157.05469237	172.15059896	166.28075889	158.12500526	172.05436187	171.85246804	158.93375598	171.89371593	165.10395361	163.58493820	159.91446081	177.59967014	168.56014562
6.59000000	115.08303773	156.97467304	172.13493485	166.20973007	158.12324540	171.98647085	171.86712927	158.91510295	171.85575270	165.10170767	163.60068637	159.87702355	177.66259818	168.56235292
6.59500000	114.99254375	156.89625086	172.11996742	166.13926394	158.12191465	171.92022194	171.88111419	158.89635802	171.81687238	165.10379641	163.61596451	159.83967382	177.72186454	168.56516331
6.60000000	114.90464096	156.81945420	172.10568355	166.06943971	158.12102157	171.85564540	171.89441643	158.87753688	171.77719671	165.11007640	163.63068760	159.80239718	177.77730621	168.56850815
6.60500000	114.81931965	156.74430719	172.09207002	166.00033493	158.12057283	171.79276843	171.90703067	158.85865443	171.73684515	165.12039936	163.64477300	159.76517890	177.82876606	168.57231664
6.61000000	114.73656956	156.67082993	172.07911357	165.93202527	158.12057328	171.73161516	171.91895270	158.83972481	171.69593450	165.13461272	163.65814080	159.72800419	177.87609582	168.57651624
6.61500000	114.65637982	156.59903868	172.06680091	165.86458430	158.12102608	171.67220655	171.93017952	158.82076140	171.65457858	165.15256013	163.67071425	159.69085843	177.91915937	168.58103313
6.62000000	114.57873887	156.52894597	172.05511882	165.79808330	158.12193277	171.61456041	171.94070938	158.80177690	171.61288792	165.17408199	163.68242009	159.65372738	177.95783635	168.58579261
6.62500000	114.50363438	156.46056084	172.04405410	165.73259107	158.12329344	171.55869135	171.95054193	158.78278334	171.57096954	165.19901592	163.69318894	159.61659739	177.99202590	168.59071960
6.63000000	114.43105320	156.39388902	172.03359368	165.66817370	158.12510676	171.50461074	171.95967818	158.76379216	171.52892669	165.22719725	163.70295561	159.57945558	178.02165033	168.59573902
6.63500000	114.36098127	156.32893307	172.02372458	165.60489442	158.12737018	171.45232680	171.96812067	158.74481422	171.48685868	165.25845942	163.71165937	159.54229004	178.04665856	168.60077629
6.64000000	114.29340354	156.26569262	172.01443399	165.54281346	158.13007996	171.40184449	171.97587343	158.72585990	171.44486073	165.29263446	163.71924432	159.50508996	178.06702907	168.60575769
6.64500000	114.22830391	156.20416450	172.00570923	165.48198780	158.13323133	171.35316563	171.98294204	158.70693911	171.40302377	165.32955336	163.72565953	159.46784587	178.08277203	168.61061081
6.65000000	114.16566514	156.14434294	171.99753778	165.42247111	158.13681857	171.30628885	171.98933371	158.68806139	171.36143441	165.36904646	163.73085937	159.43054969	178.09393061	168.61526495
6.65500000	114.10546878	156.08621976	171.98990730	165.36431356	158.14083510	171.26120971	171.99505723	158.66923595	171.32017481	165.41094384	163.73480363	159.39319492	178.10058120	168.61965146
6.66000000	114.04769511	156.02978450	171.98280563	165.30756169	158.14527362	171.21792068	172.00012303	158.65047171	171.27932257	165.45507570	163.73745773	159.35577675	178.10283251	168.62370410
6.66500000	113.99232305	155.97502462	171.97622079	165.25225831	158.15012613	171.17641120	172.00454315	158.63177741	171.23895077	165.50127263	163.73879284	159.31829215	178.10082359	168.62735937
6.67000000	113.93933013	155.92192563	171.97014096	165.19844239	158.15538405	171.13666782	172.00833123	158.61316163	171.19912785	165.54936603	163.73878601	159.28073995	178.09472100	168.63055680
6.67500000	113.88869242	155.87047129	171.96455451	165.14614892	158.16103829	171.09867419	172.01150250	158.59463285	171.15991766	165.59918837	163.73742019	159.24312095	178.08471510	168.63323921
6.68000000	113.84038447	155.82064368	171.95944998	165.09540891	158.16707929	171.06241119	172.01407374	158.57619951	171.12137943	165.65057351	163.73468435	159.20543791	178.07101591	168.63535296
6.68500000	113.79437928	155.77242342	171.95481606	165.04624924	158.17349708	171.02785701	172.01606322	158.55787008	171.08356777	165.70335702	163.73057343	159.16769566	178.05384874	168.63684812
6.69000000	113.75064826	155.72578975	171.95064160	164.99869262	158.18028135	170.99498724	172.01749065	158.53965306	171.04653276	165.75737646	163.72508833	159.12990110	178.03344976	168.63767869
6.69500000	113.70916121	155.68072068	171.94691560	164.95275759	158.18742144	170.96377501	172.01837713	158.52155710	171.01031991	165.81247166	163.71823588	159.09206321	178.01006176	168.63780274
6.70000000	113.66988627	155.63719308	171.94362719	164.90845841	158.19490636	170.93419104	172.01874504	158.50359095	170.97497029	165.86848498	163.71002876	159.05419304	177.98393034	168.63718249
6.70500000	113.63278997	155.59518284	171.94076562	164.86580510	158.20272485	170.90620382	172.01861798	158.48576356	170.94052053	165.92526161	163.70048534	159.01630371	177.95530050	168.63578440
6.71000000	113.59783715	155.55466491	171.93832024	164.82480339	158.21086531	170.87977968	172.01802067	158.46808408	170.90700296	165.98264979	163.68962960	158.97841037	177.92441381	168.63357926
6.71500000	113.56499101	155.51561344	171.93628052	164.78545476	158.21931582	170.85488296	172.01697885	158.45056188	170.87444564	166.04050110	163.67749090	158.94053018	177.89150612	168.63054217
6.72000000	113.53421314	155.47800186	171.93463596	164.74775640	158.22806414	170.83147609	172.01551915	158.43320658	170.84287250	166.09867066	163.66410386	158.90268221	177.85680577	168.62665257
6.72500000	113.50546348	155.44180296	171.93337617	164.71170131	158.23709762	170.80951978	172.01366903	158.41602806	170.81230339	166.15701742	163.64950806	158.86488742	177.82053229	168.62189419
6.73000000	113.47870042	155.40698895	171.93249079	164.67727827	158.24640319	170.78897310	172.01145660	158.39903643	170.78275426	166.21540433	163.63374785	158.82716855	177.78289554	168.61625499
6.73500000	113.45388078	155.37353154	171.93196949	164.64447192	158.25596732	170.76979367	172.00891052	158.38224211	170.75423723	166.27369860	163.61687207	158.78955005	177.74409518	168.60972711
6.74000000	113.43095989	155.34140201	171.93180196	164.61326283	158.26577594	170.75193773	172.00605992	158.36565572	170.72676073	166.33177190	163.59893379	158.75205798	177.70432042	168.60230673
6.74500000	113.40989163	155.31057127	171.93197788	164.58362754	158.27581437	170.73536038	172.00293420	158.34928818	170.70032966	166.38950052	163.57998997	158.71471987	177.66375006	168.59399398
6.75000000	113.39062849	155.28100988	171.93248695	164.55553867	158.28606730	170.72001563	171.99956295	158.33315061	170.67494549	166.44676561	163.56010121	158.67756464	177.62255258	168.58479278
6.75500000	113.37312164	155.25268815	171.93331882	164.52896501	158.29651867	170.70585658	171.99597584	158.31725436	170.65060644	166.50345333	163.53933139	158.64062250	177.58088645	168.57471072
6.76000000	113.35732099	155.22557614	171.93446309	164.50387161	158.30715163	170.69283556	171.99220244	158.30161100	170.62730760	166.55945499	163.51774734	158.60392472	177.53890049	168.56375883
6.76500000	113.34317528	155.19964370	171.93590935	164.48021989	158.31794848	170.68090428	171.98827215	158.28623225	170.60504112	166.61466722	163.49541853	158.56750362	177.49673428	168.55195147
6.77000000	113.33063215	155.17486054	171.93764710	164.45796780	158.32889060	170.67001394	171.98421405	158.27113000	170.58379638	166.66899211	163.47241673	158.53139233	177.45451859	168.53930610
6.77500000	113.31963822	155.15119626	171.93966576	164.43706990	158.33995836	170.66011540	171.98005678	158.25631629	170.56356010	166.72233731	163.44881564	158.49562470	177.41237578	168.52584308
6.78000000	113.31013920	155.12862033	171.94195471	164.41747753	158.35113113	170.65115932	171.97582848	158.24180323	170.54431657	166.77461611	163.42469061	158.46023513	177.37042029	168.51158553
6.78500000	113.30207998	155.10710218	171.94450320	164.39913898	158.36238720	170.64309624	171.97155661	158.22760304	170.52604779	166.82574757	163.40011823	158.42525844	177.32875901	168.49655905
6.79000000	113.29540467	155.08661121	171.94730041	164.38199961	158.37370374	170.63587678	171.96726789	158.21372796	170.50873366	166.87565656	163.37517607	158.39072969	177.28749168	168.48079157
6.79500000	113.29005679	155.06711678	171.95033542	164.36600205	158.38505681	170.62945172	171.96298822	158.20019028	170.49235216	166.92427382	163.34994229	158.35668408	177.24671124	168.46431315
6.80000000	113.28597929	155.04858832	171.95359718	164.35108637	158.39642130	170.62377217	171.95874255	158.18700224	170.47687950	166.97153597	163.32449539	158.32315674	177.20650417	168.44715573
6.80500000	113.28311468	155.03099525	171.95707457	164.33719028	158.40777098	170.61878965	171.95455483	158.17417606	170.46229036	167.01738559	163.29891383	158.29018266	177.16695079	168.42935299
6.81000000	113.28140513	155.01430710	171.96075633	164.32424929	158.41907849	170.61445622	171.95044793	158.16172388	170.44855800	167.06177116	163.27327578	158.25779646	177.12812556	168.41094013
6.81500000	113.28079257	154.99849347	171.96463109	164.31219695	158.43031535	170.61072461	171.94644358	158.14965774	170.43565453	167.10464710	163.24765880	158.22603233	177.09009727	168.39195366
6.82000000	113.28121876	154.98352410	171.96868736	164.30096507	158.44145205	170.60754832	171.94256229	158.13798952	170.42355098	167.14597373	163.22213956	158.19492383	177.05292934	168.37243125
6.82500000	113.28262546	154.96936888	171.97291355	164.29048387	158.45245805	170.60488172	171.93882332	158.12673096	170.41221760	167.18571725	163.19679360	158.16450382	177.01667998	168.35241151
6.83000000	113.28495444	154.95599788	171.97729793	164.28068231	158.46330189	170.60268017	171.93524466	158.11589357	170.40162395	167.22384969	163.17169499	158.13480427	176.98140241	168.33193383
6.83500000	113.28814763	154.94338138	171.98182866	164.27148822	158.47395128	170.60090011	171.93184294	158.10548861	170.39173913	167.26034887	163.14691618	158.10585619	176.94714502	168.31103820
6.84000000	113.29214723	154.93148990	171.98649378	164.26282859	158.48437316	170.59949912	171.92863346	158.09552711	170.38253192	167.29519835	163.12252765	158.07768948	176.91395154	168.28976502
6.84500000	113.29689574	154.92029426	171.99128122	164.25462983	158.49453384	170.59843606	171.92563014	158.08601976	170.37397099	167.32838735	163.09859775	158.05033282	176.88186120	168.26815495
6.85000000	113.30233611	154.90976555	171.99617879	164.24681797	158.50439913	170.59767113	171.92284553	158.07697690	170.36602504	167.35991071	163.07519245	158.02381360	176.85090890	168.24624875
6.85500000	113.30841181	154.89987523	172.00117418	164.23931890	158.51393445	170.59716593	171.92029078	158.06840853	170.35866299	167.38976883	163.05237513	157.99815778	176.82112534	168.22408709
6.86000000	113.31506691	154.89059515	172.00625498	164.23205871	158.52310500	170.59688357	171.91797567	158.06032420	170.35185412	167.41796758	163.03020632	157.97338982	176.79253716	168.20171041
6.86500000	113.32224617	154.88189754	172.01140868	164.22496382	158.53187593	170.59678871	171.91590862	158.05273305	170.34556824	167.44451824	163.00874358	157.94953256	176.76516712	168.17915878
6.87000000	113.32989513	154.87375514	172.01662265	164.21796135	158.54021247	170.59684762	171.91409668	158.04564371	170.33977584	167.46943747	162.98804125	157.92660720	176.73903419	168.15647173
6.87500000	113.33796018	154.86614112	172.02188418	164.21097926	158.54808012	170.59702828	171.91254558	158.03906432	170.33444825	167.49274722	162.96815026	157.90463316	176.71415378	168.13368809
6.88000000	113.34638864	154.85902923	172.02718046	164.20394672	158.55544484	170.59730037	171.91125972	158.03300247	170.32955776	167.51447466	162.94911798	157.88362804	176.69053784	168.11084591
6.88500000	113.35512883	154.85239377	172.03249863	164.19679423	158.56227321	170.59763537	171.91024226	158.02746516	170.32507776	167.53465217	162.93098801	157.86360756	176.66819501	168.08798226
6.89000000	113.36413016	154.84620963	172.03782573	164.18945399	158.56853263	170.59800659	171.90949510	158.02245881	170.32098288	167.55331723	162.91380006	157.84458551	176.64713083	168.06513314
6.89500000	113.37334320	154.84045237	172.04314875	164.18186004	158.57419151	170.59838920	171.90901897	158.01798919	170.31724909	167.57051244	162.89758972	157.82657368	176.62734786	168.04233335
6.90000000	113.38271970	154.83509819	172.04845464	164.17394854	158.57921942	170.59876026	171.90881343	158.01406141	170.31385386	167.58628541	162.88238837	157.80958181	176.60884588	168.01961636
6.90500000	113.39221274	154.83012405	172.05373032	164.16565799	158.58358732	170.59909877	171.90887696	158.01067992	170.31077620	167.60068876	162.86822302	157.79361761	176.59162204	167.99701424
6.91000000	113.40177672	154.82550761	172.05896271	164.15692941	158.58726771	170.59938565	171.90920700	158.00784844	170.30799680	167.61378006	162.85511614	157.77868666	176.57567106	167.97455749
6.91500000	113.41136744	154.82122735	172.06413871	164.14770661	158.59023479	170.59960383	171.90980000	158.00556996	170.30549812	167.62562177	162.84308558	157.76479245	176.56098538	167.95227502
6.92000000	113.42094220	154.81726252	172.06924528	164.13793633	158.59246466	170.59973817	171.91065147	158.00384675	170.30326445	167.63628123	162.83214442	157.75193633	176.54755538	167.93019403
6.92500000	113.43045980	154.81359323	172.07426943	164.12756843	158.59393543	170.59977557	171.91175608	158.00268029	170.30128200	167.64583059	162.82230086	157.74011751	176.53536951	167.90833991
6.93000000	113.43988063	154.81020046	172.07919826	164.11655609	158.59462743	170.59970487	171.91310771	158.00207130	170.29953895	167.65434676	162.81355816	157.72933307	176.52441452	167.88673621
6.93500000	113.44916672	154.80706607	172.08401898	164.10485593	158.59452326	170.59951693	171.91469948	158.00201973	170.29802549	167.66191132	162.80591452	157.71957797	176.51467565	167.86540455
6.94000000	113.45828178	154.80417284	172.08871895	164.09242817	158.59360801	170.59920459	171.91652390	158.00252473	170.29673389	167.66861050	162.79936304	157.71084508	176.50613674	167.84436457
6.94500000	113.46719129	154.80150446	172.09328573	164.07923674	158.59186929	170.59876264	171.91857284	158.00358463	170.29565853	167.67453505	162.79389166	157.70312517	176.49878051	167.82363388
6.95000000	113.47586249	154.79904559	172.09770710	164.06524942	158.58929736	170.59818785	171.92083771	158.00519699	170.29479588	167.67978017	162.78948312	157.69640696	176.49258865	167.80322803
6.95500000	113.48426449	154.79678184	172.10197110	164.05043790	158.58588523	170.59747890	171.92330944	158.00735857	170.29414456	167.68444536	162.78611495	157.69067718	176.48754205	167.78316047
6.96000000	113.49236829	154.79469979	172.10606610	164.03477789	158.58162868	170.59663637	171.92597863	158.01006534	170.29370529	167.68863434	162.78375949	157.68592060	176.48362093	167.76344252
6.96500000	113.50014684	154.79278699	172.10998080	164.01824914	158.57652634	170.59566271	171.92883556	158.01331248	170.29348092	167.69245483	162.78238388	157.68212008	176.48080505	167.74408335
6.97000000	113.50757507	154.79103197	172.11370433	164.00083555	158.57057973	170.59456223	171.93187035	158.01709441	170.29347637	167.69601842	162.78195015	157.67925664	176.47907379	167.72508998
6.97500000	113.51462999	154.78942424	172.11722625	163.98252513	158.56379324	170.59334100	171.93507293	158.02140478	170.29369863	167.69944035	162.78241529	157.67730955	176.47840638	167.70646726
6.98000000	113.52129069	154.78795426	172.12053661	163.96331006	158.55617416	170.59200685	171.93843321	158.02623652	170.29415666	167.70283929	162.78373131	157.67625635	176.47878197	167.68821789
6.98500000	113.52753839	154.78661344	172.12362603	163.94318668	158.54773265	170.59056930	171.94194110	158.03158184	170.29486140	167.70633709	162.78584539	157.67607300	176.48017979	167.67034241
6.99000000	113.53335655	154.78539414	172.12648567	163.92215547	158.53848170	170.58903950	171.94558662	158.03743224	170.29582564	167.71005847	162.78870004	157.67673393	176.48257926	167.65283924
6.99500000	113.53873085	154.78428963	172.12910738	163.90022104	158.52843710	170.58743018	171.94935994	158.04377858	170.29706395	167.71413075	162.79223326	157.67821215	176.48596007	167.63570467
7.00000000	113.54364929	154.78329408	172.13148364	163.87739207	158.51761734	170.58575559	171.95325145	158.05061108	170.29859261	167.71868350	162.79637872	157.68047933	176.49030228	167.61893294
7.00500000	113.54810224	154.78240250	172.13360766	163.85368128	158.50604356	170.58403142	171.95725188	158.05791933	170.30042949	167.72384816	162.80106602	157.68350595	176.49558640	167.60251621
7.01000000	113.55208245	154.78161075	172.13547341	163.82910536	158.49373946	170.58227472	171.96135227	158.06569240	170.30259394	167.72975766	162.80622095	157.68726135	176.50179343	167.58644467
7.01500000	113.55558516	154.78091547	172.13707563	163.80368489	158.48073117	170.58050384	171.96554414	158.07391877	170.30510667	167.73654601	162.81176570	157.69171392	176.50890488	167.57070656
7.02000000	113.55860812	154.78031405	172.13840990	163.77744430	158.46704713	170.57873834	171.96981945	158.08258647	170.30798960	167.74434780	162.81761924	157.69683114	176.51690282	167.55528825
7.02500000	113.56115168	154.77980458	172.13947261	163.75041176	158.45271799	170.57699891	171.97417073	158.09168305	170.31126573	167.75329782	162.82369760	157.70257978	176.52576985	167.54017430
7.03000000	113.56321877	154.77938582	172.14026106	163.72261906	158.43777648	170.57530727	171.97859106	158.10119565	170.31495900	167.76353046	162.82991421	157.70892597	176.53548911	167.52534752
7.03500000	113.56481506	154.77905713	172.14077339	163.69410160	158.42225720	170.57368611	171.98307417	158.11111102	170.31909411	167.77517926	162.83618028	157.71583538	176.54604418	167.51078909
7.04000000	113.56594891	154.77881844	172.14100867	163.66489819	158.40619655	170.57215896	171.98761444	158.12141560	170.32369639	167.78837634	162.84240521	157.72327331	176.55741909	167.49647865
7.04500000	113.56663150	154.77867018	172.14096685	163.63505103	158.38963251	170.57075011	171.99220695	158.13209553	170.32879159	167.80325187	162.84849692	157.73120483	176.56959817	167.48239439
7.05000000	113.56687684	154.77861322	172.14064879	163.60460552	158.37260449	170.56948453	171.99684752	158.14313669	170.33440571	167.81993345	162.85436235	157.73959497	176.58256597	167.46851315
7.05500000	113.56670183	154.77864886	172.14005628	163.57361021	158.35515316	170.56838774	172.00153269	158.15452479	170.34056486	167.83854555	162.85990783	157.74840878	176.59630713	167.45481059
7.06000000	113.56612632	154.77877873	172.13919198	163.54211667	158.33732031	170.56748573	172.00625977	158.16624534	170.34729503	167.85920893	162.86503956	157.75761152	176.61080624	167.44126127
7.06500000	113.56517313	154.77900476	172.13805946	163.51017935	158.31914858	170.56680485	172.01102683	158.17828378	170.35462192	167.88204001	162.86966404	157.76716878	176.62604765	167.42783879
7.07000000	113.56386811	154.77932911	172.13666316	163.47785547	158.30068139	170.56637170	172.01583271	158.19062545	170.36257078	167.90715028	162.87368858	157.77704663	176.64201528	167.41451598
7.07500000	113.56224019	154.77975416	172.13500835	163.44520489	158.28196265	170.56621305	172.02067702	158.20325569	170.37116618	167.93464566	162.87702170	157.78721173	176.65869243	167.40126497
7.08000000	113.56032138	154.78028242	172.13310118	163.41228999	158.26303665	170.56635573	172.02556012	158.21615985	170.38043184	167.96462596	162.87957366	157.79763148	176.67606152	167.38805742
7.08500000	113.55814682	154.78091651	172.13094855	163.37917555	158.24394784	170.56682649	172.03048310	158.22932334	170.39039047	167.99718424	162.88125693	157.80827414	176.69410388	167.37486463
7.09000000	113.55575482	154.78165913	172.12855818	163.34592859	158.22474062	170.56765195	172.03544776	158.24273170	170.40106355	168.03240624	162.88198664	157.81910899	176.71279945	167.36165774
7.09500000	113.55318686	154.78251299	172.12593850	163.31261826	158.20545920	170.56885849	172.04045659	158.25637059	170.41247117	168.07036981	162.88168107	157.83010638	176.73212655	167.34840787
7.10000000	113.55048761	154.78348080	172.12309865	163.27931566	158.18614737	170.57047213	172.04551273	158.27022588	170.42463187	168.11114439	162.88026212	157.84123794	176.75206154	167.33508630
7.10500000	113.54770493	154.78456524	172.12004845	163.24609377	158.16684830	170.57251844	172.05061989	158.28428365	170.43756244	168.15479047	162.87765577	157.85247659	176.77257858	167.32166468
7.11000000	113.54488986	154.78576895	172.11679833	163.21302725	158.14760439	170.57502247	172.05578236	158.29853027	170.45127782	168.20135907	162.87379251	157.86379676	176.79364927	167.30811516
7.11500000	113.54209667	154.78709447	172.11335930	163.18019229	158.12845709	170.57800864	172.06100491	158.31295235	170.46579088	168.25089136	162.86860778	157.87517438	176.81524240	167.29441062
7.12000000	113.53938277	154.78854427	172.10974293	163.14766649	158.10944664	170.58150065	172.06629275	158.32753688	170.48111234	168.30341815	162.86204242	157.88658706	176.83732359	167.28052481
7.12500000	113.53680872	154.79012072	172.10596127	163.11552870	158.09061198	170.58552144	172.07165145	158.34227113	170.49725061	168.35895955	162.85404298	157.89801413	176.85985503	167.26643258
7.13000000	113.53443822	154.79182612	172.10202682	163.08385885	158.07199050	170.59009305	172.07708685	158.35714278	170.51421168	168.41752465	162.84456221	157.90943675	176.88279518	167.25211007
7.13500000	113.53233803	154.79366266	172.09795252	163.05273778	158.05361790	170.59523658	172.08260502	158.37213985	170.53199903	168.47911117	162.83355930	157.92083794	176.90609847	167.23753484
7.14000000	113.53057796	154.79563246	172.09375165	163.02224709	158.03552802	170.60097216	172.08821215	158.38725078	170.55061353	168.54370524	162.82100029	157.93220270	176.92971508	167.22268616
7.14500000	113.52923077	154.79773758	172.08943783	162.99246899	158.01775265	170.60731880	172.09391445	158.40246435	170.57005337	168.61128122	162.80685831	157.94351804	176.95359067	167.20754510
7.15000000	113.52837213	154.79998005	172.08502497	162.96348608	158.00032138	170.61429441	172.09971808	158.41776975	170.59031400	168.68180155	162.79111391	157.95477302	176.97766622	167.19209479
7.15500000	113.52808054	154.80236190	172.08052724	162.93538121	157.98326146	170.62191572	172.10562904	158.43315656	170.61138808	168.75521664	162.77375521	157.96595882	177.00187787	167.17632055
7.16000000	113.52843724	154.80488517	172.07595900	162.90823727	157.96659762	170.63019822	172.11165307	158.44861469	170.63326551	168.83146490	162.75477819	157.97706875	177.02615679	167.16021011
7.16500000	113.52952610	154.80755202	172.07133484	162.88213704	157.95035197	170.63915612	172.11779554	158.46413442	170.65593333	168.91047273	162.73418683	157.98809827	177.05042921	167.14375377
7.17000000	113.53143354	154.81036469	172.06666947	162.85716299	157.93454383	170.64880236	172.12406136	158.47970632	170.67937585	168.99215463	162.71199323	157.99904503	177.07461636	167.12694451
7.17500000	113.53424839	154.81332562	172.06197774	162.83339706	157.91918962	170.65914849	172.13045489	158.49532129	170.70357457	169.07641337	162.68821772	158.00990886	177.09863466	167.10977824
7.18000000	113.53806177	154.81643747	172.05727461	162.81092054	157.90430278	170.67020472	172.13697978	158.51097045	170.72850832	169.16314021	162.66288896	158.02069175	177.12239588	167.09225384
7.18500000	113.54296697	154.81970323	172.05257512	162.78981381	157.88989362	170.68197987	172.14363894	158.52664516	170.75415328	169.25221520	162.63604392	158.03139786	177.14580742	167.07437334
7.19000000	113.54905927	154.82312624	172.04789438	162.77015618	157.87596929	170.69448131	172.15043440	158.54233696	170.78048309	169.34350754	162.60772791	158.04203351	177.16877275	167.05614203
7.19500000	113.55643583	154.82671025	172.04324755	162.75202570	157.86253367	170.70771503	172.15736721	158.55803756	170.80746896	169.43687597	162.57799450	158.05260711	177.19119192	167.03756852
7.20000000	113.56519550	154.83045956	172.03864984	162.73549896	157.84958737	170.72168555	172.16443739	158.57373874	170.83507981	169.53216932	162.54690548	158.06312912	177.21296219	167.01866485
7.20500000	113.57543865	154.83437904	172.03411649	162.72065094	157.83712764	170.73639594	172.17164381	158.58943238	170.86328236	169.62922704	162.51453068	158.07361204	177.23397880	166.99944653
7.21000000	113.58726703	154.83847419	172.02966276	162.70755478	157.82514840	170.75184783	172.17898413	158.60511036	170.89204138	169.72787980	162.48094787	158.08407031	177.25413585	166.97993256
7.21500000	113.60078353	154.84275127	172.02530396	162.69628163	157.81364025	170.76804139	172.18645472	158.62076459	170.92131980	169.82795023	162.44624254	158.09452024	177.27332734	166.96014549
7.22000000	113.61609203	154.84721733	172.02105539	162.68690046	157.80259049	170.78497532	172.19405063	158.63638694	170.95107894	169.92925365	162.41050764	158.10497996	177.29144827	166.94011134
7.22500000	113.63329719	154.85188029	172.01693240	162.67947793	157.79198319	170.80264690	172.20176548	158.65196920	170.98127871	170.03159888	162.37384335	158.11546930	177.30839590	166.91985965
7.23000000	113.65250428	154.85674901	172.01295039	162.67407819	157.78179927	170.82105193	172.20959150	158.66750311	171.01187784	170.13478914	162.33635673	158.12600970	177.32407108	166.89942337
7.23500000	113.67381893	154.86183335	172.00912476	162.67076274	157.77201660	170.84018480	172.21751943	158.68298030	171.04283409	170.23862300	162.29816141	158.13662410	177.33837962	166.87883879
7.24000000	113.69734693	154.86714423	172.00547100	162.66959029	157.76261017	170.86003846	172.22553854	158.69839229	171.07410454	170.34289532	162.25937717	158.14733682	177.35123377	166.85814547
7.24500000	113.72319407	154.87269371	172.00200463	162.67061663	157.75355219	170.88060445	172.23363660	158.71373052	171.10564578	170.44739835	162.22012956	158.15817346	177.36255365	166.83738607
7.25000000	113.75146588	154.87849496	171.99874125	162.67389445	157.74481232	170.90187294	172.24179988	158.72898627	171.13741423	170.55192280	162.18054943	158.16916073	177.37226868	166.81660625
7.25500000	113.78226742	154.88456241	171.99569655	162.67947327	157.73635786	170.92383267	172.25001318	158.74415078	171.16936633	170.65625895	162.14077244	158.18032632	177.38031895	166.79585445
7.26000000	113.81570307	154.89091169	171.99288630	162.68739931	157.72815397	170.94647109	172.25825980	158.75921516	171.20145887	170.76019782	162.10093856	158.19169876	177.38665646	166.77518173
7.26500000	113.85187635	154.89755971	171.99032640	162.69771534	157.72016393	170.96977427	172.26652164	158.77417046	171.23364918	170.86353234	162.06119152	158.20330725	177.39124630	166.75464153
7.27000000	113.89088964	154.90452466	171.98803287	162.71046062	157.71234937	170.99372701	172.27477917	158.78900769	171.26589543	170.96605858	162.02167829	158.21518149	177.39406750	166.73428944
7.27500000	113.93284401	154.91182605	171.98602187	162.72567075	157.70467059	171.01831281	172.28301150	158.80371783	171.29815686	171.06757686	161.98254840	158.22735152	177.39511384	166.71418293
7.28000000	113.97783901	154.91948467	171.98430969	162.74337762	157.69708683	171.04351396	172.29119646	158.81829189	171.33039399	171.16789301	161.94395345	158.23984753	177.39439429	166.69438109
7.28500000	114.02597243	154.92752264	171.98291280	162.76360931	157.68955655	171.06931153	172.29931058	158.83272088	171.36256889	171.26681946	161.90604641	158.25269966	177.39193324	166.67494435
7.29000000	114.07734010	154.93596336	171.98184786	162.78638994	157.68203777	171.09568545	172.30732926	158.84699592	171.39464535	171.36417638	161.86898101	158.26593786	177.38777048	166.65593411
7.29500000	114.13203569	154.94483152	171.98113170	162.81173969	157.67448835	171.12261451	172.31522672	158.86110822	171.42658908	171.45979271	161.83291113	158.27959161	177.38196087	166.63741251
7.30000000	114.19015049	154.95415309	171.98078134	162.83967461	157.66686635	171.15007648	172.32297618	158.87504914	171.45836789	171.55350719	161.79799011	158.29368981	177.37457377	166.61944203
7.30500000	114.25177323	154.96395526	171.98081400	162.87020660	157.65913030	171.17804806	172.33054987	158.88881020	171.48995184	171.64516917	161.76437013	158.30826051	177.36569225	166.60208523
7.31000000	114.31698985	154.97426644	171.98124711	162.90334335	157.65123950	171.20650506	172.33791913	158.90238313	171.52131337	171.73463947	161.73220160	158.32333073	177.35541206	166.58540435
7.31500000	114.38588333	154.98511623	171.98209829	162.93908821	157.64315438	171.23542235	172.34505447	158.91575989	171.55242737	171.82179103	161.70163244	158.33892626	177.34384041	166.56946106
7.32000000	114.45853347	154.99653534	171.98338539	162.97744014	157.63483676	171.26477400	172.35192570	158.92893270	171.58327133	171.90650942	161.67280755	158.35507146	177.33109465	166.55431605
7.32500000	114.53501675	155.00855560	171.98512641	163.01839368	157.62625014	171.29453330	172.35850195	158.94189403	171.61382531	171.98869326	161.64586812	158.37178902	177.31730080	166.54002879
7.33000000	114.61540609	155.02120985	171.98733959	163.06193884	157.61735998	171.32467288	172.36475182	158.95463667	171.64407205	172.06825444	161.62095108	158.38909983	177.30259199	166.52665719
7.33500000	114.69977073	155.03453197	171.99004331	163.10806104	157.60813395	171.35516473	172.37064343	158.96715366	171.67399690	172.14511823	161.59818849	158.40702272	177.28710695	166.51425728
7.34000000	114.78817602	155.04855677	171.99325611	163.15674110	157.59854218	171.38598035	172.37614449	158.97943839	171.70358785	172.21922311	161.57770701	158.42557430	177.27098844	166.50288299
7.34500000	114.88068330	155.06331995	171.99699670	163.20795514	157.58855750	171.41709074	172.38122244	158.99148451	171.73283546	172.29052060	161.55962736	158.44476881	177.25438170	166.49258585
7.35000000	114.97734970	155.07885805	172.00128387	163.26167459	157.57815560	171.44846659	172.38584450	159.00328600	171.76173275	172.35897476	161.54406378	158.46461790	177.23743300	166.48341475
7.35500000	115.07822807	155.09520842	172.00613653	163.31786610	157.56731528	171.48007826	172.38997778	159.01483709	171.79027519	172.42456165	161.53112363	158.48513053	177.22028824	166.47541573
7.36000000	115.18336675	155.11240914	172.01157362	163.37649154	157.55601853	171.51189598	172.39358937	159.02613232	171.81846049	172.48726857	161.52090684	158.50631278	177.20309166	166.46863177
7.36500000	115.29280956	155.13049895	172.01761412	163.43750800	157.54425076	171.54388985	172.39664641	159.03716648	171.84628852	172.54709318	161.51350558	158.52816776	177.18598461	166.46310265
7.37000000	115.40659561	155.14951727	172.02427698	163.50086776	157.53200083	171.57602998	172.39911622	159.04793462	171.87376112	172.60404251	161.50900385	158.55069548	177.16910451	166.45886474
7.37500000	115.52475923	155.16950407	172.03158111	163.56651828	157.51926121	171.60828657	172.40096640	159.05843200	171.90088197	172.65813186	161.50747712	158.57389275	177.15258381	166.45595095
7.38000000	115.64732990	155.19049989	172.03954528	163.63440227	157.50602800	171.64063001	172.40216488	159.06865411	171.92765636	172.70938363	161.50899202	158.59775312	177.13654921	166.45439056
7.38500000	115.77433216	155.21254578	172.04818811	163.70445766	157.49230100	171.67303100	172.40268008	159.07859664	171.95409103	172.75782608	161.51360608	158.62226682	177.12112081	166.45420920
7.39000000	115.90578559	155.23568325	172.05752803	163.77661768	157.47808373	171.70546058	172.40248095	159.08825543	171.98019395	172.80349206	161.52136747	158.64742069	177.10641156	166.45542878
7.39500000	116.04170473	155.25995425	172.06758315	163.85081094	157.46338340	171.73789030	172.40153713	159.09762651	172.00597411	172.84641776	161.53231483	158.67319822	177.09252666	166.45806749
7.40000000	116.18209908	155.28540117	172.07837127	163.92696142	157.44821093	171.77029225	172.39981903	159.10670605	172.03144134	172.88664145	161.54647704	158.69957949	177.07956311	166.46213976
7.40500000	116.32697310	155.31206680	172.08990981	164.00498869	157.43258087	171.80263919	172.39729793	159.11549035	172.05660607	172.92420232	161.56387312	158.72654123	177.06760938	166.46765634
7.41000000	116.47632620	155.33999433	172.10221570	164.08480789	157.41651134	171.83490461	172.39394608	159.12397582	172.08147914	172.95913932	161.58451216	158.75405687	177.05674515	166.47462429
7.41500000	116.63015279	155.36922738	172.11530535	164.16632997	157.40002395	171.86706285	172.38973685	159.13215899	172.10607161	172.99149016	161.60839320	158.78209656	177.04704105	166.48304712
7.42000000	116.78844230	155.39980997	172.12919457	164.24946176	157.38314366	171.89908914	172.38464478	159.14003651	172.13039456	173.02129044	161.63550522	158.81062729	177.03855859	166.49292480
7.42500000	116.95117926	155.43178661	172.14389850	164.33410617	157.36589870	171.93095969	172.37864571	159.14760509	172.15445889	173.04857283	161.66582719	158.83961299	177.03135007	166.50425389
7.43000000	117.11834334	155.46520226	172.15943155	164.42016237	157.34832038	171.96265176	172.37171692	159.15486157	172.17827519	173.07336653	161.69932806	158.86901463	177.02545857	166.51702769
7.43500000	117.28990950	155.50010248	172.17580732	164.50752601	157.33044297	171.99414375	172.36383719	159.16180286	172.20185357	173.09569680	161.73596684	158.89879039	177.02091801	166.53123630
7.44000000	117.46584805	155.53653342	172.19303851	164.59608940	157.31230347	172.02541520	172.35498691	159.16842600	172.22520352	173.11558473	161.77569275	158.92889580	177.01775322	166.54686683
7.44500000	117.64612478	155.57454192	172.21113689	164.68574181	157.29394148	172.05644689	172.34514822	159.17472809	172.24833379	173.13304712	161.81844534	158.95928390	177.01598013	166.56390346
7.45000000	117.83070111	155.61417564	172.23011324	164.77636967	157.27539894	172.08722089	172.33430510	159.18070636	172.27125228	173.14809662	161.86415466	158.98990548	177.01560586	166.58232768
7.45500000	118.01953425	155.65548315	172.24997720	164.86785690	157.25671996	172.11772055	172.32244343	159.18635816	172.29396599	173.16074204	161.91274152	159.02070923	177.01662902	166.60211838
7.46000000	118.21257732	155.69851404	172.27073732	164.96008518	157.23795057	172.14793056	172.30955115	159.19168095	172.31648092	173.17098877	161.96411767	159.05164197	177.01903990	166.62325202
7.46500000	118.40977957	155.74331910	172.29240091	165.05293426	157.21913847	172.17783699	172.29561830	159.19667237	172.33880203	173.17883945	162.01818615	159.08264891	177.02282075	166.64570280
7.47000000	118.61108655	155.78995044	172.31497402	165.14628228	157.20033284	172.20742728	172.28063716	159.20133017	172.36093324	173.18429470	162.07484153	159.11367384	177.02794614	166.66944280
7.47500000	118.81644030	155.83846172	172.33846138	165.24000611	157.18158402	172.23669024	172.26460229	159.20565230	172.38287738	173.18735410	162.13397032	159.14465941	177.03438319	166.69444213
7.48000000	119.02577954	155.88890824	172.36286634	165.33398170	157.16294333	172.26561607	172.24751063	159.20963689	172.40463625	173.18801716	162.19545129	159.17554739	177.04209202	166.72066909
7.48500000	119.23903992	155.94134723	172.38819082	165.42808441	157.14446275	172.29419634	172.22936159	159.21328229	172.42621062	173.18628446	162.25915589	159.20627890	177.05102605	166.74809031
7.49000000	119.45615420	155.99583801	172.41443528	165.52218940	157.12619469	172.32242398	172.21015708	159.21658707	172.44760029	173.18215882	162.32494867	159.23679469	177.06113243	166.77667089
7.49500000	119.67705251	156.05244221	172.44159867	165.61617199	157.10819175	172.35029326	172.18990161	159.21955005	172.46880411	173.17564652	162.39268771	159.26703543	177.07235247	166.80637450
7.50000000	119.90166252	156.11122399	172.46967839	165.70990798	157.09050643	172.37779974	172.16860232	159.22217034	172.48982012	173.16675851	162.46222511	159.29694193	177.08462199	166.83716356
7.50500000	120.12990974	156.17225028	172.49867026	165.80327408	157.07319087	172.40494025	172.14626902	159.22444731	172.51064558	173.15551161	162.53340749	159.32645548	177.09787186	166.86899929
7.51000000	120.36171769	156.23559100	172.52856853	165.89614823	157.05629662	172.43171284	172.12291426	159.22638066	172.53127709	173.14192966	162.60607645	159.35551803	177.11202836	166.90184186
7.51500000	120.59700819	156.30131930	172.55936578	165.98840996	157.03987441	172.45811672	172.09855330	159.22797043	172.55171069	173.12604461	162.68006913	159.38407255	177.12701370	166.93565048
7.52000000	120.83570156	156.36951175	172.59105301	166.07994076	157.02397383	172.48415225	172.07320415	159.22921698	172.57194196	173.10789747	162.75521876	159.41206320	177.14274646	166.97038344
7.52500000	121.07771688	156.44024862	172.62361955	166.17062441	157.00864321	172.50982080	172.04688760	159.23012106	172.59196613	173.08753919	162.83135517	159.43943565	177.15914211	167.00599827
7.53000000	121.32297222	156.51361402	172.65705311	166.26034732	156.99392929	172.53512476	172.01962716	159.23068383	172.61177822	173.06503133	162.90830535	159.46613730	177.17611339	167.04245171
7.53500000	121.57138486	156.58969617	172.69133972	166.34899886	156.97987709	172.56006743	171.99144908	159.23090680	172.63137312	173.04044661	162.98589404	159.49211751	177.19357091	167.07969982
7.54000000	121.82287157	156.66858752	172.72646383	166.43647164	156.96652963	172.58465296	171.96238230	159.23079195	172.65074573	173.01386931	163.06394430	159.51732787	177.21142352	167.11769802
7.54500000	122.07734880	156.75038497	172.76240823	166.52266187	156.95392782	172.60888625	171.93245842	159.23034167	172.66989105	172.98539545	163.14227803	159.54172233	177.22957888	167.15640111
7.55000000	122.33473292	156.83518999	172.79915413	166.60746957	156.94211024	172.63277292	171.90171162	159.22955881	172.68880429	172.95513278	163.22071659	159.56525750	177.24794383	167.19576326
7.55500000	122.59494048	156.92310874	172.83668116	166.69079889	156.93111296	172.65631919	171.87017863	159.22844668	172.70748097	172.92320065	163.29908133	159.58789276	177.26642493	167.23573810
7.56000000	122.85788839	157.01425219	172.87496741	166.77255834	156.92096946	172.67953183	171.83789864	159.22700905	172.72591699	172.88972963	163.37719418	159.60959049	177.28492889	167.27627867
7.56500000	123.12349413	157.10873619	172.91398944	166.85266103	156.91171044	172.70241803	171.80491317	159.22525019	172.74410872	172.85486101	163.45487818	159.63031618	177.30336299	167.31733741
7.57000000	123.39167602	157.20668149	172.95372234	166.93102489	156.90336373	172.72498539	171.77126606	159.22317485	172.76205306	172.81874612	163.53195802	159.65003861	177.32163554	167.35886620
7.57500000	123.66235333	157.30821374	172.99413975	167.00757288	156.89595421	172.74724177	171.73700327	159.22078831	172.77974751	172.78154552	163.60826057	159.66872994	177.33965628	167.40081632
7.58000000	123.93544655	157.41346353	173.03521391	167.08223314	156.88950372	172.76919525	171.70217284	159.21809631	172.79719014	172.74342807	163.68361539	159.68636584	177.35733680	167.44313844
7.58500000	124.21087749	157.52256625	173.07691573	167.15493920	156.88403097	172.79085406	171.66682471	159.21510516	172.81437972	172.70456988	163.75785526	159.70292556	177.37459092	167.48578263
7.59000000	124.48856952	157.63566202	173.11921479	167.22563009	156.87955154	172.81222647	171.63101060	159.21182166	172.83131562	172.66515316	163.83081660	159.71839202	177.39133507	167.52869834
7.59500000	124.76844765	157.75289557	173.16207944	167.29425049	156.87607783	172.83332075	171.59478391	159.20825315	172.84799789	172.62536505	163.90233997	159.73275186	177.40748862	167.57183439
7.60000000	125.05043872	157.87441603	173.20547682	167.36075080	156.87361907	172.85414509	171.55819952	159.20440753	172.86442719	172.58539638	163.97227052	159.74599547	177.42297427	167.61513897
7.60500000	125.33447150	158.00037668	173.24937294	167.42508730	156.87218127	172.87470752	171.52131366	159.20029322	172.88060475	172.54544034	164.04045835	159.75811698	177.43771832	167.65855971
7.61000000	125.62047679	158.13093475	173.29373273	167.48722215	156.87176728	172.89501587	171.48418374	159.19591920	172.89653237	172.50569126	164.10675898	159.76911435	177.45165101	167.70204363
7.61500000	125.90838750	158.26625104	173.33852011	167.54712347	156.87237684	172.91507771	171.44686821	159.19129501	172.91221230	172.46634330	164.17103365	159.77898926	177.46470677	167.74553721
7.62000000	126.19813874	158.40648957	173.38369803	167.60476539	156.87400658	172.93490026	171.40942636	159.18643077	172.92764720	172.42758919	164.23314972	159.78774714	177.47682452	167.78898643
7.62500000	126.48966786	158.55181718	173.42922859	167.66012802	156.87665008	172.95449041	171.37191817	159.18133713	172.94284005	172.38961901	164.29298098	159.79539712	177.48794785	167.83233685
7.63000000	126.78291449	158.70240306	173.47507306	167.71319747	156.88029798	172.97385461	171.33440409	159.17602535	172.95779403	172.35261902	164.35040791	159.80195194	177.49802531	167.87553368
7.63500000	127.07782051	158.85841824	173.52119199	167.76396583	156.88493804	172.99299886	171.29694490	159.17050722	172.97251244	172.31677053	164.40531801	159.80742794	177.50701053	167.91852184
7.64000000	127.37433012	159.02003504	173.56754526	167.81243109	156.89055521	173.01192869	171.25960152	159.16479511	172.98699859	172.28224886	164.45760603	159.81184492	177.51486243	167.96124612
7.64500000	127.67238974	159.18742646	173.61409219	167.85859711	156.89713177	173.03064910	171.22243480	159.15890193	173.00125567	172.24922235	164.50717416	159.81522605	177.52154538	168.00365124
7.65000000	127.97194800	159.36076551	173.66079164	167.90247351	156.90464740	173.04916456	171.18550531	159.15284115	173.01528664	172.21785145	164.55393227	159.81759781	177.52702927	168.04568207
7.65500000	128.27295567	159.54022457	173.70760203	167.94407556	156.91307930	173.06747895	171.14887321	159.14662673	173.02909410	172.18828789	164.59779809	159.81898981	177.53128961	168.08728368
7.66000000	128.57536558	159.72597458	173.75448155	167.98342407	156.92240237	173.08559563	171.11259800	159.14027315	173.04268018	172.16067398	164.63869730	159.81943469	177.53430765	168.12840160
7.66500000	128.87913250	159.91818427	173.80138815	168.02054523	156.93258923	173.10351732	171.07673835	159.13379533	173.05604643	172.13514189	164.67656374	159.81896796	177.53607034	168.16898193
7.67000000	129.18421303	160.11701938	173.84827972	168.05547047	156.94361047	173.12124621	171.04135190	159.12720863	173.06919369	172.11181314	164.71133946	159.81762787	177.53657041	168.20897155
7.67500000	129.49056547	160.32264174	173.89511418	168.08823624	156.95543469	173.13878385	171.00649508	159.12052879	173.08212199	172.09079808	164.74297482	159.81545524	177.53580632	168.24831834
7.68000000	129.79814965	160.53520835	173.94184957	168.11888383	156.96802869	173.15613124	170.97222290	159.11377187	173.09483046	172.07219550	164.77142855	159.81249327	177.53378221	168.28697134
7.68500000	130.10692679	160.75487053	173.98844424	168.14745914	156.98135760	173.17328879	170.93858878	159.10695422	173.10731723	172.05609231	164.79666780	159.80878739	177.53050790	168.32488099
7.69000000	130.41685927	160.98177284	174.03485688	168.17401248	156.99538504	173.19025637	170.90564436	159.10009238	173.11957935	172.04256329	164.81866814	159.80438507	177.52599872	168.36199934
7.69500000	130.72791050	161.21605216	174.08104674	168.19859825	157.01007325	173.20703330	170.87343935	159.09320304	173.13161274	172.03167095	164.83741360	159.79933563	177.52027547	168.39828027
7.70000000	131.04004465	161.45783659	174.12697369	168.22127477	157.02538323	173.22361836	170.84202132	159.08630297	173.14341210	172.02346545	164.85289659	159.79369001	177.51336424	168.43367969
7.70500000	131.35322648	161.70724448	174.17259839	168.24210392	157.04127492	173.24000985	170.81143555	159.07940891	173.15497092	172.01798454	164.86511794	159.78750063	177.50529628	168.46815576
7.71000000	131.66742112	161.96438328	174.21788242	168.26115092	157.05770733	173.25620559	170.78172491	159.07253750	173.16628140	172.01525367	164.87408677	159.78082113	177.49610782	168.50166913
7.71500000	131.98259380	162.22934850	174.26278840	168.27848399	157.07463871	173.27220298	170.75292968	159.06570523	173.17733448	172.01528607	164.87982045	159.77370619	177.48583987	168.53418307
7.72000000	132.29870967	162.50222260	174.30728014	168.29417410	157.09202670	173.28799899	170.72508744	159.05892830	173.18811982	172.01808297	164.88234450	159.76621133	177.47453803	168.56566371
7.72500000	132.61573355	162.78307389	174.35132275	168.30829461	157.10982848	173.30359021	170.69823292	159.05222259	173.19862583	172.02363381	164.88169248	159.75839266	177.46225225	168.59608022
7.73000000	132.93362968	163.07195542	174.39488280	168.32092104	157.12800096	173.31897290	170.67239795	159.04560355	173.20883970	172.03191655	164.87790584	159.75030669	177.44903655	168.62540491
7.73500000	133.25236153	163.36890387	174.43792843	168.33213068	157.14650087	173.33414302	170.64761129	159.03908610	173.21874743	172.04289804	164.87103376	159.74201014	177.43494882	168.65361343
7.74000000	133.57189154	163.67393849	174.48042946	168.34200236	157.16528502	173.34909624	170.62389863	159.03268459	173.22833393	172.05653439	164.86113301	159.73355968	177.42005048	168.68068486
7.74500000	133.89218093	163.98706001	174.52235752	168.35061611	157.18431038	173.36382802	170.60128247	159.02641272	173.23758308	172.07277144	164.84826771	159.72501175	177.40440624	168.70660180
7.75000000	134.21318948	164.30824960	174.56368616	168.35805287	157.20353426	173.37833362	170.57978209	159.02028344	173.24647783	172.09154521	164.83250915	159.71642235	177.38808374	168.73135045
7.75500000	134.53487534	164.63746785	174.60439098	168.36439421	157.22291450	173.39260812	170.55941352	159.01430896	173.25500026	172.11278247	164.81393556	159.70784681	177.37115326	168.75492066
7.76000000	134.85719485	164.97465384	174.64444968	168.36972203	157.24240958	173.40664651	170.54018951	159.00850059	173.26313177	172.13640128	164.79263182	159.69933962	177.35368736	168.77730594
7.76500000	135.18010237	165.31972420	174.68384220	168.37411832	157.26197883	173.42044367	170.52211957	159.00286880	173.27085314	172.16231154	164.76868922	159.69095421	177.33576054	168.79850346
7.77000000	135.50355013	165.67257226	174.72255079	168.37766484	157.28158253	173.43399447	170.50520992	158.99742309	173.27814471	172.19041567	164.74220515	159.68274274	177.31744886	168.81851398
7.77500000	135.82748810	166.03306730	174.76056008	168.38044292	157.30118211	173.44729373	170.48946358	158.99217202	173.28498649	172.22060920	164.71328283	159.67475594	177.29882958	168.83734186
7.78000000	136.15186385	166.40105380	174.79785717	168.38253319	157.32074025	173.46033631	170.47488036	158.98712313	173.29135832	172.25278147	164.68203091	159.66704293	177.27998075	168.85499487
7.78500000	136.47662254	166.77635092	174.83443168	168.38401536	157.34022107	173.47311713	170.46145697	158.98228294	173.29724004	172.28681624	164.64856320	159.65965098	177.26098081	168.87148418
7.79000000	136.80170674	167.15875192	174.87027582	168.38496799	157.35959022	173.48563121	170.44918707	158.97765694	173.30261164	172.32259246	164.61299826	159.65262541	177.24190818	168.88682411
7.79500000	137.12705649	167.54802381	174.90538444	168.38546827	157.37881507	173.49787370	170.43806133	158.97324957	173.30745339	172.35998488	164.57545905	159.64600940	177.22284086	168.90103205
7.80000000	137.45260919	167.94390704	174.93975506	168.38559188	157.39786479	173.50983990	170.42806757	158.96906418	173.31174605	172.39886483	164.53607253	159.63984380	177.20385598	168.91412821
7.80500000	137.77829967	168.34611533	174.97338791	168.38541275	157.41671047	173.52152534	170.41919083	158.96510309	173.31547100	172.43910086	164.49496925	159.63416705	177.18502938	168.92613547
7.81000000	138.10406019	168.75433564	175.00628597	168.38500291	157.43532528	173.53292576	170.41141351	158.96136754	173.31861037	172.48055947	164.45228297	159.62901497	177.16643520	168.93707909
7.81500000	138.42982048	169.16822816	175.03845498	168.38443236	157.45368452	173.54403718	170.40471547	158.95785772	173.32114726	172.52310580	164.40815019	159.62442068	177.14814544	168.94698653
7.82000000	138.75550784	169.58742652	175.06990343	168.38376889	157.47176574	173.55485593	170.39907417	158.95457276	173.32306580	172.56660433	164.36270976	159.62041448	177.13022954	168.95588715
7.82500000	139.08104723	170.01153794	175.10064260	168.38307795	157.48954883	173.56537868	170.39446480	158.95151077	173.32435138	172.61091951	164.31610242	159.61702371	177.11275398	168.96381198
7.83000000	139.40636139	170.44014349	175.13068655	168.38242256	157.50701607	173.57560248	170.39086045	158.94866882	173.32499068	172.65591646	164.26847036	159.61427270	177.09578188	168.97079346
7.83500000	139.73137097	170.87279834	175.16005207	168.38186315	157.52415221	173.58552479	170.38823221	158.94604298	173.32497189	172.70146158	164.21995677	159.61218264	177.07937261	168.97686515
7.84000000	140.05599472	171.30903193	175.18875871	168.38145753	157.54094452	173.59514352	170.38654934	158.94362834	173.32428474	172.74742318	164.17070539	159.61077157	177.06358143	168.98206147
7.84500000	140.38014967	171.74834789	175.21682870	168.38126070	157.55738281	173.60445707	170.38577943	158.94141902	173.32292065	172.79367203	164.12086008	159.61005427	177.04845914	168.98641747
7.85000000	140.70375130	172.19022369	175.24428696	168.38132487	157.57345947	173.61346435	170.38588854	158.93940821	173.32087279	172.84008196	164.07056435	159.61004226	177.03405179	168.98996854
7.85500000	141.02671379	172.63410975	175.27116101	168.38169933	157.58916945	173.62216484	170.38684136	158.93758819	173.31813618	172.88653035	164.01996094	159.61074373	177.02040033	168.99275017
7.86000000	141.34895020	173.07942764	175.29748094	168.38243037	157.60451029	173.63055861	170.38860137	158.93595035	173.31470773	172.93289860	163.96919136	159.61216359	177.00754042	168.99479774
7.86500000	141.67037277	173.52556692	175.32327932	168.38356129	157.61948209	173.63864634	170.39113097	158.93448527	173.31058630	172.97907260	163.91839552	159.61430339	176.99550213	168.99614629
7.87000000	141.99089308	173.97187994	175.34859115	168.38513231	157.63408745	173.64642938	170.39439170	158.93318270	173.30577277	173.02494314	163.86771125	159.61716140	176.98430981	168.99683030
7.87500000	142.31042238	174.41767333	175.37345377	168.38718051	157.64833146	173.65390975	170.39834431	158.93203163	173.30027000	173.07040623	163.81727397	159.62073262	176.97398186	168.99688354
7.88000000	142.62887177	174.86219426	175.39790675	168.38973984	157.66222162	173.66109020	170.40294897	158.93102035	173.29408290	173.11536343	163.76721625	159.62500881	176.96453069	168.99633886
7.88500000	142.94615251	175.30460826	175.42199180	168.39284109	157.67576775	173.66797422	170.40816543	158.93013645	173.28721841	173.15972214	163.71766750	159.62997858	176.95596254	168.99522805
7.89000000	143.26217619	175.74396284	175.44575264	168.39651183	157.68898192	173.67456608	170.41395310	158.92936691	173.27968550	173.20339579	163.66875360	159.63562740	176.94827751	168.99358174
7.89500000	143.57685505	176.17912649	175.46923491	168.40077645	157.70187834	173.68087084	170.42027128	158.92869815	173.27149514	173.24630403	163.62059658	159.64193778	176.94146953	168.99142925
7.90000000	143.89010215	176.60868325	175.49248603	168.40565611	157.71447327	173.68689436	170.42707921	158.92811605	173.26266028	173.28837285	163.57331433	159.64888926	176.93552636	168.98879848
7.90500000	144.20183158	177.03074306	175.51555502	168.41116877	157.72678483	173.69264337	170.43433629	158.92760605	173.25319577	173.32953470	163.52702033	159.65645861	176.93042972	168.98571592
7.91000000	144.51195872	177.44258423	175.53849243	168.41732919	157.73883294	173.69812544	170.44200214	158.92715317	173.24311839	173.36972847	163.48182338	159.66461992	176.92615535	168.98220650
7.91500000	144.82040038	177.83994269	175.56135011	168.42414892	157.75063911	173.70334901	170.45003672	158.92674210	173.23244671	173.40889958	163.43782741	159.67334471	176.92267319	168.97829362
7.92000000	145.12707496	178.21552244	175.58418110	168.43163635	157.76222634	173.70832341	170.45840049	158.92635722	173.22120108	173.44699984	163.39513122	159.68260214	176.91994755	168.97399911
7.92500000	145.43190261	178.55578072	175.60703944	168.43979669	157.77361891	173.71305886	170.46705443	158.92598271	173.20940352	173.48398748	163.35382839	159.69235910	176.91793737	168.96934323
7.93000000	145.73480536	178.83447974	175.62997998	168.44863205	157.78484222	173.71756649	170.47596018	158.92560259	173.19707770	173.51982697	163.31400702	159.70258043	176.91659642	168.96434473
7.93500000	146.03570720	179.00533874	175.65305825	168.45814144	157.79592264	173.72185835	170.48508011	158.92520074	173.18424879	173.55448893	163.27574969	159.71322906	176.91587366	168.95902083
7.94000000	146.33453414	179.01803914	175.67633019	168.46832080	157.80688731	173.72594740	170.49437734	158.92476103	173.17094345	173.58794995	163.23913330	159.72426624	176.91571351	168.95338737
7.94500000	146.63121428	178.87405716	175.69985205	168.47916308	157.81776394	173.72984749	170.50381584	158.92426731	173.15718966	173.62019240	163.20422900	159.73565167	176.91605625	168.94745878
7.95000000	146.92567778	178.62759484	175.72368011	168.49065826	157.82858066	173.73357343	170.51336042	158.92370352	173.14301673	173.65120426	163.17110211	159.74734375	176.91683839	168.94124826
7.95500000	147.21785687	178.32838332	175.74787055	168.50279342	157.83936583	173.73714089	170.52297680	158.92305370	173.12845511	173.68097885	163.13981206	159.75929977	176.91799304	168.93476786
7.96000000	147.50768580	178.00443400	175.77247919	168.51555282	157.85014783	173.74056648	170.53263159	158.92230209	173.11353639	173.70951465	163.11041240	159.77147610	176.91945040	168.92802859
7.96500000	147.79510075	177.66997692	175.79756130	168.52891791	157.86095490	173.74386767	170.54229229	158.92143314	173.09829314	173.73681500	163.08295074	159.78382839	176.92113815	168.92104057
7.97000000	148.08003970	177.33248564	175.82317140	168.54286748	157.87181496	173.74706282	170.55192730	158.92043156	173.08275885	173.76288789	163.05746873	159.79631183	176.92298195	168.91381319
7.97500000	148.36244233	176.99616141	175.84936304	168.55737768	157.88275541	173.75017114	170.56150588	158.91928241	173.06696782	173.78774568	163.03400215	159.80888128	176.92490588	168.90635525
7.98000000	148.64224979	176.66353561	175.87618859	168.57242213	157.89380298	173.75321267	170.57099814	158.91797111	173.05095510	173.81140488	163.01258085	159.82149152	176.92683294	168.89867513
7.98500000	148.91940456	176.33623000	175.90369900	168.58797204	157.90498355	173.75620826	170.58037499	158.91648349	173.03475634	173.83388581	162.99322883	159.83409745	176.92868555	168.89078099
7.99000000	149.19385017	176.01533796	175.93194361	168.60399625	157.91632200	173.75917954	170.58960812	158.91480583	173.01840776	173.85521244	162.97596427	159.84665424	176.93038599	168.88268096
7.99500000	149.46553095	175.70162704	175.96096994	168.62046139	157.92784202	173.76214888	170.59866990	158.91292492	173.00194602	173.87541205	162.96079960	159.85911759	176.93185694	168.87438328
8.00000000	149.73439176	175.39565240	175.99082345	168.63733196	157.93956599	173.76513934	170.60753341	158.91082810	172.98540813	173.89451504	162.94774154	159.87144385	176.93302195	168.86589656
8.00500000	150.00037769	175.09782366	176.02154734	168.65457043	157.95151481	173.76817465	170.61617234	158.90850327	172.96883138	173.91255462	162.93679119	159.88359022	176.93380590	168.85722993
8.01000000	150.26343368	174.80844587	176.05318234	168.67213742	157.96370776	173.77127914	170.62456092	158.90593898	172.95225321	173.92956664	162.92794413	159.89551491	176.93413550	168.84839327
8.01500000	150.52350423	174.52774578	176.08576651	168.68999177	157.97616238	173.77447768	170.63267395	158.90312443	172.93571115	173.94558928	162.92119047	159.90717731	176.93393972	168.83939739
8.02000000	150.78053300	174.25588930	176.11933500	168.70809068	157.98889433	173.77779565	170.64048666	158.90004952	172.91924274	173.96066287	162.91651494	159.91853812	176.93315027	168.83025421
8.02500000	151.03446244	173.99299350	176.15391990	168.72638987	158.00191729	173.78125882	170.64797477	158.89670489	172.90288540	173.97482965	162.91389706	159.92955952	176.93170201	168.82097696
8.03000000	151.28523338	173.73913514	176.18955002	168.74484368	158.01524282	173.78489332	170.65511436	158.89308200	172.88667635	173.98813352	162.91331118	159.94020524	176.92953334	168.81158036
8.03500000	151.53278465	173.49435707	176.22625067	168.76340523	158.02888032	173.78872553	170.66188192	158.88917309	172.87065254	174.00061986	162.91472663	159.95044076	176.92658663	168.80208076
8.04000000	151.77705264	173.25867294	176.26404355	168.78202658	158.04283688	173.79278202	170.66825428	158.88497130	172.85485055	174.01233528	162.91810782	159.96023336	176.92280856	168.79249629
8.04500000	152.01797090	173.03207109	176.30294651	168.80065884	158.05711726	173.79708944	170.67420863	158.88047066	172.83930647	174.02332747	162.92341443	159.96955222	176.91815043	168.78284700
8.05000000	152.25546973	172.81451751	176.34297339	168.81925233	158.07172379	173.80167442	170.67972253	158.87566615	172.82405586	174.03364490	162.93060149	159.97836857	176.91256853	168.77315496
8.05500000	152.48947575	172.60595849	176.38413390	168.83775676	158.08665636	173.80656347	170.68477386	158.87055374	172.80913360	174.04333673	162.93961954	159.98665567	176.90602437	168.76344437
8.06000000	152.71991149	172.40632269	176.42643342	168.85612133	158.10191235	173.81178288	170.68934090	158.86513041	172.79457384	174.05245250	162.95041483	159.99438898	176.89848493	168.75374159
8.06500000	152.94669498	172.21552312	176.46987286	168.87429493	158.11748667	173.81735860	170.69340234	158.85939421	172.78040989	174.06104203	162.96292944	160.00154613	176.88992288	168.74407519
8.07000000	153.16973938	172.03345872	176.51444855	168.89222629	158.13337169	173.82331612	170.69693731	158.85334430	172.76667412	174.06915517	162.97710148	160.00810704	176.88031677	168.73447596
8.07500000	153.38895255	171.86001590	176.56015207	168.90986409	158.14955730	173.82968034	170.69992540	158.84698093	172.75339789	174.07684164	162.99286527	160.01405389	176.86965115	168.72497691
8.08000000	153.60423673	171.69506986	176.60697015	168.92715718	158.16603091	173.83647546	170.70234679	158.84030556	172.74061144	174.08415083	163.01015150	160.01937123	176.85791668	168.71561322
8.08500000	153.81548815	171.53848584	176.65488455	168.94405471	158.18277752	173.84372485	170.70418223	158.83332080	172.72834378	174.09113165	163.02888751	160.02404591	176.84511023	168.70642214
8.09000000	154.02259673	171.39012026	176.70387194	168.96050629	158.19977973	173.85145090	170.70541317	158.82603048	172.71662262	174.09783232	163.04899741	160.02806718	176.83123487	168.69744294
8.09500000	154.22544576	171.24982173	176.75390377	168.97646213	158.21701784	173.85967494	170.70602180	158.81843967	172.70547429	174.10430025	163.07040236	160.03142663	176.81629992	168.68871674
8.10000000	154.42391162	171.11743201	176.80494622	168.99187325	158.23446993	173.86841704	170.70599115	158.81055469	172.69492360	174.11058182	163.09302077	160.03411821	176.80032088	168.68028637
8.10500000	154.61786355	170.99278697	176.85696006	169.00669157	158.25211192	173.87769594	170.70530517	158.80238310	172.68499380	174.11672230	163.11676857	160.03613824	176.78331938	168.67219625
8.11000000	154.80716342	170.87571735	176.90990054	169.02087013	158.26991767	173.88752889	170.70394884	158.79393373	172.67570647	174.12276564	163.14155941	160.03748535	176.76532307	168.66449208
8.11500000	154.99166556	170.76604956	176.96371736	169.03436320	158.28785912	173.89793152	170.70190822	158.78521668	172.66708143	174.12875435	163.16730495	160.03816050	176.74636550	168.65722074
8.12000000	155.17121663	170.66360639	177.01835450	169.04712646	158.30590637	173.90891775	170.69917060	158.77624330	172.65913667	174.13472940	163.19391513	160.03816693	176.72648597	168.65042996
8.12500000	155.34565556	170.56820768	177.07375018	169.05911711	158.32402783	173.92049964	170.69572454	158.76702620	172.65188824	174.14073005	163.22129841	160.03751010	176.70572929	168.64416813
8.13000000	155.51481346	170.47967091	177.12983675	169.07029407	158.34219032	173.93268729	170.69156001	158.75757919	172.64535025	174.14679376	163.24936210	160.03619769	176.68414561	168.63848400
8.13500000	155.67851368	170.39781181	177.18654058	169.08061808	158.36035924	173.94548874	170.68666845	158.74791733	172.63953469	174.15295607	163.27801259	160.03423953	176.66179015	168.63342639
8.14000000	155.83657185	170.32244481	177.24378201	169.09005187	158.37849867	173.95890987	170.68104285	158.73805684	172.63445148	174.15925052	163.30715570	160.03164753	176.63872291	168.62904394
8.14500000	155.98879608	170.25338359	177.30147521	169.09856026	158.39657157	173.97295429	170.67467787	158.72801509	172.63010832	174.16570854	163.33669697	160.02843565	176.61500842	168.62538477
8.15000000	156.13498710	170.19044145	177.35952809	169.10611030	158.41453989	173.98762331	170.66756989	158.71781057	172.62651070	174.17235939	163.36654194	160.02461981	176.59071538	168.62249622
8.15500000	156.27493858	170.13343174	177.41784226	169.11267140	158.43236473	174.00291580	170.65971707	158.70746286	172.62366182	174.17923007	163.39659646	160.02021779	176.56591636	168.62042455
8.16000000	156.40843748	170.08216821	177.47631288	169.11821545	158.45000654	174.01882820	170.65111946	158.69699257	172.62156256	174.18634528	163.42676704	160.01524923	176.54068742	168.61921460
8.16500000	156.53526447	170.03646530	177.53482858	169.12271688	158.46742523	174.03535442	170.64177900	158.68642130	172.62021146	174.19372734	163.45696110	160.00973545	176.51510777	168.61890958
8.17000000	156.65519449	169.99613847	177.59327146	169.12615284	158.48458039	174.05248584	170.63169959	158.67577159	172.61960469	174.20139619	163.48708734	160.00369944	176.48925936	168.61955071
8.17500000	156.76799731	169.96100439	177.65151696	169.12850322	158.50143142	174.07021125	170.62088716	158.66506686	172.61973604	174.20936935	163.51705600	159.99716572	176.46322653	168.62117700
8.18000000	156.87343826	169.93088118	177.70943388	169.12975077	158.51793775	174.08851690	170.60934964	158.65433138	172.62059691	174.21766187	163.54677916	159.99016025	176.43709557	168.62382494
8.18500000	156.97127905	169.90558863	177.76688440	169.12988116	158.53405897	174.10738642	170.59709701	158.64359017	172.62217633	174.22628635	163.57617108	159.98271034	176.41095436	168.62752831
8.19000000	157.06127860	169.88494826	177.82372416	169.12888305	158.54975503	174.12680092	170.58414132	158.63286897	172.62446095	174.23525296	163.60514845	159.97484455	176.38489190	168.63231784
8.19500000	157.14319406	169.86878354	177.87980240	169.12674815	158.56498645	174.14673895	170.57049666	158.62219415	172.62743509	174.24456940	163.63363070	159.96659255	176.35899794	168.63822110
8.20000000	157.21678187	169.85691990	177.93496224	169.12347125	158.57971446	174.16717661	170.55617915	158.61159263	172.63108075	174.25424100	163.66154025	159.95798502	176.33336255	168.64526216
8.20500000	157.28179896	169.84918484	177.98904105	169.11905028	158.59390121	174.18808755	170.54120692	158.60109182	172.63537767	174.26427067	163.68880281	159.94905358	176.30807569	168.65346147
8.21000000	157.33800395	169.84540799	178.04187102	169.11348629	158.60750996	174.20944308	170.52560009	158.59071952	172.64030339	174.27465902	163.71534759	159.93983061	176.28322679	168.66283563
8.21500000	157.38515854	169.84542107	178.09327990	169.10678350	158.62050525	174.23121223	170.50938069	158.58050382	172.64583329	174.28540437	163.74110756	159.93034915	176.25890435	168.67339725
8.22000000	157.42302888	169.84905791	178.14309202	169.09894928	158.63285308	174.25336187	170.49257261	158.57047301	172.65194067	174.29650285	163.76601968	159.92064280	176.23519552	168.68515474
8.22500000	157.45138708	169.85615442	178.19112954	169.08999414	158.64452113	174.27585681	170.47520155	158.56065550	172.65859687	174.30794848	163.79002512	159.91074558	176.21218569	168.69811221
8.23000000	157.47001272	169.86654853	178.23721416	169.07993171	158.65547890	174.29865991	170.45729491	158.55107966	172.66577131	174.31973323	163.81306940	159.90069182	176.18995811	168.71226935
8.23500000	157.47869445	169.88008012	178.28116903	169.06877872	158.66569792	174.32173224	170.43888172	158.54177376	172.67343163	174.33184716	163.83510262	159.89051599	176.16859349	168.72762133
8.24000000	157.47723158	169.89659092	178.32282117	169.05655493	158.67515188	174.34503323	170.41999256	158.53276582	172.68154378	174.34427853	163.85607954	159.88025263	176.14816965	168.74415870
8.24500000	157.46543568	169.91592440	178.36200425	169.04328308	158.68381685	174.36852080	170.40065938	158.52408351	172.69007216	174.35701392	163.87595979	159.86993619	176.12876114	168.76186738
8.25000000	157.44313227	169.93792567	178.39856177	169.02898884	158.69167141	174.39215156	170.38091547	158.51575403	172.69897973	174.37003836	163.89470790	159.85960091	176.11043891	168.78072860
8.25500000	157.41016234	169.96244128	178.43235047	169.01370075	158.69869683	174.41588095	170.36079527	158.50780397	172.70822817	174.38333551	163.91229343	159.84928070	176.09327002	168.80071891
8.26000000	157.36638397	169.98931913	178.46324405	168.99745009	158.70487718	174.43966347	170.34033427	158.50025924	172.71777800	174.39688779	163.92869099	159.83900902	176.07731729	168.82181021
8.26500000	157.31167378	170.01840829	178.49113692	168.98027086	158.71019952	174.46345288	170.31956885	158.49314490	172.72758875	174.41067655	163.94388028	159.82881872	176.06263906	168.84396978
8.27000000	157.24592842	170.04955885	178.51594776	168.96219960	158.71465398	174.48720234	170.29853612	158.48648506	172.73761909	174.42468227	163.95784610	159.81874197	176.04928891	168.86716040
8.27500000	157.16906585	170.08262174	178.53762285	168.94327540	158.71823390	174.51086470	170.27727381	158.48030277	172.74782702	174.43888471	163.97057832	159.80881010	176.03731546	168.89134042
8.28000000	157.08102658	170.11744858	178.55613870	168.92353967	158.72093597	174.53439266	170.25582006	158.47461993	172.75817004	174.45326311	163.98207184	159.79905354	176.02676214	168.91646387
8.28500000	156.98177477	170.15389154	178.57150396	168.90303614	158.72276026	174.55773902	170.23421327	158.46945713	172.76860528	174.46779637	163.99232650	159.78950163	176.01766700	168.94248069
8.29000000	156.87129918	170.19180320	178.58376034	168.88181068	158.72371034	174.58085690	170.21249192	158.46483359	172.77908971	174.48246325	164.00134698	159.78018260	176.01006259	168.96933683
8.29500000	156.74961394	170.23103642	178.59298240	168.85991120	158.72379332	174.60369993	170.19069441	158.46076703	172.78958031	174.49724255	164.00914268	159.77112341	176.00397582	168.99697451
8.30000000	156.61675921	170.27144424	178.59927620	168.83738753	158.72301994	174.62622250	170.16885886	158.45727362	172.80003423	174.51211330	164.01572757	159.76234968	175.99942781	169.02533240
8.30500000	156.47280162	170.31287981	178.60277697	168.81429128	158.72140456	174.64838001	170.14702294	158.45436781	172.81040898	174.52705493	164.02112000	159.75388561	175.99643389	169.05434591
8.31000000	156.31783456	170.35519634	178.60364577	168.79067573	158.71896516	174.67012901	170.12522368	158.45206229	172.82066259	174.54204741	164.02534253	159.74575388	175.99500345	169.08394742
8.31500000	156.15197826	170.39824708	178.60206548	168.76659570	158.71572339	174.69142747	170.10349731	158.45036793	172.83075382	174.55707149	164.02842168	159.73797559	175.99514000	169.11406656
8.32000000	155.97537971	170.44188534	178.59823633	168.74210737	158.71170449	174.71223497	170.08187906	158.44929364	172.84064229	174.57210875	164.03038772	159.73057018	175.99684110	169.14463054
8.32500000	155.78821244	170.48596453	178.59237125	168.71726819	158.70693725	174.73251289	170.06040298	158.44884634	172.85028867	174.58714181	164.03127442	159.72355539	176.00009842	169.17556441
8.33000000	155.59067603	170.53033830	178.58469129	168.69213671	158.70145398	174.75222458	170.03910182	158.44903090	172.85965487	174.60215438	164.03111877	159.71694720	176.00489773	169.20679141
8.33500000	155.38299553	170.57486062	178.57542124	168.66677241	158.69529035	174.77133558	170.01800683	158.44985005	172.86870412	174.61713141	164.02996072	159.71075980	176.01121901	169.23823329
8.34000000	155.16542073	170.61938600	178.56478579	168.64123558	158.68848535	174.78981372	169.99714760	158.45130438	172.87740123	174.63205912	164.02784285	159.70500554	176.01903651	169.26981065
8.34500000	154.93822525	170.66376966	178.55300606	168.61558711	158.68108111	174.80762931	169.97655196	158.45339226	172.88571266	174.64692511	164.02481015	159.69969491	176.02831889	169.30144327
8.35000000	154.70170550	170.70786785	178.54029685	168.58988837	158.67312276	174.82475525	169.95624584	158.45610984	172.89360668	174.66171834	164.02090965	159.69483655	176.03902928	169.33305046
8.35500000	154.45617954	170.75153809	178.52686430	168.56420098	158.66465824	174.84116717	169.93625315	158.45945102	172.90105352	174.67642921	164.01619016	159.69043724	176.05112551	169.36455141
8.36000000	154.20198583	170.79463953	178.51290423	168.53858670	158.65573815	174.85684352	169.91659569	158.46340747	172.90802548	174.69104949	164.01070193	159.68650189	176.06456022	169.39586550
8.36500000	153.93948187	170.83703327	178.49860090	168.51310716	158.64641547	174.87176564	169.89729304	158.46796861	172.91449702	174.70557233	164.00449639	159.68303357	176.07928109	169.42691271
8.37000000	153.66904275	170.87858283	178.48412619	168.48782371	158.63674538	174.88591785	169.87836254	158.47312165	172.92044493	174.71999224	163.99762578	159.68003355	176.09523099	169.45761385
8.37500000	153.39105970	170.91915446	178.46963916	168.46279722	158.62678499	174.89928751	169.85981922	158.47885163	172.92584833	174.73430497	163.99014292	159.67750133	176.11234826	169.48789095
8.38000000	153.10593853	170.95861764	178.45528591	168.43808789	158.61659309	174.91186504	169.84167575	158.48514147	172.93068883	174.74850749	163.98210086	159.67543465	176.13056690	169.51766756
8.38500000	152.81409803	170.99684552	178.44119961	168.41375499	158.60622983	174.92364396	169.82394243	158.49197198	172.93495056	174.76259785	163.97355258	159.67382963	176.14981685	169.54686900
8.39000000	152.51596839	171.03371532	178.42750080	168.38985671	158.59575650	174.93462087	169.80662722	158.49932202	172.93862023	174.77657513	163.96455076	159.67268075	176.17002422	169.57542268
8.39500000	152.21198957	171.06910882	178.41429768	168.36644991	158.58523515	174.94479546	169.78973569	158.50716850	172.94168720	174.79043925	163.95514744	159.67198099	176.19111158	169.60325832
8.40000000	151.90260967	171.10291277	178.40168668	168.34358994	158.57472835	174.95417053	169.77327113	158.51548654	172.94414348	174.80419091	163.94539376	159.67172188	176.21299826	169.63030820
8.40500000	151.58828335	171.13501934	178.38975286	168.32133039	158.56429883	174.96275185	169.75723451	158.52424951	172.94598378	174.81783142	163.93533970	159.67189358	176.23560059	169.65650739
8.41000000	151.26947021	171.16532651	178.37857054	168.29972291	158.55400917	174.97054823	169.74162461	158.53342919	172.94720548	174.83136257	163.92503386	159.67248504	176.25883227	169.68179392
8.41500000	150.94663326	171.19373844	178.36820386	168.27881700	158.54392149	174.97757138	169.72643802	158.54299589	172.94780868	174.84478650	163.91452313	159.67348402	176.28260463	169.70610896
8.42000000	150.62023739	171.22016584	178.35870730	168.25865981	158.53409709	174.98383586	169.71166927	158.55291854	172.94779613	174.85810555	163.90385254	159.67487725	176.30682694	169.72939698
8.42500000	150.29074790	171.24452623	178.35012630	168.23929595	158.52459619	174.98935901	169.69731092	158.56316484	172.94717325	174.87132212	163.89306500	159.67665055	176.33140677	169.75160586
8.43000000	149.95862911	171.26674426	178.34249778	168.22076729	158.51547758	174.99416081	169.68335362	158.57370141	172.94594806	174.88443853	163.88220109	159.67878891	176.35625031	169.77268702
8.43500000	149.62434298	171.28675188	178.33585067	168.20311284	158.50679827	174.99826385	169.66978626	158.58449391	172.94413112	174.89745691	163.87129888	159.68127664	176.38126265	169.79259550
8.44000000	149.28834782	171.30448854	178.33020643	168.18636850	158.49861330	175.00169315	169.65659607	158.59550720	172.94173551	174.91037906	163.86039377	159.68409748	176.40634819	169.81129002
8.44500000	148.95109710	171.31990129	178.32557951	168.17056699	158.49097533	175.00447604	169.64376875	158.60670543	172.93877673	174.92320636	163.84951829	159.68723471	176.43141091	169.82873306
8.45000000	148.61303833	171.33294484	178.32197787	168.15573769	158.48393446	175.00664209	169.63128861	158.61805228	172.93527259	174.93593962	163.83870197	159.69067129	176.45635475	169.84489085
8.45500000	148.27461192	171.34358159	178.31940338	168.14190650	158.47753793	175.00822288	169.61913868	158.62951098	172.93124318	174.94857905	163.82797125	159.69438997	176.48108390	169.85973343
8.46000000	147.93625030	171.35178156	178.31785225	168.12909574	158.47182986	175.00925195	169.60730087	158.64104456	172.92671072	174.96112413	163.81734933	159.69837339	176.50550321	169.87323463
8.46500000	147.59837693	171.35752234	178.31731544	168.11732410	158.46685109	175.00976455	169.59575614	158.65261591	172.92169947	174.97357359	163.80685610	159.70260423	176.52951843	169.88537206
8.47000000	147.26140555	171.36078891	178.31777905	168.10660651	158.46263893	175.00979757	169.58448457	158.66418795	172.91623558	174.98592531	163.79650808	159.70706527	176.55303662	169.89612708
8.47500000	146.92573939	171.36157350	178.31922466	168.09695412	158.45922697	175.00938932	169.57346562	158.67572377	172.91034703	174.99817634	163.78631836	159.71173953	176.57596644	169.90548481
8.48000000	146.59177054	171.35987532	178.32162975	168.08837425	158.45664498	175.00857937	169.56267818	158.68718672	172.90406340	175.01032284	163.77629658	159.71661033	176.59821846	169.91343403
8.48500000	146.25987935	171.35570036	178.32496793	168.08087040	158.45491874	175.00740841	169.55210077	158.69854059	172.89741582	175.02236009	163.76644891	159.72166142	176.61970547	169.91996716
8.49000000	145.93043391	171.34906106	178.32920938	168.07444219	158.45406992	175.00591805	169.54171169	158.70974967	172.89043675	175.03428250	163.75677806	159.72687701	176.64034282	169.92508024
8.49500000	145.60378963	171.33997603	178.33432107	168.06908544	158.45411606	175.00415064	169.53148915	158.72077894	172.88315988	175.04608362	163.74728331	159.73224186	176.66004868	169.92877279
8.50000000	145.28028885	171.32846969	178.34026710	168.06479218	158.45507044	175.00214911	169.52141145	158.73159410	172.87561994	175.05775621	163.73796057	159.73774138	176.67874433	169.93104784
8.50500000	144.96026052	171.31457195	178.34700901	168.06155070	158.45694211	174.99995677	169.51145708	158.74216175	172.86785253	175.06929227	163.72880243	159.74336161	176.69635440	169.93191179
8.51000000	144.64401995	171.29831782	178.35450598	168.05934563	158.45973589	174.99761717	169.50160490	158.75244944	172.85989399	175.08068309	163.71979823	159.74908930	176.71280719	169.93137439
8.51500000	144.33186861	171.27974709	178.36271522	168.05815803	158.46345234	174.99517387	169.49183427	158.76242583	172.85178119	175.09191935	163.71093418	159.75491195	176.72803484	169.92944867
8.52000000	144.02409393	171.25890392	178.37159212	168.05796550	158.46808787	174.99267029	169.48212517	158.77206071	172.84355139	175.10299119	163.70219348	159.76081781	176.74197358	169.92615085
8.52500000	143.72096926	171.23583652	178.38109056	168.05874228	158.47363481	174.99014955	169.47245833	158.78132515	172.83524204	175.11388832	163.69355641	159.76679589	176.75456393	169.92150027
8.53000000	143.42275372	171.21059675	178.39116316	168.06045943	158.48008147	174.98765428	169.46281534	158.79019156	172.82689065	175.12460008	163.68500051	159.77283596	176.76575087	169.91551934
8.53500000	143.12969220	171.18323983	178.40176150	168.06308493	158.48741229	174.98522645	169.45317881	158.79863378	172.81853457	175.13511556	163.67650073	159.77892858	176.77548401	169.90823343
8.54000000	142.84201531	171.15382394	178.41283635	168.06658389	158.49560797	174.98290721	169.44353240	158.80662713	172.81021086	175.14542373	163.66802960	159.78506501	176.78371772	169.89967082
8.54500000	142.55993945	171.12240994	178.42433790	168.07091869	158.50464564	174.98073676	169.43386097	158.81414853	172.80195611	175.15551350	163.65955740	159.79123726	176.79041124	169.88986258
8.55000000	142.28366676	171.08906104	178.43621599	168.07604920	158.51449903	174.97875416	169.42415066	158.82117649	172.79380630	175.16537386	163.65105236	159.79743799	176.79552876	169.87884253
8.55500000	142.01338523	171.05384251	178.44842029	168.08193294	158.52513866	174.97699721	169.41438892	158.82769124	172.78579660	175.17499396	163.64248091	159.80366053	176.79903949	169.86664708
8.56000000	141.74926876	171.01682142	178.46090050	168.08852529	158.53653201	174.97550230	169.40456465	158.83367475	172.77796129	175.18436321	163.63380783	159.80989879	176.80091772	169.85331516
8.56500000	141.49147721	170.97806633	178.47360658	168.09577973	158.54864380	174.97430431	169.39466818	158.83911078	172.77033356	175.19347139	163.62499651	159.81614723	176.80114278	169.83888808
8.57000000	141.24015651	170.93764712	178.48648888	168.10364804	158.56143616	174.97343646	169.38469135	158.84398491	172.76294538	175.20230873	163.61600923	159.82240080	176.79969906	169.82340943
8.57500000	140.99543877	170.89563468	178.49949830	168.11208049	158.57486885	174.97293023	169.37462755	158.84828459	172.75582744	175.21086596	163.60680731	159.82865487	176.79657594	169.80692491
8.58000000	140.75744236	170.85210075	178.51258652	168.12102610	158.58889953	174.97281523	169.36447170	158.85199918	172.74900896	175.21913445	163.59735148	159.83490521	176.79176777	169.78948217
8.58500000	140.52627205	170.80711772	178.52570603	168.13043285	158.60348399	174.97311912	169.35422032	158.85511993	172.74251762	175.22710620	163.58760203	159.84114786	176.78527372	169.77113069
8.59000000	140.30201911	170.76075843	178.53881037	168.14024789	158.61857635	174.97386755	169.34387147	158.85764006	172.73637945	175.23477395	163.57751915	159.84737913	176.77709770	169.75192152
8.59500000	140.08476146	170.71309600	178.55185417	168.15041778	158.63412935	174.97508407	169.33342481	158.85955470	172.73061877	175.24213122	163.56706318	159.85359552	176.76724819	169.73190716
8.60000000	139.87456381	170.66420372	178.56479329	168.16088869	158.65009453	174.97679007	169.32288150	158.86086096	172.72525809	175.24917233	163.55619487	159.85979363	176.75573813	169.71114129
8.60500000	139.67147778	170.61415487	178.57758488	168.17160663	158.66642250	174.97900474	169.31224426	158.86155790	172.72031807	175.25589246	163.54487566	159.86597014	176.74258468	169.68967858
8.61000000	139.47554206	170.56302259	178.59018748	168.18251762	158.68306315	174.98174502	169.30151728	158.86164653	172.71581744	175.26228764	163.53306792	159.87212175	176.72780903	169.66757441
8.61500000	139.28678262	170.51087981	178.60256107	168.19356795	158.69996585	174.98502557	169.29070620	158.86112983	172.71177299	175.26835480	163.52073527	159.87824509	176.71143623	169.64488465
8.62000000	139.10521281	170.45779909	178.61466714	168.20470430	158.71707969	174.98885876	169.27981806	158.86001268	172.70819953	175.27409178	163.50784277	159.88433670	176.69349487	169.62166538
8.62500000	138.93083361	170.40385259	178.62646868	168.21587398	158.73435365	174.99325464	169.26886126	158.85830193	172.70510987	175.27949730	163.49435723	159.89039300	176.67401691	169.59797262
8.63000000	138.76363381	170.34911194	178.63793027	168.22702507	158.75173678	174.99822097	169.25784550	158.85600631	172.70251481	175.28457100	163.48024743	159.89641023	176.65303740	169.57386204
8.63500000	138.60359022	170.29364817	178.64901805	168.23810660	158.76917841	175.00376320	169.24678171	158.85313645	172.70042317	175.28931339	163.46548432	159.90238441	176.63059417	169.54938866
8.64000000	138.45066791	170.23753168	178.65969979	168.24906866	158.78662829	175.00988449	169.23568197	158.84970483	172.69884177	175.29372586	163.45004129	159.90831132	176.60672763	169.52460659
8.64500000	138.30482047	170.18083215	178.66994484	168.25986260	158.80403673	175.01658574	169.22455950	158.84572579	172.69777548	175.29781065	163.43389436	159.91418651	176.58148042	169.49956871
8.65000000	138.16599028	170.12361851	178.67972419	168.27044112	158.82135476	175.02386564	169.21342850	158.84121547	172.69722724	175.30157085	163.41702235	159.92000522	176.55489718	169.47432636
8.65500000	138.03410878	170.06595889	178.68901043	168.28075836	158.83853422	175.03172070	169.20230418	158.83619180	172.69719812	175.30501032	163.39940709	159.92576244	176.52702423	169.44892912
8.66000000	137.90909682	170.00792058	178.69777781	168.29077006	158.85552789	175.04014527	169.19120258	158.83067445	172.69768734	175.30813371	163.38103357	159.93145286	176.49790934	169.42342443
8.66500000	137.79086495	169.94957002	178.70600221	168.30043358	158.87228961	175.04913166	169.18014056	158.82468479	172.69869238	175.31094641	163.36189008	159.93707088	176.46760142	169.39785743
8.67000000	137.67931382	169.89097274	178.71366120	168.30970803	158.88877428	175.05867015	169.16913571	158.81824586	172.70020900	175.31345450	163.34196834	159.94261065	176.43615025	169.37227059
8.67500000	137.57433455	169.83219337	178.72073399	168.31855431	158.90493802	175.06874911	169.15820627	158.81138233	172.70223133	175.31566474	163.32126367	159.94806606	176.40360625	169.34670354
8.68000000	137.47580910	169.77329562	178.72720156	168.32693515	158.92073817	175.07935503	169.14737103	158.80412042	172.70475195	175.31758447	163.29977499	159.95343077	176.37002022	169.32119284
8.68500000	137.38361075	169.71434223	178.73304659	168.33481515	158.93613335	175.09047263	169.13664928	158.79648791	172.70776198	175.31922165	163.27750500	159.95869824	176.33544307	169.29577172
8.69000000	137.29760448	169.65539499	178.73825359	168.34216085	158.95108349	175.10208495	169.12606073	158.78851398	172.71125114	175.32058474	163.25446017	159.96386175	176.29992566	169.27046993
8.69500000	137.21764751	169.59651473	178.74280890	168.34894068	158.96554987	175.11417345	169.11562542	158.78022926	172.71520789	175.32168273	163.23065085	159.96891445	176.26351855	169.24531358
8.70000000	137.14358976	169.53776128	178.74670075	168.35512502	158.97949510	175.12671809	169.10536369	158.77166567	172.71961947	175.32252501	163.20609126	159.97384941	176.22627180	169.22032500
8.70500000	137.07527433	169.47919347	178.74991934	168.36068617	158.99288318	175.13969742	169.09529603	158.76285639	172.72447203	175.32312141	163.18079951	159.97865965	176.18823481	169.19552260
8.71000000	137.01253809	169.42086911	178.75245690	168.36559836	159.00567945	175.15308873	169.08544310	158.75383580	172.72975072	175.32348209	163.15479764	159.98333817	176.14945618	169.17092084
8.71500000	136.95521215	169.36284500	178.75430774	168.36983773	159.01785063	175.16686812	169.07582561	158.74463932	172.73543979	175.32361753	163.12811153	159.98787805	176.10998351	169.14653010
8.72000000	136.90312247	169.30517685	178.75546834	168.37338230	159.02936476	175.18101061	169.06646424	158.73530337	172.74152267	175.32353851	163.10077093	159.99227246	176.06986336	169.12235675
8.72500000	136.85609041	169.24791933	178.75593738	168.37621195	159.04019127	175.19549026	169.05737964	158.72586527	172.74798209	175.32325600	163.07280934	159.99651470	176.02914103	169.09840304
8.73000000	136.81393330	169.19112599	178.75571582	168.37830839	159.05030087	175.21028030	169.04859229	158.71636310	172.75480016	175.32278119	163.04426399	160.00059832	175.98786060	169.07466721
8.73500000	136.77646505	169.13484926	178.75480694	168.37965510	159.05966564	175.22535318	169.04012247	158.70683559	172.76195845	175.32212544	163.01517573	160.00451710	175.94606474	169.05114352
8.74000000	136.74349668	169.07914041	178.75321635	168.38023733	159.06825893	175.24068076	169.03199020	158.69732202	172.76943812	175.32130023	162.98558888	160.00826513	175.90379472	169.02782231
8.74500000	136.71483698	169.02404950	178.75095205	168.38004202	159.07605541	175.25623435	169.02421515	158.68786204	172.77721997	175.32031713	162.95555115	160.01183687	175.86109037	169.00469015
8.75000000	136.69029305	168.96962537	178.74802440	168.37905778	159.08303103	175.27198487	169.01681659	158.67849555	172.78528452	175.31918780	162.92511346	160.01522718	175.81799000	168.98172990
8.75500000	136.66967090	168.91591556	178.74444614	168.37727483	159.08916304	175.28790293	169.00981330	158.66926254	172.79361212	175.31792394	162.89432977	160.01843138	175.77453043	168.95892092
8.76000000	136.65277602	168.86296630	178.74023233	168.37468496	159.09442997	175.30395898	169.00322352	158.66020294	172.80218299	175.31653729	162.86325689	160.02144529	175.73074698	168.93623920
8.76500000	136.63941395	168.81082244	178.73540030	168.37128147	159.09881162	175.32012335	168.99706483	158.65135643	172.81097731	175.31503957	162.83195428	160.02426527	175.68667348	168.91365755
8.77000000	136.62939082	168.75952742	178.72996962	168.36705916	159.10228912	175.33636641	168.99135412	158.64276227	172.81997527	175.31344252	162.80048381	160.02688828	175.64234228	168.89114582
8.77500000	136.62251392	168.70912317	178.72396197	168.36201422	159.10484489	175.35265867	168.98610748	158.63445911	172.82915717	175.31175782	162.76890954	160.02931187	175.59778430	168.86867108
8.78000000	136.61859218	168.65965012	178.71740103	168.35614426	159.10646266	175.36897085	168.98134012	158.62648484	172.83850342	175.30999714	162.73729743	160.03153426	175.55302904	168.84619790
8.78500000	136.61743669	168.61114708	178.71031242	168.34944822	159.10712755	175.38527402	168.97706629	158.61887635	172.84799465	175.30817205	162.70571509	160.03355437	175.50810472	168.82368856
8.79000000	136.61886120	168.56365122	178.70272349	168.34192635	159.10682602	175.40153965	168.97329918	158.61166937	172.85761170	175.30629406	162.67423152	160.03537180	175.46303824	168.80110332
8.79500000	136.62268251	168.51719799	178.69466321	168.33358016	159.10554594	175.41773976	168.97005086	158.60489828	172.86733572	175.30437455	162.64291676	160.03698693	175.41785534	168.77840069
8.80000000	136.62872097	168.47182106	178.68616202	168.32441242	159.10327662	175.43384694	168.96733218	158.59859591	172.87714819	175.30242482	162.61184161	160.03840086	175.37258066	168.75553776
8.80500000	136.63680083	168.42755226	178.67725162	168.31442710	159.10000886	175.44983451	168.96515268	158.59279337	172.88703095	175.30045597	162.58107735	160.03961551	175.32723788	168.73247043
8.81000000	136.64675063	168.38442151	178.66796483	168.30362935	159.09573495	175.46567656	168.96352053	158.58751988	172.89696623	175.29847898	162.55069537	160.04063359	175.28184977	168.70915379
8.81500000	136.65840354	168.34245676	178.65833542	168.29202549	159.09044877	175.48134800	168.96244243	158.58280259	172.90693671	175.29650460	162.52076691	160.04145862	175.23643838	168.68554239
8.82000000	136.67159764	168.30168393	178.64839788	168.27962298	159.08414576	175.49682471	168.96192356	158.57866642	172.91692550	175.29454338	162.49136269	160.04209496	175.19102516	168.66159064
8.82500000	136.68617626	168.26212683	178.63818729	168.26643041	159.07682304	175.51208353	168.96196749	158.57513393	172.92691621	175.29260560	162.46255263	160.04254781	175.14563112	168.63725310
8.83000000	136.70198817	168.22380710	178.62773912	168.25245749	159.06847940	175.52710237	168.96257614	158.57222519	172.93689293	175.29070126	162.43440550	160.04282321	175.10027695	168.61248486
8.83500000	136.71888782	168.18674418	178.61708904	168.23771503	159.05911536	175.54186024	168.96374972	158.56995762	172.94684026	175.28884004	162.40698866	160.04292807	175.05498325	168.58724191
8.84000000	136.73673548	168.15095521	178.60627276	168.22221494	159.04873322	175.55633731	168.96548668	158.56834593	172.95674334	175.28703129	162.38036772	160.04287016	175.00977064	168.56148148
8.84500000	136.75539747	168.11645500	178.59532588	168.20597021	159.03733709	175.57051495	168.96778366	158.56740199	172.96658781	175.28528393	162.35460628	160.04265808	174.96465997	168.53516244
8.85000000	136.77474618	168.08325598	178.58428368	168.18899494	159.02493291	175.58437578	168.97063547	158.56713480	172.97635989	175.28360649	162.32976564	160.04230132	174.91967250	168.50824562
8.85500000	136.79466023	168.05136815	178.57318101	168.17130427	159.01152850	175.59790368	168.97403507	158.56755039	172.98604630	175.28200702	162.30590451	160.04181020	174.87483008	168.48069424
8.86000000	136.81502450	168.02079904	178.56205212	168.15291446	158.99713360	175.61108385	168.97797355	158.56865179	172.99563434	175.28049308	162.28307882	160.04119589	174.83015530	168.45247421
8.86500000	136.83573013	167.99155366	178.55093054	168.13384283	158.98175986	175.62390278	168.98244013	158.57043901	173.00511184	175.27907171	162.26134143	160.04047038	174.78567169	168.42355454
8.87000000	136.85667457	167.96363451	178.53984892	168.11410775	158.96542088	175.63634831	168.98742213	158.57290904	173.01446716	175.27774934	162.24074193	160.03964647	174.74140388	168.39390764
8.87500000	136.87776149	167.93704150	178.52883891	168.09372866	158.94813218	175.64840963	168.99290505	158.57605587	173.02368922	175.27653185	162.22132649	160.03873774	174.69737774	168.36350966
8.88000000	136.89890078	167.91177199	178.51793109	168.07272609	158.92991129	175.66007727	168.99887253	158.57987048	173.03276746	175.27542445	162.20313760	160.03775855	174.65362056	168.33234084
8.88500000	136.92000843	167.88782073	178.50715479	168.05112155	158.91077762	175.67134310	169.00530643	158.58434094	173.04169186	175.27443171	162.18621397	160.03672397	174.61016116	168.30038578
8.89000000	136.94100645	167.86517988	178.49653807	168.02893764	158.89075257	175.68220033	169.01218683	158.58945243	173.05045291	175.27355750	162.17059038	160.03564976	174.56703002	168.26763372
8.89500000	136.96182274	167.84383902	178.48610755	168.00619794	158.86985939	175.69264350	169.01949213	158.59518739	173.05904165	175.27280498	162.15629757	160.03455235	174.52425939	168.23407885
8.90000000	136.98239092	167.82378512	178.47588840	167.98292702	158.84812324	175.70266846	169.02719906	158.60152552	173.06744958	175.27217658	162.14336212	160.03344875	174.48188334	168.19972047
8.90500000	137.00265022	167.80500257	178.46590422	167.95915043	158.82557109	175.71227233	169.03528281	158.60844403	173.07566874	175.27167397	162.13180642	160.03235654	174.43993788	168.16456327
8.91000000	137.02254525	167.78747320	178.45617699	167.93489465	158.80223167	175.72145352	169.04371707	158.61591764	173.08369165	175.27129809	162.12164858	160.03129377	174.39846099	168.12861751
8.91500000	137.04202583	167.77117630	178.44672702	167.91018703	158.77813542	175.73021164	169.05247414	158.62391885	173.09151132	175.27104907	162.11290243	160.03027893	174.35749262	168.09189911
8.92000000	137.06104677	167.75608864	178.43757289	167.88505581	158.75331440	175.73854751	169.06152502	158.63241802	173.09912126	175.27092628	162.10557747	160.02933087	174.31707472	168.05442984
8.92500000	137.07956766	167.74218453	178.42873138	167.85953000	158.72780218	175.74646311	169.07083954	158.64138359	173.10651542	175.27092832	162.09967892	160.02846873	174.27725120	168.01623738
8.93000000	137.09755263	167.72943579	178.42021751	167.83363934	158.70163377	175.75396153	169.08038648	158.65078226	173.11368824	175.27105299	162.09520774	160.02771185	174.23806793	167.97735538
8.93500000	137.11497012	167.71781187	178.41204443	167.80741429	158.67484549	175.76104693	169.09013363	158.66057919	173.12063460	175.27129735	162.09216065	160.02707970	174.19957260	167.93782345
8.94000000	137.13179263	167.70727983	178.40422346	167.78088587	158.64747484	175.76772450	169.10004804	158.67073821	173.12734985	175.27165768	162.09053023	160.02659178	174.16181469	167.89768714
8.94500000	137.14799645	167.69780447	178.39676402	167.75408564	158.61956038	175.77400038	169.11009604	158.68122203	173.13382975	175.27212954	162.09030495	160.02626756	174.12484533	167.85699791
8.95000000	137.16356143	167.68934827	178.38967370	167.72704558	158.59114156	175.77988163	169.12024348	158.69199246	173.14007052	175.27270775	162.09146932	160.02612634	174.08871717	167.81581295
8.95500000	137.17847069	167.68187157	178.38295818	167.69979803	158.56225860	175.78537619	169.13045579	158.70301063	173.14606877	175.27338647	162.09400392	160.02618721	174.05348417	167.77419509
8.96000000	137.19271038	167.67533256	178.37662128	167.67237556	158.53295231	175.79049277	169.14069822	158.71423723	173.15182154	175.27415915	162.09788556	160.02646891	174.01920150	167.73221259
8.96500000	137.20626940	167.66968736	178.37066498	167.64481087	158.50326395	175.79524082	169.15093593	158.72563271	173.15732626	175.27501866	162.10308741	160.02698973	173.98592526	167.68993889
8.97000000	137.21913912	167.66489013	178.36508942	167.61713668	158.47323504	175.79963047	169.16113418	158.73715751	173.16258072	175.27595723	162.10957909	160.02776747	173.95371229	167.64745234
8.97500000	137.23131316	167.66089310	178.35989295	167.58938561	158.44290719	175.80367245	169.17125848	158.74877227	173.16758311	175.27696658	162.11732684	160.02881926	173.92261990	167.60483591
8.98000000	137.24278707	167.65764670	178.35507215	167.56159007	158.41232197	175.80737804	169.18127473	158.76043804	173.17233195	175.27803789	162.12629364	160.03016152	173.89270564	167.56217680
8.98500000	137.25355813	167.65509960	178.35062186	167.53378215	158.38152068	175.81075895	169.19114941	158.77211648	173.17682613	175.27916190	162.13643942	160.03180987	173.86402701	167.51956608
8.99000000	137.26362502	167.65319885	178.34653526	167.50599345	158.35054424	175.81382734	169.20084969	158.78377006	173.18106481	175.28032894	162.14772112	160.03377899	173.83664116	167.47709825
8.99500000	137.27298763	167.65188997	178.34280393	167.47825500	158.31943298	175.81659565	169.21034360	158.79536219	173.18504750	175.28152899	162.16009297	160.03608259	173.81060461	167.43487077
9.00000000	137.28164680	167.65111701	178.33941788	167.45059714	158.28822652	175.81907660	169.21960020	158.80685747	173.18877399	175.28275173	162.17350656	160.03873329	173.78597294	167.39298360
9.00500000	137.28960405	167.65082272	178.33636564	167.42304939	158.25696356	175.82128308	169.22858966	158.81822176	173.19224431	175.28398660	162.18791108	160.04174257	173.76280048	167.35153864
9.01000000	137.29686136	167.65094862	178.33363437	167.39564032	158.22568180	175.82322808	169.23728343	158.82942239	173.19545876	175.28522288	162.20325350	160.04512067	173.74113995	167.31063920
9.01500000	137.30342097	167.65143515	178.33120988	167.36839748	158.19441772	175.82492462	169.24565437	158.84042825	173.19841787	175.28644970	162.21947870	160.04887656	173.72104222	167.27038943
9.02000000	137.30928513	167.65222176	178.32907681	167.34134725	158.16320650	175.82638569	169.25367684	158.85120989	173.20112238	175.28765618	162.23652973	160.05301787	173.70255592	167.23089374
9.02500000	137.31445588	167.65324704	178.32721865	167.31451478	158.13208184	175.82762414	169.26132681	158.86173968	173.20357319	175.28883142	162.25434798	160.05755085	173.68572714	167.19225615
9.03000000	137.31893490	167.65444890	178.32561790	167.28792390	158.10107587	175.82865266	169.26858198	158.87199184	173.20577139	175.28996460	162.27287334	160.06248030	173.67059914	167.15457970
9.03500000	137.32272325	167.65576464	178.32425616	167.26159700	158.07021901	175.82948366	169.27542186	158.88194254	173.20771822	175.29104506	162.29204448	160.06780957	173.65721202	167.11796584
9.04000000	137.32582125	167.65713112	178.32311425	167.23555497	158.03953986	175.83012923	169.28182783	158.89156996	173.20941502	175.29206233	162.31179897	160.07354054	173.64560240	167.08251374
9.04500000	137.32822830	167.65848489	178.32217235	167.20981718	158.00906511	175.83060109	169.28778324	158.90085437	173.21086323	175.29300619	162.33207352	160.07967355	173.63580319	167.04831970
9.05000000	137.32994267	167.65976237	178.32141008	167.18440133	157.97881941	175.83091048	169.29327345	158.90977810	173.21206440	175.29386678	162.35280420	160.08620748	173.62784324	167.01547652
9.05500000	137.33096142	167.66089995	178.32080669	167.15932349	157.94882534	175.83106814	169.29828590	158.91832568	173.21302011	175.29463461	162.37392660	160.09313964	173.62174714	166.98407291
9.06000000	137.33128024	167.66183415	178.32034113	167.13459802	157.91910326	175.83108425	169.30281012	158.92648375	173.21373197	175.29530062	162.39537602	160.10046587	173.61753494	166.95419287
9.06500000	137.33089331	167.66250183	178.31999221	167.11023753	157.88967133	175.83096838	169.30683778	158.93424118	173.21420164	175.29585629	162.41708768	160.10818049	173.61522192	166.92591516
9.07000000	137.32979322	167.66284025	178.31973873	167.08625288	157.86054537	175.83072943	169.31036273	158.94158899	173.21443076	175.29629362	162.43899692	160.11627636	173.61481842	166.89931273
9.07500000	137.32797088	167.66278731	178.31955960	167.06265318	157.83173887	175.83037561	169.31338096	158.94852040	173.21442095	175.29660524	162.46103932	160.12474487	173.61632963	166.87445229
9.08000000	137.32541541	167.66228165	178.31943397	167.03944576	157.80326294	175.82991441	169.31589065	158.95503080	173.21417379	175.29678440	162.48315091	160.13357599	173.61975542	166.85139380
9.08500000	137.32211410	167.66126283	178.31934137	167.01663622	157.77512629	175.82935254	169.31789214	158.96111773	173.21369081	175.29682507	162.50526829	160.14275832	173.62509026	166.83019010
9.09000000	137.31805234	167.65967147	178.31926180	166.99422843	157.74733521	175.82869595	169.31938791	158.96678088	173.21297347	175.29672194	162.52732883	160.15227909	173.63232305	166.81088653
9.09500000	137.31321361	167.65744944	178.31917589	166.97222457	157.71989359	175.82794980	169.32038255	158.97202199	173.21202315	175.29647050	162.54927073	160.16212426	173.64143710	166.79352065
9.10000000	137.30757945	167.65453994	178.31906497	166.95062516	157.69280289	175.82711842	169.32088272	158.97684490	173.21084111	175.29606701	162.57103321	160.17227854	173.65241007	166.77812198
9.10500000	137.30112942	167.65088769	178.31891122	166.92942915	157.66606224	175.82620535	169.32089712	158.98125543	173.20942852	175.29550857	162.59255659	160.18272543	173.66521390	166.76471178
9.11000000	137.29384118	167.64643908	178.31869775	166.90863393	157.63966839	175.82521331	169.32043640	158.98526131	173.20778641	175.29479316	162.61378239	160.19344734	173.67981492	166.75330298
9.11500000	137.28569045	167.64114225	178.31840871	166.88823544	157.61361581	175.82414423	169.31951313	158.98887219	173.20591566	175.29391963	162.63465344	160.20442558	173.69617380	166.74390001
9.12000000	137.27665109	167.63494728	178.31802935	166.86822826	157.58789672	175.82299925	169.31814170	158.99209949	173.20381702	175.29288771	162.65511393	160.21564049	173.71424568	166.73649887
9.12500000	137.26669515	167.62780628	178.31754616	166.84860561	157.56250117	175.82177874	169.31633826	158.99495635	173.20149105	175.29169808	162.67510949	160.22707145	173.73398024	166.73108707
9.13000000	137.25579292	167.61967352	178.31694687	166.82935957	157.53741709	175.82048232	169.31412059	158.99745755	173.19893816	175.29035230	162.69458721	160.23869703	173.75532187	166.72764380
9.13500000	137.24391307	167.61050551	178.31622059	166.81048106	157.51263039	175.81910888	169.31150806	158.99961942	173.19615854	175.28885289	162.71349575	160.25049496	173.77820976	166.72614000
9.14000000	137.23102269	167.60026117	178.31535781	166.79196002	157.48812505	175.81765664	169.30852149	159.00145972	173.19315222	175.28720329	162.73178531	160.26244229	173.80257817	166.72653862
9.14500000	137.21708745	167.58890184	178.31435049	166.77378547	157.46388322	175.81612315	169.30518306	159.00299754	173.18991899	175.28540787	162.74940765	160.27451546	173.82835658	166.72879479
9.15000000	137.20207172	167.57639147	178.31319207	166.75594564	157.43988530	175.81450535	169.30151621	159.00425326	173.18645845	175.28347190	162.76631615	160.28669030	173.85546994	166.73285617
9.15500000	137.18593871	167.56269662	178.31187751	166.73842808	157.41611011	175.81279959	169.29754547	159.00524835	173.18276998	175.28140160	162.78246576	160.29894220	173.88383896	166.73866322
9.16000000	137.16865065	167.54778660	178.31040331	166.72121980	157.39253495	175.81100171	169.29329644	159.00600533	173.17885272	175.27920404	162.79781305	160.31124614	173.91338034	166.74614965
9.16500000	137.15016897	167.53163351	178.30876751	166.70430732	157.36913576	175.80910705	169.28879556	159.00654762	173.17470559	175.27688718	162.81231614	160.32357677	173.94400712	166.75524275
9.17000000	137.13045445	167.51421236	178.30696971	166.68767685	157.34588728	175.80711051	169.28407008	159.00689945	173.17032730	175.27445982	162.82593477	160.33590850	173.97562897	166.76586391
9.17500000	137.10946748	167.49550109	178.30501103	166.67131438	157.32276316	175.80500660	169.27914785	159.00708573	173.16571632	175.27193155	162.83863020	160.34821557	174.00815256	166.77792907
9.18000000	137.08716824	167.47548067	178.30289411	166.65520579	157.29973610	175.80278953	169.27405728	159.00713193	173.16087092	175.26931273	162.85036528	160.36047212	174.04148185	166.79134920
9.18500000	137.06351696	167.45413513	178.30062309	166.63933700	157.27677807	175.80045318	169.26882712	159.00706396	173.15578914	175.26661445	162.86110439	160.37265227	174.07551853	166.80603092
9.19000000	137.03847413	167.43145168	178.29820352	166.62369403	157.25386041	175.79799125	169.26348642	159.00690806	173.15046885	175.26384845	162.87081346	160.38473020	174.11016236	166.82187698
9.19500000	137.01200082	167.40742071	178.29564236	166.60826314	157.23095404	175.79539724	169.25806431	159.00669065	173.14490774	175.26102707	162.87945997	160.39668021	174.14531155	166.83878687
9.20000000	136.98405889	167.38203591	178.29294790	166.59303096	157.20802961	175.79266457	169.25258993	159.00643819	173.13910334	175.25816318	162.88701297	160.40847681	174.18086319	166.85665744
9.20500000	136.95461129	167.35529428	178.29012972	166.57798454	157.18505771	175.78978658	169.24709227	159.00617711	173.13305304	175.25527013	162.89344309	160.42009478	174.21671363	166.87538347
9.21000000	136.92362241	167.32719625	178.28719855	166.56311150	157.16200906	175.78675665	169.24160004	159.00593360	173.12675414	175.25236163	162.89872257	160.43150922	174.25275887	166.89485832
9.21500000	136.89105831	167.29774569	178.28416627	166.54840008	157.13885466	175.78356820	169.23614154	159.00573353	173.12020386	175.24945170	162.90282530	160.44269566	174.28889504	166.91497450
9.22000000	136.85688711	167.26695002	178.28104577	166.53383928	157.11556603	175.78021482	169.23074452	159.00560231	173.11339939	175.24655456	162.90572690	160.45363008	174.32501872	166.93562435
9.22500000	136.82107927	167.23482027	178.27785086	166.51941890	157.09211541	175.77669025	169.22543607	159.00556471	173.10633793	175.24368456	162.90740477	160.46428904	174.36102742	166.95670060
9.23000000	136.78360797	167.20137114	178.27459618	166.50512964	157.06847593	175.77298852	169.22024247	159.00564481	173.09901671	175.24085604	162.90783813	160.47464967	174.39681998	166.97809699
9.23500000	136.74444944	167.16662109	178.27129710	166.49096317	157.04462185	175.76910396	169.21518911	159.00586580	173.09143309	175.23808328	162.90700818	160.48468979	174.43229693	166.99970887
9.24000000	136.70358331	167.13059243	178.26796962	166.47691221	157.02052872	175.76503129	169.21030030	159.00624989	173.08358455	175.23538034	162.90489814	160.49438794	174.46736093	167.02143370
9.24500000	136.66099303	167.09331138	178.26463021	166.46297055	156.99617365	175.76076566	169.20559922	159.00681816	173.07546876	175.23276102	162.90149340	160.50372349	174.50191712	167.04317166
9.25000000	136.61666617	167.05480813	178.26129578	166.44913314	156.97153545	175.75630273	169.20110779	159.00759051	173.06708369	175.23023871	162.89678161	160.51267662	174.53587350	167.06482609
9.25500000	136.57059486	167.01511698	178.25798348	166.43539611	156.94659485	175.75163871	169.19684655	159.00858545	173.05842757	175.22782628	162.89075281	160.52122847	174.56914128	167.08630400
9.26000000	136.52277613	166.97427639	178.25471064	166.42175683	156.92133469	175.74677045	169.19283458	159.00982010	173.04949904	175.22553602	162.88339958	160.52936112	174.60163523	167.10751645
9.26500000	136.47321234	166.93232905	178.25149464	166.40821391	156.89574012	175.74169546	169.18908942	159.01131004	173.04029717	175.22337952	162.87471715	160.53705770	174.63327397	167.12837892
9.27000000	136.42191151	166.88932195	178.24835280	166.39476726	156.86979878	175.73641198	169.18562695	159.01306923	173.03082151	175.22136756	162.86470355	160.54430243	174.66398024	167.14881171
9.27500000	136.36888778	166.84530651	178.24530227	166.38141804	156.84350093	175.73091906	169.18246135	159.01510995	173.02107218	175.21951004	162.85335977	160.55108065	174.69368123	167.16874014
9.28000000	136.31416174	166.80033857	178.24235988	166.36816873	156.81683966	175.72521656	169.17960500	159.01744272	173.01104993	175.21781590	162.84068985	160.55737890	174.72230876	167.18809482
9.28500000	136.25776083	166.75447850	178.23954210	166.35502311	156.78981100	175.71930525	169.17706844	159.02007628	173.00075618	175.21629304	162.82670107	160.56318494	174.74979952	167.20681179
9.29000000	136.19971973	166.70779123	178.23686490	166.34198622	156.76241410	175.71318682	169.17486031	159.02301750	172.99019309	175.21494823	162.81140403	160.56848780	174.77609526	167.22483272
9.29500000	136.14008072	166.66034627	178.23434364	166.32906439	156.73465128	175.70686396	169.17298726	159.02627138	172.97936362	175.21378711	162.79481282	160.57327786	174.80114294	167.24210493
9.30000000	136.07889403	166.61221779	178.23199298	166.31626517	156.70652822	175.70034033	169.17145400	159.02984102	172.96827159	175.21281407	162.77694509	160.57754682	174.82489488	167.25858144
9.30500000	136.01621822	166.56348453	178.22982683	166.30359734	156.67805400	175.69362068	169.17026319	159.03372761	172.95692172	175.21203229	162.75782219	160.58128780	174.84730882	167.27422097
9.31000000	135.95212049	166.51422987	178.22785821	166.29107088	156.64924116	175.68671084	169.16941544	159.03793042	172.94531968	175.21144364	162.73746923	160.58449531	174.86834810	167.28898792
9.31500000	135.88667701	166.46454174	178.22609920	166.27869687	156.62010583	175.67961771	169.16890930	159.04244682	172.93347215	175.21104874	162.71591520	160.58716533	174.88798162	167.30285226
9.32000000	135.81997322	166.41451258	178.22456088	166.26648755	156.59066771	175.67234935	169.16874128	159.04727231	172.92138683	175.21084692	162.69319296	160.58929532	174.90618394	167.31578945
9.32500000	135.75210413	166.36423922	178.22325324	166.25445617	156.56095010	175.66491495	169.16890581	159.05240052	172.90907250	175.21083624	162.66933936	160.59088421	174.92293527	167.32778029
9.33000000	135.68317452	166.31382278	178.22218515	166.24261700	156.53097996	175.65732485	169.16939527	159.05782326	172.89653904	175.21101351	162.64439524	160.59193246	174.93822146	167.33881078
9.33500000	135.61329927	166.26336851	178.22136430	166.23098526	156.50078782	175.64959053	169.17020002	159.06353061	172.88379744	175.21137437	162.61840541	160.59244204	174.95203402	167.34887195
9.34000000	135.54260344	166.21298557	178.22079715	166.21957708	156.47040784	175.64172465	169.17130843	159.06951089	172.87085984	175.21191329	162.59141868	160.59241646	174.96437000	167.35795968
9.34500000	135.47122256	166.16278683	178.22048892	166.20840940	156.43987767	175.63374097	169.17270692	159.07575079	172.85773951	175.21262367	162.56348780	160.59186074	174.97523199	167.36607447
9.35000000	135.39930267	166.11288857	178.22044354	166.19749995	156.40923844	175.62565439	169.17437998	159.08223543	172.84445087	175.21349792	162.53466944	160.59078145	174.98462801	167.37322129
9.35500000	135.32700049	166.06341020	178.22066365	166.18686713	156.37853467	175.61748093	169.17631027	159.08894840	172.83100950	175.21452753	162.50502409	160.58918665	174.99257141	167.37940931
9.36000000	135.25448344	166.01447387	178.22115058	166.17653000	156.34781411	175.60923764	169.17847867	159.09587189	172.81743209	175.21570318	162.47461597	160.58708595	174.99908076	167.38465172
9.36500000	135.18192967	165.96620410	178.22190436	166.16650816	156.31712766	175.60094263	169.18086433	159.10298677	172.80373644	175.21701483	162.44351291	160.58449042	175.00417970	167.38896553
9.37000000	135.10952801	165.91872737	178.22292370	166.15682167	156.28652920	175.59261500	169.18344479	159.11027265	172.78994144	175.21845188	162.41178624	160.58141260	175.00789679	167.39237127
9.37500000	135.03747793	165.87217163	178.22420602	166.14749099	156.25607541	175.58427478	169.18619605	159.11770802	172.77606702	175.22000324	162.37951057	160.57786647	175.01026537	167.39489286
9.38000000	134.96598940	165.82666581	178.22574744	166.13853687	156.22582558	175.57594290	169.18909266	159.12527034	172.76213412	175.22165749	162.34676369	160.57386743	175.01132332	167.39655731
9.38500000	134.89528266	165.78233931	178.22754281	166.12998027	156.19584139	175.56764110	169.19210785	159.13293617	172.74816461	175.22340301	162.31362627	160.56943222	175.01111288	167.39739457
9.39000000	134.82558807	165.73932145	178.22958575	166.12184224	156.16618672	175.55939190	169.19521361	159.14068125	172.73418129	175.22522810	162.28018171	160.56457891	175.00968045	167.39743724
9.39500000	134.75714575	165.69774089	178.23186860	166.11414384	156.13692732	175.55121848	169.19838081	159.14848062	172.72020777	175.22712108	162.24651585	160.55932683	175.00707632	167.39672039
9.40000000	134.69020526	165.65772512	178.23438254	166.10690603	156.10813062	175.54314463	169.20157936	159.15630879	172.70626841	175.22907051	162.21271671	160.55369654	175.00335444	167.39528135
9.40500000	134.62502516	165.61939981	178.23711751	166.10014954	156.07986541	175.53519467	169.20477829	159.16413978	172.69238826	175.23106520	162.17887422	160.54770974	174.99857215	167.39315945
9.41000000	134.56187262	165.58288831	178.24006232	166.09389479	156.05220156	175.52739334	169.20794591	159.17194734	172.67859296	175.23309442	162.14507987	160.54138921	174.99278988	167.39039582
9.41500000	134.50102281	165.54831107	178.24320461	166.08816175	156.02520968	175.51976574	169.21104992	159.17970500	172.66490866	175.23514796	162.11142642	160.53475875	174.98607091	167.38703320
9.42000000	134.44275836	165.51578511	178.24653086	166.08296983	155.99896084	175.51233719	169.21405758	159.18738623	172.65136191	175.23721627	162.07800757	160.52784310	174.97848102	167.38311568
9.42500000	134.38736873	165.48542354	178.25002644	166.07833779	155.97352624	175.50513316	169.21693581	159.19496459	172.63797956	175.23929049	162.04491754	160.52066789	174.97008819	167.37868852
9.43000000	134.33514950	165.45733511	178.25367556	166.07428357	155.94897685	175.49817917	169.21965140	159.20241384	172.62478869	175.24136260	162.01225079	160.51325950	174.96096232	167.37379790
9.43500000	134.28640167	165.43162379	178.25746130	166.07082423	155.92538309	175.49150066	169.22217108	159.20970805	172.61181643	175.24342543	161.98010159	160.50564505	174.95117484	167.36849073
9.44000000	134.24143082	165.40838845	178.26136557	166.06797583	155.90281450	175.48512290	169.22446173	159.21682181	172.59908994	175.24547275	161.94856364	160.49785225	174.94079846	167.36281443
9.44500000	134.20054632	165.38772258	178.26536908	166.06575330	155.88133940	175.47907089	169.22649048	159.22373028	172.58663622	175.24749928	161.91772970	160.48990938	174.92990677	167.35681672
9.45000000	134.16406047	165.36971406	178.26945130	166.06417034	155.86102456	175.47336922	169.22822491	159.23040937	172.57448202	175.24950072	161.88769122	160.48184515	174.91857395	167.35054539
9.45500000	134.13228756	165.35444511	178.27359042	166.06323936	155.84193483	175.46804200	169.22963316	159.23683586	172.56265373	175.25147376	161.85853789	160.47368864	174.90687441	167.34404810
9.46000000	134.10554299	165.34199215	178.27776325	166.06297133	155.82413287	175.46311271	169.23068409	159.24298751	172.55117726	175.25341607	161.83035732	160.46546922	174.89488250	167.33737218
9.46500000	134.08414229	165.33242595	178.28194517	166.06337575	155.80767883	175.45860412	169.23134744	159.24884320	172.54007792	175.25532627	161.80323465	160.45721643	174.88267215	167.33056444
9.47000000	134.06840015	165.32581174	178.28611001	166.06446053	155.79263001	175.45453818	169.23159397	159.25438304	172.52938030	175.25720388	161.77725216	160.44895991	174.87031657	167.32367092
9.47500000	134.05862946	165.32220942	178.29022993	166.06623195	155.77904058	175.45093587	169.23139557	159.25958848	172.51910816	175.25904932	161.75248895	160.44072934	174.85788794	167.31673673
9.48000000	134.05514033	165.32167398	178.29427532	166.06869456	155.76696132	175.44781717	169.23072546	159.26444239	172.50928429	175.26086378	161.72902057	160.43255431	174.84545710	167.30980588
9.48500000	134.05823906	165.32425583	178.29821464	166.07185118	155.75643933	175.44520089	169.22955828	159.26892920	172.49993046	175.26264918	161.70691872	160.42446423	174.83309327	167.30292103
9.49000000	134.06822721	165.33000142	178.30201429	166.07570281	155.74751782	175.44310460	169.22787023	159.27303494	172.49106724	175.26440809	161.68625094	160.41648830	174.82086376	167.29612337
9.49500000	134.08540058	165.33895378	178.30563839	166.08024860	155.74023581	175.44154454	169.22563921	159.27674735	172.48271394	175.26614365	161.66708032	160.40865537	174.80883371	167.28945244
9.50000000	134.11004830	165.35115328	178.30904872	166.08548586	155.73462799	175.44053549	169.22284492	159.28005592	172.47488851	175.26785943	161.64946525	160.40099387	174.79706586	167.28294595
9.50500000	134.14245182	165.36663837	178.31220445	166.09140999	155.73072449	175.44009074	169.21946897	159.28295198	172.46760742	175.26955938	161.63345916	160.39353174	174.78562028	167.27663963
9.51000000	134.18288400	165.38544647	178.31506204	166.09801451	155.72855071	175.44022193	169.21549502	159.28542869	172.46088559	175.27124770	161.61911033	160.38629633	174.77455417	167.27056714
9.51500000	134.23160822	165.40761488	178.31757506	166.10529108	155.72812716	175.44093903	169.21090883	159.28748115	172.45473630	175.27292874	161.60646168	160.37931434	174.76392170	167.26475989
9.52000000	134.28887743	165.43318176	178.31969405	166.11322945	155.72946939	175.44225025	169.20569837	159.28910636	172.44917112	175.27460692	161.59555061	160.37261171	174.75377376	167.25924700
9.52500000	134.35493327	165.46218718	178.32136643	166.12181756	155.73258780	175.44416193	169.19985390	159.29030326	172.44419984	175.27628660	161.58640888	160.36621359	174.74415791	167.25405517
9.53000000	134.43000520	165.49467421	178.32253638	166.13104152	155.73748763	175.44667854	169.19336802	159.29107273	172.43983038	175.27797202	161.57906246	160.36014421	174.73511814	167.24920864
9.53500000	134.51430962	165.53068999	178.32314480	166.14088567	155.74416888	175.44980257	169.18623576	159.29141758	172.43606880	175.27966720	161.57353150	160.35442684	174.72669488	167.24472916
9.54000000	134.60804896	165.57028692	178.32312931	166.15133266	155.75262628	175.45353450	169.17845458	159.29134252	172.43291918	175.28137587	161.56983021	160.34908369	174.71892481	167.24063594
9.54500000	134.71141083	165.61352377	178.32242431	166.16236347	155.76284931	175.45787274	169.17002443	159.29085413	172.43038364	175.28310138	161.56796689	160.34413589	174.71184092	167.23694572
9.55000000	134.82456708	165.66046681	178.32096112	166.17395751	155.77482219	175.46281361	169.16094775	159.28996083	172.42846227	175.28484666	161.56794389	160.33960335	174.70547236	167.23367276
9.55500000	134.94767290	165.71119097	178.31866813	166.18609270	155.78852393	175.46835131	169.15122950	159.28867280	172.42715315	175.28661419	161.56975765	160.33550475	174.69984455	167.23082889
9.56000000	135.08086581	165.76578094	178.31547109	166.19874553	155.80392846	175.47447785	169.14087713	159.28700195	172.42645231	175.28840591	161.57339876	160.33185746	174.69497913	167.22842363
9.56500000	135.22426465	165.82433219	178.31129351	166.21189121	155.82100465	175.48118311	169.12990058	159.28496179	172.42635374	175.29022324	161.57885203	160.32867745	174.69089400	167.22646427
9.57000000	135.37796852	165.88695199	178.30605708	166.22550370	155.83971650	175.48845479	169.11831221	159.28256742	172.42684940	175.29206707	161.58609659	160.32597926	174.68760345	167.22495598
9.57500000	135.54205557	165.95376031	178.29968220	166.23955588	155.86002326	175.49627838	169.10612681	159.27983538	172.42792923	175.29393770	161.59510607	160.32377595	174.68511818	167.22390200
9.58000000	135.71658182	166.02489068	178.29208869	166.25401964	155.88187960	175.50463723	169.09336146	159.27678357	172.42958122	175.29583491	161.60584867	160.32207900	174.68344543	167.22330376
9.58500000	135.90157976	166.10049086	178.28319643	166.26886598	155.90523582	175.51351254	169.08003553	159.27343114	172.43179137	175.29775795	161.61828743	160.32089830	174.68258911	167.22316106
9.59000000	136.09705697	166.18072341	178.27292624	166.28406516	155.93003805	175.52288339	169.06617056	159.26979840	172.43454381	175.29970558	161.63238038	160.32024209	174.68254994	167.22347230
9.59500000	136.30299448	166.26576611	178.26120071	166.29958681	155.95622851	175.53272675	169.05179015	159.26590665	172.43782083	175.30167607	161.64808078	160.32011691	174.68332560	167.22423463
9.60000000	136.51934516	166.35581219	178.24794511	166.31540004	155.98374572	175.54301756	169.03691987	159.26177811	172.44160293	175.30366729	161.66533739	160.32052753	174.68491092	167.22544417
9.60500000	136.74603186	166.45107028	178.23308841	166.33147362	156.01252482	175.55372876	169.02158711	159.25743574	172.44586892	175.30567673	161.68409468	160.32147697	174.68729800	167.22709625
9.61000000	136.98294550	166.55176420	178.21656417	166.34777602	156.04249781	175.56483136	169.00582100	159.25290314	172.45059599	175.30770158	161.70429316	160.32296640	174.69047646	167.22918558
9.61500000	137.22994302	166.65813242	178.19831153	166.36427563	156.07359386	175.57629449	168.98965222	159.24820441	172.45575981	175.30973873	161.72586968	160.32499514	174.69443361	167.23170647
9.62000000	137.48684517	166.77042721	178.17827610	166.38094083	156.10573961	175.58808551	168.97311285	159.24336400	172.46133461	175.31178491	161.74875770	160.32756064	174.69915462	167.23465306
9.62500000	137.75343428	166.88891344	178.15641086	166.39774013	156.13885949	175.60017005	168.95623627	159.23840656	172.46729330	175.31383669	161.77288764	160.33065841	174.70462275	167.23801946
9.63000000	138.02945190	167.01386701	178.13267686	166.41464227	156.17287604	175.61251214	168.93905692	159.23335685	172.47360760	175.31589058	161.79818724	160.33428205	174.71081953	167.24179999
9.63500000	138.31459641	167.14557286	178.10704395	166.43161639	156.20771021	175.62507428	168.92161020	159.22823955	172.48024811	175.31794305	161.82458183	160.33842319	174.71772496	167.24598930
9.64000000	138.60852059	167.28432245	178.07949128	166.44863207	156.24328171	175.63781757	168.90393226	159.22307914	172.48718448	175.31999062	161.85199476	160.34307150	174.72531770	167.25058254
9.64500000	138.91082926	167.43041087	178.05000775	166.46565952	156.27950931	175.65070180	168.88605984	159.21789977	172.49438551	175.32202991	161.88034769	160.34821468	174.73357524	167.25557550
9.65000000	139.22107698	167.58413332	178.01859230	166.48266963	156.31631116	175.66368557	168.86803009	159.21272514	172.50181927	175.32405768	161.90956096	160.35383846	174.74247409	167.26096469
9.65500000	139.53876587	167.74578110	177.98525402	166.49963407	156.35360515	175.67672645	168.84988042	159.20757835	172.50945329	175.32607088	161.93955396	160.35992656	174.75198994	167.26674747
9.66000000	139.86334369	167.91563701	177.95001221	166.51652543	156.39130915	175.68978107	168.83164827	159.20248180	172.51725463	175.32806669	161.97024546	160.36646078	174.76209784	167.27292207
9.66500000	140.19420222	168.09397021	177.91289623	166.53331728	156.42934140	175.70280525	168.81337101	159.19745705	172.52519004	175.33004254	162.00155395	160.37342093	174.77277231	167.27948765
9.67000000	140.53067595	168.28103049	177.87394529	166.54998424	156.46762071	175.71575418	168.79508571	159.19252475	172.53322612	175.33199618	162.03339797	160.38078493	174.78398752	167.28644434
9.67500000	140.87204129	168.47704196	177.83320811	166.56650209	156.50606686	175.72858253	168.77682899	159.18770450	172.54132941	175.33392562	162.06569650	160.38852878	174.79571739	167.29379318
9.68000000	141.21751640	168.68219630	177.79074249	166.58284781	156.54460076	175.74124461	168.75863688	159.18301479	172.54946659	175.33582922	162.09836918	160.39662660	174.80793572	167.30153616
9.68500000	141.56626159	168.89664548	177.74661482	166.59899968	156.58314479	175.75369452	168.74054466	159.17847288	172.55760455	175.33770565	162.13133670	160.40505075	174.82061630	167.30967610
9.69000000	141.91738059	169.12049409	177.70089952	166.61493728	156.62162303	175.76588630	168.72258667	159.17409477	172.56571056	175.33955391	162.16452108	160.41377179	174.83373301	167.31821665
9.69500000	142.26992261	169.35379136	177.65367843	166.63064161	156.65996146	175.77777406	168.70479621	159.16989511	172.57375238	175.34137329	162.19784592	160.42275861	174.84725990	167.32716213
9.70000000	142.62288541	169.59652301	177.60504016	166.64609507	156.69808823	175.78931219	168.68720541	159.16588715	172.58169840	175.34316338	162.23123670	160.43197847	174.86117126	167.33651750
9.70500000	142.97521941	169.84860294	177.55507946	166.66128152	156.73593381	175.80045545	168.66984507	159.16208270	172.58951775	175.34492403	162.26462103	160.44139711	174.87544172	167.34628816
9.71000000	143.32583286	170.10986503	177.50389655	166.67618632	156.77343121	175.81115919	168.65274458	159.15849211	172.59718041	175.34665533	162.29792886	160.45097885	174.89004627	167.35647989
9.71500000	143.67359814	170.38005505	177.45159640	166.69079630	156.81051611	175.82137943	168.63593180	159.15512422	172.60465734	175.34835756	162.33109277	160.46068666	174.90496034	167.36709864
9.72000000	144.01735928	170.65882295	177.39828816	166.70509984	156.84712705	175.83107308	168.61943296	159.15198640	172.61192056	175.35003117	162.36404809	160.47048233	174.92015982	167.37815042
9.72500000	144.35594049	170.94571548	177.34408439	166.71908680	156.88320552	175.84019803	168.60327259	159.14908448	172.61894324	175.35167671	162.39673318	160.48032654	174.93562113	167.38964112
9.73000000	144.68815581	171.24016945	177.28910054	166.73274856	156.91869609	175.84871336	168.58747345	159.14642284	172.62569982	175.35329481	162.42908953	160.49017907	174.95132120	167.40157635
9.73500000	145.01281974	171.54150547	177.23345424	166.74607800	156.95354651	175.85657940	168.57205647	159.14400438	172.63216607	175.35488610	162.46106197	160.49999889	174.96723754	167.41396128
9.74000000	145.32875864	171.84892233	177.17726475	166.75906945	156.98770780	175.86375794	168.55704067	159.14183056	172.63831918	175.35645117	162.49259880	160.50974433	174.98334823	167.42680045
9.74500000	145.63482280	172.16149191	177.12065236	166.77171872	157.02113427	175.87021230	168.54244318	159.13990143	172.64413778	175.35799052	162.52365189	160.51937328	174.99963195	167.44009767
9.75000000	145.92989890	172.47815449	177.06373786	166.78402299	157.05378362	175.87590752	168.52827919	159.13821571	172.64960205	175.35950449	162.55417684	160.52884333	175.01606799	167.45385578
9.75500000	146.21292261	172.79771428	177.00664199	166.79598085	157.08561697	175.88081039	168.51456191	159.13677080	172.65469376	175.36099321	162.58413306	160.53811198	175.03263625	167.46807660
9.76000000	146.48289112	173.11883486	176.94948494	166.80759218	157.11659882	175.88488964	168.50130263	159.13556287	172.65939627	175.36245656	162.61348381	160.54713678	175.04931729	167.48276072
9.76500000	146.73887509	173.44003424	176.89238585	166.81885813	157.14669716	175.88811601	168.48851065	159.13458691	172.66369458	175.36389411	162.64219633	160.55587560	175.06609226	167.49790743
9.77000000	146.98002999	173.75967922	176.83546239	166.82978107	157.17588338	175.89046233	168.47619339	159.13383683	172.66757538	175.36530504	162.67024184	160.56428673	175.08294298	167.51351458
9.77500000	147.20560622	174.07597873	176.77883029	166.84036449	157.20413228	175.89190362	168.46435632	159.13330548	172.67102701	175.36668815	162.69759559	160.57232915	175.09985191	167.52957846
9.78000000	147.41495793	174.38697627	176.72260295	166.85061295	157.23142207	175.89241718	168.45300310	159.13298478	172.67403948	175.36804179	162.72423688	160.57996268	175.11680216	167.54609376
9.78500000	147.60755016	174.69054188	176.66689103	166.86053201	157.25773430	175.89198263	168.44213552	159.13286578	172.67660449	175.36936381	162.75014908	160.58714820	175.13377747	167.56305349
9.79000000	147.78296418	174.98436503	176.61180210	166.87012814	157.28305382	175.89058200	168.43175365	159.13293874	172.67871537	175.37065154	162.77531957	160.59384780	175.15076224	167.58044887
9.79500000	147.94090074	175.26595135	176.55744031	166.87940864	157.30736874	175.88819973	168.42185581	159.13319320	172.68036707	175.37190179	162.79973979	160.60002498	175.16774151	167.59826933
9.80000000	148.08118131	175.53262802	176.50390604	166.88838155	157.33067035	175.88482279	168.41243870	159.13361808	172.68155614	175.37311080	162.82340514	160.60564483	175.18470096	167.61650248
9.80500000	148.20374711	175.78156574	176.45129564	166.89705558	157.35295304	175.88044063	168.40349742	159.13420174	172.68228068	175.37427422	162.84631494	160.61067419	175.20162689	167.63513407
9.81000000	148.30865613	176.00982815	176.39970113	166.90544004	157.37421424	175.87504527	168.39502558	159.13493206	172.68254028	175.37538713	162.86847240	160.61508177	175.21850623	167.65414796
9.81500000	148.39607822	176.21446184	176.34921000	166.91354470	157.39445431	175.86863125	168.38701532	159.13579653	172.68233599	175.37644403	162.88988453	160.61883833	175.23532651	167.67352621
9.82000000	148.46628838	176.39263917	176.29990494	166.92137976	157.41367645	175.86119571	168.37945744	159.13678227	172.68167023	175.37743886	162.91056202	160.62191679	175.25207585	167.69324900
9.82500000	148.51965861	176.54185844	176.25186367	166.92895576	157.43188660	175.85273832	168.37234143	159.13787615	172.68054674	175.37836496	162.93051921	160.62429235	175.26874294	167.71329474
9.83000000	148.55664844	176.66018949	176.20515879	166.93628352	157.44909335	175.84326130	168.36565559	159.13906481	172.67897052	175.37921517	162.94977391	160.62594258	175.28531706	167.73364010
9.83500000	148.57779461	176.74652847	176.15985758	166.94337401	157.46530777	175.83276939	168.35938708	159.14033475	172.67694774	175.37998180	162.96834736	160.62684748	175.30178798	167.75426004
9.84000000	148.58370010	176.80080326	176.11602191	166.95023838	157.48054335	175.82126984	168.35352199	159.14167235	172.67448566	175.38065670	162.98626403	160.62698962	175.31814601	167.77512793
9.84500000	148.57502286	176.82406645	176.07370815	166.95688781	157.49481585	175.80877235	168.34804547	159.14306397	172.67159257	175.38123128	163.00355151	160.62635412	175.33438195	167.79621559
9.85000000	148.55246454	176.81843626	176.03296705	166.96333350	157.50814315	175.79528902	168.34294176	159.14449597	172.66827769	175.38169656	163.02024038	160.62492871	175.35048706	167.81749342
9.85500000	148.51675944	176.78689230	175.99384374	166.96958665	157.52054517	175.78083433	168.33819429	159.14595476	172.66455107	175.38204324	163.03636401	160.62270377	175.36645302	167.83893047
9.86000000	148.46866394	176.73297803	175.95637764	166.97565835	157.53204368	175.76542506	168.33378581	159.14742689	172.66042355	175.38226175	163.05195841	160.61967232	175.38227193	167.86049459
9.86500000	148.40894668	176.66048231	175.92060249	166.98155958	157.54266220	175.74908021	168.32969840	159.14889904	172.65590664	175.38234233	163.06706206	160.61583000	175.39793625	167.88215249
9.87000000	148.33837938	176.57316237	175.88654630	166.98730121	157.55242586	175.73182095	168.32591363	159.15035813	172.65101243	175.38227509	163.08171568	160.61117509	175.41343879	167.90386993
9.87500000	148.25772878	176.47454183	175.85423145	166.99289389	157.56136123	175.71367055	168.32241260	159.15179134	172.64575353	175.38205010	163.09596203	160.60570842	175.42877265	167.92561179
9.88000000	148.16774938	176.36778952	175.82367466	166.99834811	157.56949624	175.69465425	168.31917608	159.15318619	172.64014297	175.38165746	163.10984574	160.59943338	175.44393122	167.94734223
9.88500000	148.06917730	176.25566602	175.79488708	167.00367412	157.57685998	175.67479921	168.31618456	159.15453055	172.63419412	175.38108739	163.12341302	160.59235579	175.45890809	167.96902482
9.89000000	147.96272507	176.14051845	175.76787434	167.00888194	157.58348259	175.65413439	168.31341836	159.15581273	172.62792059	175.38033031	163.13671147	160.58448392	175.47369707	167.99062263
9.89500000	147.84907744	176.02430472	175.74263669	167.01398133	157.58939515	175.63269048	168.31085773	159.15702150	172.62133619	175.37937694	163.14978981	160.57582831	175.48829210	168.01209842
9.90000000	147.72888811	175.90863286	175.71916904	167.01898177	157.59462949	175.61049977	168.30848292	159.15814618	172.61445482	175.37821838	163.16269766	160.56640178	175.50268722	168.03341471
9.90500000	147.60277723	175.79480565	175.69746109	167.02389245	157.59921810	175.58759604	168.30627432	159.15917667	172.60729041	175.37684616	163.17548525	160.55621924	175.51687654	168.05453392
9.91000000	147.47132979	175.68386492	175.67749748	167.02872227	157.60319398	175.56401446	168.30421248	159.16010349	172.59985687	175.37525237	163.18820320	160.54529763	175.53085417	168.07541850
9.91500000	147.33509459	175.57663226	175.65925791	167.03347977	157.60659051	175.53979147	168.30227826	159.16091788	172.59216798	175.37342971	163.20090221	160.53365582	175.54461417	168.09603102
9.92000000	147.19458393	175.47374505	175.64271731	167.03817317	157.60944135	175.51496469	168.30045290	159.16161179	172.58423738	175.37137155	163.21363287	160.52131445	175.55815052	168.11633428
9.92500000	147.05027373	175.37568752	175.62784596	167.04281030	157.61178025	175.48957274	168.29871809	159.16217799	172.57607850	175.36907201	163.22644533	160.50829583	175.57145704	168.13629140
9.93000000	146.90260409	175.28281689	175.61460970	167.04739862	157.61364103	175.46365519	168.29705609	159.16261010	172.56770449	175.36652600	163.23938910	160.49462380	175.58452736	168.15586594
9.93500000	146.75198032	175.19538542	175.60297012	167.05194516	157.61505736	175.43725238	168.29544979	159.16290265	172.55912821	175.36372926	163.25251277	160.48032359	175.59735485	168.17502192
9.94000000	146.59877407	175.11355862	175.59288468	167.05645652	157.61606273	175.41040533	168.29388278	159.16305113	172.55036219	175.36067840	163.26586378	160.46542173	175.60993256	168.19372397
9.94500000	146.44332492	175.03743034	175.58430701	167.06093886	157.61669028	175.38315560	168.29233948	159.16305206	172.54141857	175.35737095	163.27948819	160.44994582	175.62225320	168.21193736
9.95000000	146.28594189	174.96703526	175.57718702	167.06539781	157.61697277	175.35554517	168.29080516	159.16290301	172.53230911	175.35380533	163.29343047	160.43392450	175.63430906	168.22962804
9.95500000	146.12690527	174.90235916	175.57147119	167.06983851	157.61694240	175.32761630	168.28926607	159.16260270	172.52304516	175.34998089	163.30773329	160.41738722	175.64609201	168.24676277
9.96000000	145.96646840	174.84334734	175.56710275	167.07426557	157.61663079	175.29941145	168.28770948	159.16215100	172.51363762	175.34589786	163.32243731	160.40036415	175.65759343	168.26330911
9.96500000	145.80485952	174.78991154	175.56402191	167.07868303	157.61606889	175.27097308	168.28612375	159.16154900	172.50409699	175.34155741	163.33758103	160.38288604	175.66880417	168.27923552
9.97000000	145.64228364	174.74193566	175.56216612	167.08309433	157.61528684	175.24234359	168.28449843	159.16079907	172.49443330	175.33696153	163.35320062	160.36498405	175.67971458	168.29451137
9.97500000	145.47892434	174.69928035	175.56147028	167.08750230	157.61431400	175.21356515	168.28282426	159.15990483	172.48465618	175.33211307	163.36932978	160.34668966	175.69031446	168.30910703
9.98000000	145.31494558	174.66178687	175.56186700	167.09190915	157.61317880	175.18467962	168.28109332	159.15887126	172.47477480	175.32701566	163.38599961	160.32803454	175.70059309	168.32299391
9.98500000	145.15049339	174.62928010	175.56328683	167.09631644	157.61190874	175.15572839	168.27929900	159.15770464	172.46479793	175.32167366	163.40323851	160.30905040	175.71053918	168.33614450
9.99000000	144.98569755	174.60157114	175.56565857	167.10072503	157.61053030	175.12675229	168.27743609	159.15641262	172.45473393	175.31609213	163.42107208	160.28976887	175.72014098	168.34853246
9.99500000	144.82067313	174.57845925	175.56890945	167.10513512	157.60906893	175.09779145	168.27550081	159.15500421	172.44459076	175.31027671	163.43952308	160.27022142	175.72938624	168.36013264
10.00000000	144.65552195	174.55973353	175.57296543	167.10954619	157.60754900	175.06888522	168.27349086	159.15348975	172.43437603	175.30423360	163.45861131	160.25043924	175.73826228	168.37092114
10.00500000	144.49033400	174.54517422	175.57775146	167.11395701	157.60599375	175.04007202	168.27140545	159.15188091	172.42409700	175.29796947	163.47835363	160.23045311	175.74675603	168.38087542
10.01000000	144.32518867	174.53455373	175.58319171	167.11836562	157.60442527	175.01138927	168.26924531	159.15019065	172.41376060	175.29149137	163.49876389	160.21029333	175.75485411	168.38997431
10.01500000	144.16015598	174.52763750	175.58920986	167.12276933	157.60286450	174.98287326	168.26701270	159.14843319	172.40337345	175.28480666	163.51985294	160.18998964	175.76254289	168.39819812
10.02000000	143.99529762	174.52418459	175.59572936	167.12716472	157.60133118	174.95455909	168.26471145	159.14662396	172.39294194	175.27792294	163.54162861	160.16957111	175.76980857	168.40552865
10.02500000	143.83066800	174.52394829	175.60267366	167.13154762	157.59984382	174.92648053	168.26234692	159.14477952	172.38247216	175.27084794	163.56409573	160.14906605	175.77663726	168.41194934
10.03000000	143.66631510	174.52667649	175.60996647	167.13591314	157.59841973	174.89866998	168.25992602	159.14291749	172.37197001	175.26358947	163.58725614	160.12850200	175.78301508	168.41744526
10.03500000	143.50228132	174.53211203	175.61753203	167.14025563	157.59707496	174.87115835	168.25745717	159.14105648	172.36144119	175.25615533	163.61110870	160.10790557	175.78892826	168.42200322
10.04000000	143.33860419	174.53999300	175.62529531	167.14456874	157.59582432	174.84397502	168.25495031	159.13921598	172.35089120	175.24855324	163.63564935	160.08730246	175.79436320	168.42561183
10.04500000	143.17531703	174.55005305	175.63318228	167.14884543	157.59468136	174.81714774	168.25241680	159.13741625	172.34032540	175.24079075	163.66087114	160.06671734	175.79930664	168.42826153
10.05000000	143.01244951	174.56202159	175.64112014	167.15307793	157.59365836	174.79070258	168.24986944	159.13567824	172.32974901	175.23287520	163.68676427	160.04617386	175.80374573	168.42994472
10.05500000	142.85002816	174.57562409	175.64903749	167.15725783	157.59276632	174.76466386	168.24732238	159.13402342	172.31916714	175.22481364	163.71331614	160.02569453	175.80766809	168.43065575
10.06000000	142.68807679	174.59058238	175.65686460	167.16137606	157.59201497	174.73905411	168.24479107	159.13247371	172.30858476	175.21661280	163.74051144	160.00530072	175.81106202	168.43039102
10.06500000	142.52661689	174.60661496	175.66453355	167.16542296	157.59141275	174.71389401	168.24229217	159.13105130	172.29800677	175.20827902	163.76833217	159.98501265	175.81391650	168.42914899
10.07000000	142.36566788	174.62343738	175.67197844	167.16938827	157.59096680	174.68920234	168.23984352	159.12977854	172.28743795	175.19981821	163.79675779	159.96484928	175.81622136	168.42693028
10.07500000	142.20524743	174.64076272	175.67913554	167.17326121	157.59068298	174.66499596	168.23746401	159.12867781	172.27688302	175.19123584	163.82576522	159.94482834	175.81796736	168.42373768
10.08000000	142.04537160	174.65830203	175.68594347	167.17703050	157.59056584	174.64128978	168.23517353	159.12777138	172.26634660	175.18253690	163.85532901	159.92496632	175.81914628	168.41957620
10.08500000	141.88605508	174.67576502	175.69234329	167.18068440	157.59061864	174.61809672	168.23299283	159.12708124	172.25583323	175.17372587	163.88542137	159.90527839	175.81975106	168.41445311
10.09000000	141.72731121	174.69286068	175.69827865	167.18421081	157.59084331	174.59542767	168.23094348	159.12662902	172.24534736	175.16480674	163.91601235	159.88577843	175.81977582	168.40837799
10.09500000	141.56915215	174.70929808	175.70369590	167.18759726	157.59124048	174.57329153	168.22904773	159.12643579	172.23489336	175.15578301	163.94706991	159.86647902	175.81921603	168.40136273
10.10000000	141.41158886	174.72478729	175.70854414	167.19083102	157.59180945	174.55169513	168.22732840	159.12652200	172.22447547	175.14665766	163.97856007	159.84739144	175.81806855	168.39342159
10.10500000	141.25463115	174.73904031	175.71277531	167.19389913	157.59254822	174.53064329	168.22580881	159.12690727	172.21409788	175.13743321	164.01044704	159.82852565	175.81633172	168.38457122
10.11000000	141.09828768	174.75177218	175.71634421	167.19678847	157.59345343	174.51013877	168.22451263	159.12761033	172.20376463	175.12811174	164.04269336	159.80989031	175.81400545	168.37483066
10.11500000	140.94256590	174.76270217	175.71920858	167.19948586	157.59452041	174.49018233	168.22346380	159.12864889	172.19347964	175.11869486	164.07526007	159.79149280	175.81109129	168.36422139
10.12000000	140.78747204	174.77155505	175.72132905	167.20197809	157.59574314	174.47077267	168.22268640	159.13003949	172.18324672	175.10918385	164.10810683	159.77333923	175.80759252	168.35276732
10.12500000	140.63301103	174.77806238	175.72266919	167.20425199	157.59711427	174.45190652	168.22220455	159.13179744	172.17306953	175.09957962	164.14119210	159.75543446	175.80351416	168.34049480
10.13000000	140.47918641	174.78196400	175.72319545	167.20629454	157.59862512	174.43357863	168.22204230	159.13393671	172.16295159	175.08988277	164.17447332	159.73778214	175.79886311	168.32743264
10.13500000	140.32600029	174.78300941	175.72287717	167.20809293	157.60026569	174.41578180	168.22222349	159.13646981	172.15289625	175.08009368	164.20790705	159.72038470	175.79364812	168.31361211
10.14000000	140.17345327	174.78095925	175.72168649	167.20963460	157.60202467	174.39850694	168.22277168	159.13940777	172.14290672	175.07021256	164.24144913	159.70324345	175.78787994	168.29906690
10.14500000	140.02154430	174.77558678	175.71959829	167.21090735	157.60388944	174.38174307	168.22371003	159.14276001	172.13298599	175.06023946	164.27505488	159.68635856	175.78157126	168.28383314
10.15000000	139.87027063	174.76667926	175.71659018	167.21189941	157.60584614	174.36547742	168.22506116	159.14653432	172.12313693	175.05017441	164.30867922	159.66972912	175.77473682	168.26794938
10.15500000	139.71962776	174.75403935	175.71264232	167.21259950	157.60787965	174.34969543	168.22684710	159.15073682	172.11336218	175.04001741	164.34227687	159.65335322	175.76739343	168.25145655
10.16000000	139.56960930	174.73748632	175.70773744	167.21299691	157.60997369	174.33438088	168.22908916	159.15537188	172.10366420	175.02976855	164.37580250	159.63722793	175.75955997	168.23439794
10.16500000	139.42020694	174.71685723	175.70186067	167.21308157	157.61211081	174.31951586	168.23180782	159.16044215	172.09404526	175.01942806	164.40921085	159.62134941	175.75125745	168.21681915
10.17000000	139.27141039	174.69200792	175.69499946	167.21284410	157.61427250	174.30508094	168.23502269	159.16594850	172.08450745	175.00899636	164.44245693	159.60571290	175.74250897	168.19876803
10.17500000	139.12320732	174.66281376	175.68714347	167.21227590	157.61643925	174.29105516	168.23875236	159.17189006	172.07505262	174.99847414	164.47549614	159.59031284	175.73333978	168.18029469
10.18000000	138.97558333	174.62917033	175.67828451	167.21136921	157.61859063	174.27741616	168.24301434	159.17826419	172.06568246	174.98786241	164.50828439	159.57514286	175.72377724	168.16145133
10.18500000	138.82852191	174.59099380	175.66841635	167.21011716	157.62070537	174.26414025	168.24782502	159.18506656	172.05639845	174.97716256	164.54077827	159.56019587	175.71385080	168.14229227
10.19000000	138.68200448	174.54822113	175.65753468	167.20851383	157.62276150	174.25120247	168.25319954	159.19229111	172.04720188	174.96637641	164.57293516	159.54546408	175.70359202	168.12287380
10.19500000	138.53601031	174.50081009	175.64563699	167.20655433	157.62473642	174.23857670	168.25915177	159.19993015	172.03809385	174.95550627	164.60471332	159.53093908	175.69303450	168.10325412
10.20000000	138.39051663	174.44873895	175.63272242	167.20423481	157.62660707	174.22623577	168.26569421	159.20797439	172.02907528	174.94455494	164.63607207	159.51661186	175.68221383	168.08349323
10.20500000	138.24549862	174.39200617	175.61879172	167.20155258	157.62835003	174.21415151	168.27283797	159.21641298	172.02014691	174.93352581	164.66697181	159.50247288	175.67116760	168.06365283
10.21000000	138.10092944	174.33062969	175.60384711	167.19850611	157.62994169	174.20229487	168.28059273	159.22523360	172.01130933	174.92242282	164.69737418	159.48851209	175.65993524	168.04379618
10.21500000	137.95678037	174.26464628	175.58789218	167.19509509	157.63135835	174.19063602	168.28896664	159.23442254	172.00256294	174.91125053	164.72724214	159.47471902	175.64855802	168.02398798
10.22000000	137.81302078	174.19411055	175.57093182	167.19132048	157.63257644	174.17914440	168.29796636	159.24396471	171.99390802	174.90001412	164.75654001	159.46108275	175.63707894	168.00429425
10.22500000	137.66961834	174.11909398	175.55297209	167.18718458	157.63357262	174.16778891	168.30759700	159.25384380	171.98534470	174.88871936	164.78523361	159.44759203	175.62554264	167.98478214
10.23000000	137.52653902	174.03968385	175.53402019	167.18269102	157.63432400	174.15653791	168.31786207	159.26404232	171.97687299	174.87737267	164.81329026	159.43423526	175.61399525	167.96551982
10.23500000	137.38374728	173.95598206	175.51408432	167.17784486	157.63480823	174.14535936	168.32876352	159.27454165	171.96849279	174.86598107	164.84067889	159.42100057	175.60248433	167.94657629
10.24000000	137.24120615	173.86810393	175.49317363	167.17265256	157.63500374	174.13422094	168.34030171	159.28532222	171.96020388	174.85455215	164.86737005	159.40787582	175.59105872	167.92802120
10.24500000	137.09887738	173.77617699	175.47129817	167.16712208	157.63488982	174.12309009	168.35247541	159.29636347	171.95200599	174.84309409	164.89333600	159.39484866	175.57976840	167.90992469
10.25000000	136.95672159	173.68033979	175.44846874	167.16126285	157.63444687	174.11193414	168.36528181	159.30764406	171.94389875	174.83161556	164.91855071	159.38190659	175.56866434	167.89235722
10.25500000	136.81469842	173.58074068	175.42469692	167.15508584	157.63365647	174.10072041	168.37871652	159.31914185	171.93588175	174.82012573	164.94298990	159.36903692	175.55779839	167.87538935
10.26000000	136.67276666	173.47753665	175.39999491	167.14860355	157.63250157	174.08941626	168.39277364	159.33083404	171.92795452	174.80863422	164.96663109	159.35622689	175.54722306	167.85909157
10.26500000	136.53088442	173.37089218	175.37437555	167.14183004	157.63096661	174.07798922	168.40744574	159.34269727	171.92011658	174.79715100	164.98945360	159.34346365	175.53699145	167.84353409
10.27000000	136.38900931	173.26097815	175.34785220	167.13478094	157.62903767	174.06640705	168.42272390	159.35470763	171.91236741	174.78568635	165.01143857	159.33073433	175.52715701	167.82878669
10.27500000	136.24709857	173.14797077	175.32043873	167.12747347	157.62670255	174.05463783	168.43859780	159.36684080	171.90470651	174.77425081	165.03256900	159.31802606	175.51777342	167.81491845
10.28000000	136.10510927	173.03205063	175.29214943	167.11992640	157.62395093	174.04265005	168.45505571	159.37907212	171.89713335	174.76285508	165.05282976	159.30532600	175.50889443	167.80199763
10.28500000	135.96299843	172.91340169	175.26299895	167.11216009	157.62077442	174.03041267	168.47208456	159.39137665	171.88964744	174.75150993	165.07220758	159.29262140	175.50057367	167.79009141
10.29000000	135.82072324	172.79221037	175.23300228	167.10419646	157.61716664	174.01789520	168.48967004	159.40372924	171.88224830	174.74022615	165.09069108	159.27989966	175.49286451	167.77926574
10.29500000	135.67824114	172.66866475	175.20217469	167.09605900	157.61312333	174.00506778	168.50779658	159.41610464	171.87493546	174.72901443	165.10827082	159.26714831	175.48581988	167.76958511
10.30000000	135.53551005	172.54295366	175.17053167	167.08777269	157.60864234	173.99190124	168.52644750	159.42847750	171.86770849	174.71788528	165.12493927	159.25435511	175.47949214	167.76111239
10.30500000	135.39248850	172.41526599	175.13808885	167.07936406	157.60372372	173.97836715	168.54560502	159.44082253	171.86056698	174.70684893	165.14069082	159.24150810	175.47393289	167.75390861
10.31000000	135.24913575	172.28578989	175.10486204	167.07086108	157.59836970	173.96443791	168.56525035	159.45311452	171.85351055	174.69591527	165.15552186	159.22859560	175.46919284	167.74803278
10.31500000	135.10541198	172.15471211	175.07086707	167.06229316	157.59258471	173.95008678	168.58536378	159.46532838	171.84653882	174.68509369	165.16943073	159.21560632	175.46532162	167.74354171
10.32000000	134.96127838	172.02221731	175.03611982	167.05369112	157.58637538	173.93528794	168.60592472	159.47743929	171.83965143	174.67439304	165.18241779	159.20252936	175.46236771	167.74048984
10.32500000	134.81669734	171.88848745	175.00063614	167.04508709	157.57975049	173.92001655	168.62691179	159.48942270	171.83284802	174.66382151	165.19448540	159.18935431	175.46037819	167.73892903
10.33000000	134.67163253	171.75370118	174.96443183	167.03651450	157.57272094	173.90424878	168.64830291	159.50125444	171.82612822	174.65338655	165.20563798	159.17607128	175.45939868	167.73890841
10.33500000	134.52604902	171.61803330	174.92752252	167.02800800	157.56529970	173.88796185	168.67007538	159.51291078	171.81949160	174.64309479	165.21588198	159.16267096	175.45947318	167.74047421
10.34000000	134.37991342	171.48165420	174.88992373	167.01960340	157.55750169	173.87113407	168.69220590	159.52436847	171.81293771	174.63295192	165.22522595	159.14914467	175.46064393	167.74366959
10.34500000	134.23319398	171.34472936	174.85165073	167.01133757	157.54934379	173.85374488	168.71467072	159.53560489	171.80646602	174.62296267	165.23368054	159.13548445	175.46295129	167.74853447
10.35000000	134.08586067	171.20741890	174.81271853	167.00324839	157.54084464	173.83577488	168.73744569	159.54659804	171.80007590	174.61313066	165.24125851	159.12168308	175.46643361	167.75510543
10.35500000	133.93788530	171.06987712	174.77314186	166.99537465	157.53202461	173.81720584	168.76050631	159.55732666	171.79376660	174.60345841	165.24797476	159.10773414	175.47112712	167.76341550
10.36000000	133.78924155	170.93225211	174.73293507	166.98775596	157.52290560	173.79802073	168.78382786	159.56777031	171.78753723	174.59394723	165.25384636	159.09363212	175.47706583	167.77349406
10.36500000	133.63990511	170.79468536	174.69211214	166.98043266	157.51351101	173.77820374	168.80738541	159.57790940	171.78138670	174.58459716	165.25889252	159.07937239	175.48428141	167.78536674
10.37000000	133.48985371	170.65731140	174.65068661	166.97344570	157.50386551	173.75774029	168.83115396	159.58772529	171.77531373	174.57540696	165.26313467	159.06495134	175.49280311	167.79905525
10.37500000	133.33906719	170.52025751	174.60867157	166.96683654	157.49399495	173.73661706	168.85510848	159.59720036	171.76931680	174.56637404	165.26659644	159.05036637	175.50265768	167.81457730
10.38000000	133.18752756	170.38364342	174.56607958	166.96064707	157.48392618	173.71482196	168.87922399	159.60631805	171.76339412	174.55749441	165.26930365	159.03561597	175.51386927	167.83194649
10.38500000	133.03521902	170.24758105	174.52292269	166.95491943	157.47368689	173.69234417	168.90347564	159.61506298	171.75754361	174.54876270	165.27128437	159.02069977	175.52645936	167.85117225
10.39000000	132.88212805	170.11217431	174.47921239	166.94969595	157.46330549	173.66917412	168.92783878	159.62342092	171.75176283	174.54017209	165.27256890	159.00561859	175.54044672	167.87225971
10.39500000	132.72824340	169.97751893	174.43495959	166.94501896	157.45281087	173.64530351	168.95228905	159.63137893	171.74604904	174.53171431	165.27318977	158.99037443	175.55584737	167.89520966
10.40000000	132.57355611	169.84370225	174.39017460	166.94093072	157.44223229	173.62072527	168.97680240	159.63892536	171.74039906	174.52337964	165.27318177	158.97497060	175.57267448	167.92001849
10.40500000	132.41805959	169.71080314	174.34486711	166.93747325	157.43159921	173.59543359	169.00135525	159.64604991	171.73480935	174.51515691	165.27258190	158.95941168	175.59093842	167.94667809
10.41000000	132.26174956	169.57889190	174.29904622	166.93468819	157.42094106	173.56942388	169.02592447	159.65274365	171.72927594	174.50703347	165.27142941	158.94370358	175.61064665	167.97517586
10.41500000	132.10462414	169.44803023	174.25272039	166.93261666	157.41028715	173.54269280	169.05048750	159.65899911	171.72379439	174.49899523	165.26976574	158.92785355	175.63180379	168.00549461
10.42000000	131.94668376	169.31827116	174.20589749	166.93129909	157.39966645	173.51523820	169.07502240	159.66481023	171.71835986	174.49102664	165.26763454	158.91187022	175.65441154	168.03761253
10.42500000	131.78793125	169.18965910	174.15858477	166.93077511	157.38910744	173.48705913	169.09950792	159.67017243	171.71296700	174.48311073	165.26508160	158.89576359	175.67846872	168.07150319
10.43000000	131.62837176	169.06222984	174.11078891	166.93108336	157.37863794	173.45815580	169.12392355	159.67508262	171.70761002	174.47522910	165.26215483	158.87954504	175.70397131	168.10713547
10.43500000	131.46801280	168.93601068	174.06251602	166.93226133	157.36828500	173.42852961	169.14824958	159.67953922	171.70228266	174.46736197	165.25890417	158.86322736	175.73091238	168.14447354
10.44000000	131.30686418	168.81102046	174.01377168	166.93434521	157.35807465	173.39818309	169.17246717	159.68354214	171.69697821	174.45948819	165.25538159	158.84682470	175.75928220	168.18347688
10.44500000	131.14493802	168.68726976	173.96456101	166.93736972	157.34803188	173.36711986	169.19655836	159.68709279	171.69168949	174.45158524	165.25164093	158.83035255	175.78906822	168.22410021
10.45000000	130.98224868	168.56476100	173.91488862	166.94136793	157.33818040	173.33534468	169.22050615	159.69019410	171.68640891	174.44362932	165.24773787	158.81382777	175.82025514	168.26629355
10.45500000	130.81881276	168.44348869	173.86475877	166.94637111	157.32854255	173.30286337	169.24429455	159.69285049	171.68112844	174.43559532	165.24372978	158.79726851	175.85282492	168.31000218
10.46000000	130.65464905	168.32343957	173.81417534	166.95240857	157.31913919	173.26968279	169.26790858	159.69506787	171.67583969	174.42745688	165.23967563	158.78069419	175.88675686	168.35516668
10.46500000	130.48977848	168.20459294	173.76314192	166.95950748	157.30998954	173.23581086	169.29133431	159.69685362	171.67053387	174.41918643	165.23563582	158.76412543	175.92202764	168.40172295
10.47000000	130.32422406	168.08692085	173.71166189	166.96769268	157.30111115	173.20125650	169.31455892	159.69821659	171.66520191	174.41075525	165.23167205	158.74758405	175.95861138	168.44960227
10.47500000	130.15801084	167.97038844	173.65973842	166.97698658	157.29251971	173.16602963	169.33757069	159.69916707	171.65983441	174.40213345	165.22784716	158.73109291	175.99647973	168.49873135
10.48000000	129.99116585	167.85495422	173.60737463	166.98740894	157.28422906	173.13014115	169.36035902	159.69971677	171.65442177	174.39329008	165.22422493	158.71467595	176.03560190	168.54903240
10.48500000	129.82371801	167.74057044	173.55457359	166.99897677	157.27625103	173.09360291	169.38291446	159.69987880	171.64895417	174.38419315	165.22086992	158.69835802	176.07594478	168.60042323
10.49000000	129.65569811	167.62718345	173.50133842	167.01170412	157.26859546	173.05642771	169.40522869	159.69966767	171.64342166	174.37480970	165.21784724	158.68216481	176.11747299	168.65281735
10.49500000	129.48713867	167.51473404	173.44767236	167.02560201	157.26127008	173.01862928	169.42729454	159.69909923	171.63781419	174.36510583	165.21522236	158.66612280	176.16014896	168.70612411
10.50000000	129.31807393	167.40315787	173.39357884	167.04067824	157.25428052	172.98022224	169.44910599	159.69819069	171.63212170	174.35504681	165.21306087	158.65025910	176.20393306	168.76024885
10.50500000	129.14853973	167.29238589	173.33906156	167.05693730	157.24763028	172.94122214	169.47065815	159.69696056	171.62633416	174.34459711	165.21142827	158.63460136	176.24878363	168.81509307
10.51000000	128.97857343	167.18234474	173.28412455	167.07438024	157.24132068	172.90164539	169.49194724	159.69542864	171.62044164	174.33372046	165.21038972	158.61917765	176.29465711	168.87055460
10.51500000	128.80821383	167.07295724	173.22877223	167.09300456	157.23535093	172.86150929	169.51297056	159.69361598	171.61443435	174.32238001	165.21000979	158.60401633	176.34150814	168.92652781
10.52000000	128.63750107	166.96414279	173.17300949	167.11280414	157.22971807	172.82083202	169.53372652	159.69154490	171.60830278	174.31053834	165.21035224	158.58914594	176.38928959	168.98290388
10.52500000	128.46647655	166.85581788	173.11684176	167.13376913	157.22441705	172.77963258	169.55421451	159.68923886	171.60203767	174.29815757	165.21147972	158.57459501	176.43795273	169.03957097
10.53000000	128.29518283	166.74789656	173.06027503	167.15588590	157.21944075	172.73793086	169.57443497	159.68672255	171.59563016	174.28519950	165.21345355	158.56039197	176.48744724	169.09641456
10.53500000	128.12366349	166.64029089	173.00331592	167.17913698	157.21478004	172.69574754	169.59438925	159.68402174	171.58907181	174.27162571	165.21633343	158.54656500	176.53772138	169.15331769
10.54000000	127.95196309	166.53291147	172.94597170	167.20350100	157.21042382	172.65310415	169.61407965	159.68116329	171.58235469	174.25739765	165.22017721	158.53314184	176.58872200	169.21016129
10.54500000	127.78012701	166.42566790	172.88825037	167.22895269	157.20635914	172.61002304	169.63350929	159.67817512	171.57547143	174.24247683	165.22504059	158.52014967	176.64039467	169.26682449
10.55000000	127.60820137	166.31846928	172.83016064	167.25546284	157.20257123	172.56652734	169.65268210	159.67508609	171.56841530	174.22682493	165.23097686	158.50761492	176.69268371	169.32318497
10.55500000	127.43623290	166.21122470	172.77171198	167.28299830	157.19904362	172.52264097	169.67160274	159.67192600	171.56118026	174.21040395	165.23803664	158.49556318	176.74553233	169.37911932
10.56000000	127.26426883	166.10384372	172.71291461	167.31152203	157.19575826	172.47838861	169.69027654	159.66872548	171.55376103	174.19317640	165.24626761	158.48401895	176.79888265	169.43450347
10.56500000	127.09235676	165.99623685	172.65377955	167.34099306	157.19269560	172.43379569	169.70870942	159.66551593	171.54615313	174.17510548	165.25571423	158.47300555	176.85267575	169.48921300
10.57000000	126.92054460	165.88831602	172.59431853	167.37136661	157.18983472	172.38888837	169.72690785	159.66232944	171.53835295	174.15615526	165.26641752	158.46254494	176.90685181	169.54312368
10.57500000	126.74888035	165.77999507	172.53454410	167.40259409	157.18715345	172.34369347	169.74487874	159.65919867	171.53035778	174.13629088	165.27841472	158.45265756	176.96135009	169.59611182
10.58000000	126.57741206	165.67119018	172.47446950	167.43462320	157.18462850	172.29823850	169.76262938	159.65615679	171.52216585	174.11547880	165.29173912	158.44336217	177.01610902	169.64805478
10.58500000	126.40618769	165.56182030	172.41410870	167.46739804	157.18223559	172.25255158	169.78016740	159.65323732	171.51377639	174.09368697	165.30641973	158.43467575	177.07106627	169.69883144
10.59000000	126.23525498	165.45180764	172.35347638	167.50085917	157.17994958	172.20666143	169.79750063	159.65047405	171.50518965	174.07088511	165.32248109	158.42661328	177.12615879	169.74832268
10.59500000	126.06466133	165.34107800	172.29258783	167.53494378	157.17774462	172.16059729	169.81463708	159.64790092	171.49640689	174.04704494	165.33994300	158.41918767	177.18132285	169.79641192
10.60000000	125.89445368	165.22956124	172.23145899	167.56958577	157.17559425	172.11438890	169.83158488	159.64555183	171.48743046	174.02214042	165.35882030	158.41240959	177.23649413	169.84298558
10.60500000	125.72467844	165.11719160	172.17010634	167.60471598	157.17347160	172.06806643	169.84835216	159.64346059	171.47826375	173.99614804	165.37912264	158.40628737	177.29160776	169.88793368
10.61000000	125.55538133	165.00390811	172.10854692	167.64026227	157.17134946	172.02166044	169.86494705	159.64166071	171.46891125	173.96904704	165.40085430	158.40082688	177.34659838	169.93115028
10.61500000	125.38660728	164.88965489	172.04679820	167.67614977	157.16920046	171.97520178	169.88137759	159.64018529	171.45937850	173.94081967	165.42401398	158.39603140	177.40140024	169.97253412
10.62000000	125.21840036	164.77438145	171.98487810	167.71230102	157.16699720	171.92872155	169.89765170	159.63906686	171.44967210	173.91145150	165.44859461	158.39190159	177.45594722	170.01198906
10.62500000	125.05080367	164.65804302	171.92280494	167.74863622	157.16471236	171.88225101	169.91377711	159.63833721	171.43979972	173.88093161	165.47458325	158.38843534	177.51017300	170.04942465
10.63000000	124.88385926	164.54060076	171.86059733	167.78507342	157.16231886	171.83582153	169.92976134	159.63802726	171.42977000	173.84925288	165.50196087	158.38562773	177.56401106	170.08475664
10.63500000	124.71760804	164.42202203	171.79827418	167.82152874	157.15978997	171.78946446	169.94561169	159.63816693	171.41959262	173.81641221	165.53070231	158.38347100	177.61739484	170.11790750
10.64000000	124.55208972	164.30228055	171.73585467	167.85791662	157.15709947	171.74321109	169.96133515	159.63878492	171.40927817	173.78241078	165.56077615	158.38195444	177.67025787	170.14880688
10.64500000	124.38734273	164.18135661	171.67335814	167.89415008	157.15422173	171.69709253	169.97693844	159.63990862	171.39883816	173.74725421	165.59214467	158.38106440	177.72253380	170.17739209
10.65000000	124.22340421	164.05923716	171.61080413	167.93014094	157.15113190	171.65113965	169.99242796	159.64156393	171.38828496	173.71095280	165.62476378	158.38078428	177.77415666	170.20360857
10.65500000	124.06030990	163.93591593	171.54821231	167.96580010	157.14780599	171.60538297	170.00780980	159.64377512	171.37763172	173.67352171	165.65858301	158.38109450	177.82506090	170.22741023
10.66000000	123.89809418	163.81139353	171.48560249	168.00103778	157.14422098	171.55985255	170.02308970	159.64656470	171.36689232	173.63498108	165.69354557	158.38197249	177.87518159	170.24875993
10.66500000	123.73678997	163.68567742	171.42299454	168.03576384	157.14035500	171.51457795	170.03827311	159.64995327	171.35608130	173.59535620	165.72958831	158.38339275	177.92445459	170.26762977
10.67000000	123.57642877	163.55878196	171.36040846	168.06988799	157.13618739	171.46958806	170.05336511	159.65395943	171.34521377	173.55467763	165.76664186	158.38532689	177.97281671	170.28400140
10.67500000	123.41704061	163.43072834	171.29786431	168.10332007	157.13169886	171.42491110	170.06837049	159.65859959	171.33430535	173.51298126	165.80463071	158.38774361	178.02020588	170.29786633
10.68000000	123.25865408	163.30154452	171.23538223	168.13597039	157.12687156	171.38057445	170.08329369	159.66388794	171.32337207	173.47030839	165.84347330	158.39060883	178.06656137	170.30922617
10.68500000	123.10129633	163.17126513	171.17298244	168.16774992	157.12168921	171.33660459	170.09813890	159.66983628	171.31243026	173.42670575	165.88308221	158.39388575	178.11182399	170.31809280
10.69000000	122.94499307	163.03993128	171.11068528	168.19857060	157.11613719	171.29302703	170.11290997	159.67645397	171.30149649	173.38222553	165.92336430	158.39753490	178.15593623	170.32448856
10.69500000	122.78976863	162.90759046	171.04851116	168.22834559	157.11020262	171.24986619	170.12761051	159.68374784	171.29058744	173.33692536	165.96422096	158.40151428	178.19884251	170.32844637
10.70000000	122.63564596	162.77429625	170.98648063	168.25698958	157.10387448	171.20714536	170.14224387	159.69172211	171.27971984	173.29086824	166.00554828	158.40577946	178.24048938	170.33000980
10.70500000	122.48264669	162.64010813	170.92461439	168.28441898	157.09714364	171.16488657	170.15681316	159.70037830	171.26891029	173.24412252	166.04723732	158.41028369	178.28082567	170.32923315
10.71000000	122.33079115	162.50509121	170.86293328	168.31055223	157.09000293	171.12311058	170.17132127	159.70971525	171.25817527	173.19676176	166.08917437	158.41497807	178.31980268	170.32618147
10.71500000	122.18009848	162.36931590	170.80145836	168.33531000	157.08244723	171.08183677	170.18577091	159.71972901	171.24753091	173.14886462	166.13124125	158.41981164	178.35737434	170.32093051
10.72000000	122.03058661	162.23285763	170.74021088	168.35861546	157.07447346	171.04108309	170.20016458	159.73041285	171.23699298	173.10051476	166.17331559	158.42473163	178.39349734	170.31356673
10.72500000	121.88227240	162.09579645	170.67921233	168.38039450	157.06608066	171.00086599	170.21450462	159.74175720	171.22657675	173.05180062	166.21527116	158.42968351	178.42813125	170.30418724
10.73000000	121.73517166	161.95821674	170.61848448	168.40057592	157.05726995	170.96120041	170.22879321	159.75374968	171.21629687	173.00281529	166.25697820	158.43461129	178.46123855	170.29289968
10.73500000	121.58929925	161.82020676	170.55804939	168.41909165	157.04804458	170.92209971	170.24303240	159.76637506	171.20616733	172.95365625	166.29830376	158.43945761	178.49278470	170.27982217
10.74000000	121.44466913	161.68185828	170.49792943	168.43587697	157.03840990	170.88357561	170.25722408	159.77961527	171.19620128	172.90442520	166.33911207	158.44416399	178.52273811	170.26508317
10.74500000	121.30129448	161.54326618	170.43814730	168.45087064	157.02837332	170.84563822	170.27137000	159.79344944	171.18641101	172.85522778	166.37926489	158.44867103	178.55107003	170.24882138
10.75000000	121.15918776	161.40452802	170.37872609	168.46401512	157.01794433	170.80829598	170.28547179	159.80785389	171.17680784	172.80617336	166.41862186	158.45291857	178.57775448	170.23118563
10.75500000	121.01836079	161.26574358	170.31968923	168.47525666	157.00713437	170.77155566	170.29953091	159.82280216	171.16740202	172.75737470	166.45704095	158.45684597	178.60276802	170.21233471
10.76000000	120.87882487	161.12701452	170.26106058	168.48454550	156.99595684	170.73542233	170.31354869	159.83826506	171.15820266	172.70894774	166.49437874	158.46039230	178.62608952	170.19243731
10.76500000	120.74059083	160.98844385	170.20286438	168.49183597	156.98442699	170.69989942	170.32752630	159.85421072	171.14921768	172.66101123	166.53049088	158.46349655	178.64769985	170.17167183
10.77000000	120.60366914	160.85013557	170.14512528	168.49708661	156.97256182	170.66498867	170.34146472	159.87060460	171.14045370	172.61368647	166.56523242	158.46609786	178.66758149	170.15022632
10.77500000	120.46807000	160.71219419	170.08786838	168.50026023	156.96038004	170.63069017	170.35536475	159.88740962	171.13191605	172.56709697	166.59845823	158.46813574	178.68571816	170.12829831
10.78000000	120.33380342	160.57472436	170.03111917	168.50132406	156.94790191	170.59700238	170.36922700	159.90458617	171.12360865	172.52136810	166.63002335	158.46955033	178.70209430	170.10609477
10.78500000	120.20087932	160.43783045	169.97490358	168.50024976	156.93514914	170.56392217	170.38305185	159.92209220	171.11553399	172.47662674	166.65978334	158.47028257	178.71669461	170.08383192
10.79000000	120.06930760	160.30161611	169.91924793	168.49701352	156.92214479	170.53144486	170.39683942	159.93988333	171.10769311	172.43300094	166.68759469	158.47027444	178.72950354	170.06173518
10.79500000	119.93909822	160.16618395	169.86417895	168.49159607	156.90891312	170.49956422	170.41058960	159.95791293	171.10008555	172.39061955	166.71331517	158.46946919	178.74050474	170.04003909
10.80000000	119.81026129	160.03163512	169.80972375	168.48398271	156.89547946	170.46827258	170.42430200	159.97613223	171.09270933	172.34961183	166.73680415	158.46781153	178.74968056	170.01898717
10.80500000	119.68280716	159.89806897	169.75590982	168.47416336	156.88187008	170.43756083	170.43797594	159.99449042	171.08556094	172.31010705	166.75792297	158.46524784	178.75701150	169.99883184
10.81000000	119.55674645	159.76558273	169.70276497	168.46213252	156.86811203	170.40741852	170.45161043	160.01293479	171.07863534	172.27223412	166.77653527	158.46172638	178.76247584	169.97983434
10.81500000	119.43209016	159.63427119	169.65031735	168.44788930	156.85423303	170.37783389	170.46520418	160.03141088	171.07192597	172.23612116	166.79250731	158.45719745	178.76604911	169.96226462
10.82000000	119.30884969	159.50422640	169.59859537	168.43143734	156.84026128	170.34879396	170.47875555	160.04986256	171.06542471	172.20189506	166.80570830	158.45161361	178.76770379	169.94640120
10.82500000	119.18703693	159.37553739	169.54762773	168.41278485	156.82622536	170.32028459	170.49226260	160.06823227	171.05912197	172.16968110	166.81601069	158.44492984	178.76740896	169.93253108
10.83000000	119.06666430	159.24828994	169.49744331	168.39194451	156.81215404	170.29229055	170.50572304	160.08646110	171.05300669	172.13960249	166.82329051	158.43710367	178.76513010	169.92094960
10.83500000	118.94774480	159.12256635	169.44807118	168.36893341	156.79807618	170.26479562	170.51913425	160.10448900	171.04706636	172.11177990	166.82742759	158.42809540	178.76082885	169.91196023
10.84000000	118.83029203	158.99844523	169.39954054	168.34377303	156.78402055	170.23778267	170.53249328	160.12225495	171.04128707	172.08633105	166.82830594	158.41786818	178.75446291	169.90587444
10.84500000	118.71432023	158.87600131	169.35188069	168.31648910	156.77001573	170.21123372	170.54579685	160.13969713	171.03565360	172.06337023	166.82581393	158.40638819	178.74598594	169.90301146
10.85000000	118.59984432	158.75530529	169.30512096	168.28711153	156.75608995	170.18513004	170.55904138	160.15675314	171.03014943	172.04300779	166.81984467	158.39362473	178.73534756	169.90369802
10.85500000	118.48687991	158.63642372	169.25929065	168.25567434	156.74227093	170.15945224	170.57222298	160.17336016	171.02475686	172.02534977	166.81029617	158.37955035	178.72249326	169.90826807
10.86000000	118.37544331	158.51941885	169.21441901	168.22221549	156.72858580	170.13418038	170.58533751	160.18945518	171.01945704	172.01049730	166.79707169	158.36414096	178.70736445	169.91706248
10.86500000	118.26555151	158.40434856	169.17053519	168.18677680	156.71506094	170.10929401	170.59838053	160.20497518	171.01423009	171.99854623	166.78007997	158.34737590	178.68989843	169.93042861
10.87000000	118.15722223	158.29126628	169.12766812	168.14940379	156.70172186	170.08477232	170.61134741	160.21985736	171.00905519	171.98958657	166.75923549	158.32923804	178.67002837	169.94871994
10.87500000	118.05047385	158.18022094	169.08584652	168.11014554	156.68859307	170.06059420	170.62423330	160.23403936	171.00391065	171.98370205	166.73445875	158.30971381	178.64768326	169.97229557
10.88000000	117.94532543	158.07125694	169.04509879	168.06905455	156.67569797	170.03673832	170.63703319	160.24745946	170.99877403	171.98096964	166.70567654	158.28879332	178.62278786	170.00151971
10.88500000	117.84179668	157.96441410	169.00545298	168.02618658	156.66305873	170.01318325	170.64974192	160.26005678	170.99362227	171.98145903	166.67282217	158.26647033	178.59526254	170.03676108
10.89000000	117.73990789	157.85972773	168.96693670	167.98160043	156.65069617	169.98990754	170.66235426	160.27177155	170.98843177	171.98523223	166.63583580	158.24274235	178.56502325	170.07839230
10.89500000	117.63967993	157.75722859	168.92957706	167.93535783	156.63862967	169.96688979	170.67486491	160.28254528	170.98317853	171.99234304	166.59466468	158.21761059	178.53198129	170.12678915
10.90000000	117.54113418	157.65694294	168.89340060	167.88752323	156.62687706	169.94410875	170.68726856	160.29232102	170.97783826	172.00283661	166.54926344	158.19108006	178.49604317	170.18232987
10.90500000	117.44429245	157.55889261	168.85843323	167.83816358	156.61545453	169.92154342	170.69955995	160.30104353	170.97238651	172.01674904	166.49959436	158.16315945	178.45711049	170.24539429
10.91000000	117.34917695	157.46309507	168.82470012	167.78734817	156.60437655	169.89917308	170.71173387	160.30865955	170.96679878	172.03410687	166.44562767	158.13386122	178.41507980	170.31636302
10.91500000	117.25581019	157.36956349	168.79222566	167.73514843	156.59365579	169.87697745	170.72378527	160.31511795	170.96105069	172.05492673	166.38734184	158.10320151	178.36984246	170.39561646
10.92000000	117.16421491	157.27830683	168.76103339	167.68163771	156.58330306	169.85493665	170.73570927	160.32037001	170.95511805	172.07921489	166.32472383	158.07120009	178.32128470	170.48353386
10.92500000	117.07441398	157.18933001	168.73114587	167.62689110	156.57332728	169.83303140	170.74750121	160.32436954	170.94897705	172.10696693	166.25776939	158.03788036	178.26928758	170.58049226
10.93000000	116.98643030	157.10263396	168.70258464	167.57098520	156.56373541	169.81124298	170.75915670	160.32707315	170.94260434	172.13816731	166.18648332	158.00326922	178.21372716	170.68686542
10.93500000	116.90028671	157.01821579	168.67537012	167.51399795	156.55453245	169.78955335	170.77067168	160.32844040	170.93597720	172.17278912	166.11087974	157.96739702	178.15447477	170.80302264
10.94000000	116.81600586	156.93606894	168.64952156	167.45600843	156.54572142	169.76794519	170.78204246	160.32843399	170.92907365	172.21079371	166.03098230	157.93029748	178.09139730	170.92932764
10.94500000	116.73361012	156.85618333	168.62505689	167.39709663	156.53730339	169.74640198	170.79326573	160.32701993	170.92187257	172.25213041	165.94682443	157.89200756	178.02435775	171.06613725
10.95000000	116.65312141	156.77854554	168.60199270	167.33734331	156.52927746	169.72490802	170.80433865	160.32416770	170.91435384	172.29673633	165.85844954	157.85256734	177.95321578	171.21380022
10.95500000	116.57456114	156.70313895	168.58034409	167.27682977	156.52164087	169.70344851	170.81525883	160.31985042	170.90649847	172.34453610	165.76591118	157.81201991	177.87782848	171.37265585
10.96000000	116.49795001	156.62994396	168.56012465	167.21563771	156.51438900	169.68200955	170.82602441	160.31404496	170.89828871	172.39544169	165.66927316	157.77041122	177.79805119	171.54303271
10.96500000	116.42330790	156.55893817	168.54134631	167.15384903	156.50751545	169.66057825	170.83663404	160.30673209	170.88970815	172.44935230	165.56860968	157.72778995	177.71373847	171.72524723
10.97000000	116.35065375	156.49009659	168.52401931	167.09154570	156.50101218	169.63914272	170.84708692	160.29789660	170.88074189	172.50615425	165.46400540	157.68420728	177.62474516	171.91960230
10.97500000	116.28000538	156.42339180	168.50815206	167.02880953	156.49486956	169.61769211	170.85738283	160.28752740	170.87137659	172.56572088	165.35555542	157.63971683	177.53092750	172.12638589
10.98000000	116.21137934	156.35879422	168.49375108	166.96572211	156.48907653	169.59621665	170.86752207	160.27561759	170.86160060	172.62791260	165.24336529	157.59437437	177.43214434	172.34586958
10.98500000	116.14479083	156.29627226	168.48082092	166.90236459	156.48362073	169.57470771	170.87750552	160.26216457	170.85140407	172.69257691	165.12755089	157.54823772	177.32825841	172.57830706
10.99000000	116.08025344	156.23579257	168.46936408	166.83881758	156.47848863	169.55315777	170.88733462	160.24717008	170.84077905	172.75954848	165.00823836	157.50136649	177.21913756	172.82393264
10.99500000	116.01777911	156.17732023	168.45938090	166.77516101	156.47366573	169.53156049	170.89701131	160.23064027	170.82971954	172.82864929	164.88556385	157.45382192	177.10465607	173.08295969
11.00000000	115.95737789	156.12081899	168.45086954	166.71147397	156.46913669	169.50991073	170.90653806	160.21258571	170.81822162	172.89968888	164.75967334	157.40566667	176.98469590	173.35557896
11.00500000	115.89905787	156.06625144	168.44382585	166.64783465	156.46488554	169.48820455	170.91591777	160.19302145	170.80628351	172.97246460	164.63072227	157.35696461	176.85914799	173.64195686
11.01000000	115.84282498	156.01357923	168.43824334	166.58432017	156.46089585	169.46643923	170.92515382	160.17196696	170.79390562	173.04676194	164.49887526	157.30778059	176.72791336	173.94223349
11.01500000	115.78868286	155.96276329	168.43411308	166.52100646	156.45715093	169.44461332	170.93424993	160.14944619	170.78109067	173.12235499	164.36430567	157.25818026	176.59090435	174.25652037
11.02000000	115.73663275	155.91376401	168.43142369	166.45796819	156.45363399	169.42272661	170.94321016	160.12548750	170.76784366	173.19900690	164.22719512	157.20822983	176.44804560	174.58489774
11.02500000	115.68667331	155.86654142	168.43016127	166.39527863	156.45032838	169.40078018	170.95203883	160.10012364	170.75417202	173.27647048	164.08773301	157.15799588	176.29927505	174.92741094
11.03000000	115.63880055	155.82105542	168.43030931	166.33300957	156.44721774	169.37877638	170.96074047	160.07339168	170.74008558	173.35448887	163.94611592	157.10754513	176.14454477	175.28406545
11.03500000	115.59300764	155.77726589	168.43184872	166.27123119	156.44428621	169.35671886	170.96931972	160.04533292	170.72559661	173.43279630	163.80254702	157.05694425	175.98382179	175.65481946
11.04000000	115.54928487	155.73513291	168.43475779	166.21001197	156.44151857	169.33461255	170.97778130	160.01599283	170.71071990	173.51111898	163.65723540	157.00625965	175.81708865	176.03957188
11.04500000	115.50761950	155.69461688	168.43901210	166.14941862	156.43890048	169.31246369	170.98612989	159.98542092	170.69547270	173.58917607	163.51039541	156.95555725	175.64434401	176.43814170
11.05000000	115.46799569	155.65567870	168.44458460	166.08951593	156.43641858	169.29027980	170.99437008	159.95367062	170.67987478	173.66668072	163.36224588	156.90490236	175.46560297	176.85022977
11.05500000	115.43039439	155.61827986	168.45144556	166.03036675	156.43406067	169.26806970	171.00250628	159.92079912	170.66394843	173.74334133	163.21300940	156.85435942	175.28089742	177.27534138
11.06000000	115.39479332	155.58238258	168.45956260	165.97203183	156.43181585	169.24584348	171.01054262	159.88686721	170.64771841	173.81886281	163.06291155	156.80399186	175.09027611	177.71261344
11.06500000	115.36116685	155.54794991	168.46890067	165.91456977	156.42967463	169.22361247	171.01848291	159.85193911	170.63121199	173.89294800	162.91218010	156.75386190	174.89380476	178.16037358
11.07000000	115.32948603	155.51494579	168.47942214	165.85803693	156.42762906	169.20138930	171.02633054	159.81608224	170.61445886	173.96529922	162.76104420	156.70403043	174.69156591	178.61479202
11.07500000	115.29971849	155.48333516	168.49108682	165.80248736	156.42567285	169.17918777	171.03408839	159.77936701	170.59749113	174.03561985	162.60973362	156.65455681	174.48365874	179.06449331
11.08000000	115.27182848	155.45308397	168.50385200	165.74797268	156.42380137	169.15702291	171.04175876	159.74186660	170.58034330	174.10361606	162.45847790	156.60549875	174.27019875	179.45871206
11.08500000	115.24577686	155.42415923	168.51767256	165.69454204	156.42201181	169.13491089	171.04934330	159.70365665	170.56305214	174.16899859	162.30750560	156.55691219	174.05131732	179.53950284
11.09000000	115.22152111	155.39652902	168.53250101	165.64224202	156.42030314	169.11286905	171.05684295	159.66481502	170.54565668	174.23148456	162.15704353	156.50885114	173.82716120	179.18018136
11.09500000	115.19901537	155.37016249	168.54828763	165.59111655	156.41867622	169.09091578	171.06425784	159.62542147	170.52819810	174.29079931	162.00731596	156.46136759	173.59789190	178.69134077
11.10000000	115.17821051	155.34502981	168.56498055	165.54120688	156.41713374	169.06907053	171.07158723	159.58555738	170.51071966	174.34667826	161.85854395	156.41451142	173.36368498	178.16356589
11.10500000	115.15905419	155.32110214	168.58252590	165.49255146	156.41568024	169.04735373	171.07882946	159.54530534	170.49326659	174.39886869	161.71094461	156.36833028	173.12472925	177.61461198
11.11000000	115.14149096	155.29835159	168.60086792	165.44518590	156.41432211	169.02578678	171.08598189	159.50474889	170.47588601	174.44713142	161.56473045	156.32286954	172.88122595	177.04996660
11.11500000	115.12546233	155.27675111	168.61994914	165.39914290	156.41306748	169.00439192	171.09304083	159.46397212	170.45862675	174.49124243	161.42010871	156.27817221	172.63338781	176.47202996
11.12000000	115.11090697	155.25627442	168.63971052	165.35445219	156.41192626	168.98319224	171.10000147	159.42305926	170.44153927	174.53099418	161.27728080	156.23427891	172.38143811	175.88216290
11.12500000	115.09776078	155.23689591	168.66009164	165.31114049	156.41090996	168.96221155	171.10685787	159.38209438	170.42467554	174.56619687	161.13644172	156.19122776	172.12560961	175.28130682
11.13000000	115.08595707	155.21859050	168.68103088	165.26923142	156.41003170	168.94147436	171.11360288	159.34116094	170.40808882	174.59667928	160.99777952	156.14905443	171.86614357	174.67021332
11.13500000	115.07542675	155.20133354	168.70246560	165.22874551	156.40930603	168.92100578	171.12022813	159.30034141	170.39183357	174.62228943	160.86147480	156.10779206	171.60328859	174.04954187
11.14000000	115.06609852	155.18510065	168.72433238	165.18970014	156.40874886	168.90083145	171.12672393	159.25971688	170.37596523	174.64289484	160.72770028	156.06747128	171.33729959	173.41990560
11.14500000	115.05789902	155.16986760	168.74656720	165.15210948	156.40837734	168.88097744	171.13307933	159.21936666	170.36054011	174.65838250	160.59662036	156.02812019	171.06843662	172.78189431
11.15000000	115.05075312	155.15561019	168.76910565	165.11598454	156.40820967	168.86147022	171.13928201	159.17936792	170.34561512	174.66865844	160.46839077	155.98976438	170.79696379	172.13608635
11.15500000	115.04458411	155.14230405	168.79188321	165.08133307	156.40826501	168.84233653	171.14531829	159.13979524	170.33124766	174.67364703	160.34315819	155.95242694	170.52314812	171.48305487
11.16000000	115.03931394	155.12992451	168.81483539	165.04815965	156.40856332	168.82360330	171.15117315	159.10072031	170.31749535	174.67328992	160.22105998	155.91612848	170.24725846	170.82337095
11.16500000	115.03486351	155.11844652	168.83789803	165.01646561	156.40912514	168.80529761	171.15683013	159.06221153	170.30441587	174.66754472	160.10222388	155.88088720	169.96956443	170.15760490
11.17000000	115.03115288	155.10784441	168.86100749	164.98624912	156.40997151	168.78744656	171.16227142	159.02433365	170.29206675	174.65638344	159.98676783	155.84671888	169.69033529	169.48632652
11.17500000	115.02810160	155.09809183	168.88410091	164.95750519	156.41112371	168.77007720	171.16747780	158.98714747	170.28050511	174.63979081	159.87479972	155.81363700	169.40983899	168.81010466
11.18000000	115.02562894	155.08916160	168.90711638	164.93022571	156.41260314	168.75321646	171.17242866	158.95070953	170.26978746	174.61776241	159.76641730	155.78165271	169.12834115	168.12950644
11.18500000	115.02365424	155.08102558	168.92999322	164.90439950	156.41443112	168.73689106	171.17710203	158.91507179	170.25996950	174.59030286	159.66170799	155.75077500	168.84610412	167.44509614
11.19000000	115.02209715	155.07365456	168.95267214	164.88001239	156.41662868	168.72112746	171.18147458	158.88028140	170.25110585	174.55742402	159.56074889	155.72101068	168.56338610	166.75743400
11.19500000	115.02087799	155.06701820	168.97509551	164.85704732	156.41921642	168.70595173	171.18552165	158.84638044	170.24324985	174.51914325	159.46360666	155.69236453	168.28044031	166.06707487
11.20000000	115.01991800	155.06108490	168.99720749	164.83548437	156.42221430	168.69138953	171.18921727	158.81340572	170.23645331	174.47548191	159.37033758	155.66483934	167.99751419	165.37456687
11.20500000	115.01913972	155.05582174	169.01895426	164.81530093	156.42564144	168.67746604	171.19253422	158.78138861	170.23076627	174.42646405	159.28098758	155.63843604	167.71484870	164.68044999
11.21000000	115.01846724	155.05119443	169.04028422	164.79647179	156.42951596	168.66420586	171.19544403	158.75035487	170.22623684	174.37211535	159.19559230	155.61315375	167.43267764	163.98525477
11.21500000	115.01782657	155.04716726	169.06114808	164.77896925	156.43385479	168.65163300	171.19791707	158.72032452	170.22291086	174.31246239	159.11417726	155.58898993	167.15122709	163.28950093
11.22000000	115.01714594	155.04370306	169.08149911	164.76276331	156.43867351	168.63977079	171.19992261	158.69131181	170.22083180	174.24753220	159.03675802	155.56594048	166.87071486	162.59369612
11.22500000	115.01635611	155.04076323	169.10129319	164.74782177	156.44398614	168.62864183	171.20142880	158.66332513	170.22004046	174.17735217	158.96334038	155.54399981	166.59134999	161.89833464
11.23000000	115.01539070	155.03830770	169.12048901	164.73411042	156.44980499	168.61826797	171.20240286	158.63636700	170.22057479	174.10195025	158.89392069	155.52316101	166.31333242	161.20389634
11.23500000	115.01418651	155.03629497	169.13904811	164.72159323	156.45614050	168.60867026	171.20281104	158.61043410	170.22246970	174.02135548	158.82848613	155.50341592	166.03685259	160.51084548
11.24000000	115.01268382	155.03468216	169.15693505	164.71023251	156.46300110	168.59986890	171.20261877	158.58551735	170.22575688	173.93559875	158.76701508	155.48475530	165.76209120	159.81962971
11.24500000	115.01082672	155.03342504	169.17411742	164.69998910	156.47039301	168.59188319	171.20179075	158.56160197	170.23046458	173.84471386	158.70947755	155.46716889	165.48921895	159.13067913
11.25000000	115.00856340	155.03247815	169.19056593	164.69082258	156.47832017	168.58473155	171.20029099	158.53866764	170.23661749	173.74873876	158.65583564	155.45064559	165.21839643	158.44440542
11.25500000	115.00584643	155.03179486	169.20625446	164.68269151	156.48678403	168.57843144	171.19808298	158.51668864	170.24423655	173.64771694	158.60604401	155.43517354	164.94977398	157.76120106
11.26000000	115.00263310	155.03132750	169.22116008	164.67555359	156.49578352	168.57299940	171.19512976	158.49563409	170.25333887	173.54169895	158.56005048	155.42074026	164.68349164	157.08143860
11.26500000	114.99888566	155.03102748	169.23526307	164.66936591	156.50531485	168.56845093	171.19139406	158.47546816	170.26393753	173.43074401	158.51779659	155.40733276	164.41967918	156.40547003
11.27000000	114.99457159	155.03084545	169.24854691	164.66408520	156.51537150	168.56480057	171.18683842	158.45615032	170.27604156	173.31492157	158.47921825	155.39493768	164.15845609	155.73362626
11.27500000	114.98966390	155.03073145	169.26099826	164.65966800	156.52594408	168.56206183	171.18142530	158.43763569	170.28965582	173.19431294	158.44424641	155.38354134	163.89993172	155.06621663
11.28000000	114.98414134	155.03063511	169.27260694	164.65607096	156.53702030	168.56024718	171.17511728	158.41987530	170.30478094	173.06901277	158.41280776	155.37312992	163.64420537	154.40352849
11.28500000	114.97798867	155.03050585	169.28336587	164.65325099	156.54858491	168.55936806	171.16787714	158.40281648	170.32141326	172.93913048	158.38482549	155.36368953	163.39136650	153.74582694
11.29000000	114.97119686	155.03029307	169.29327103	164.65116560	156.56061968	168.55943483	171.15966807	158.38640319	170.33954486	172.80479153	158.36022001	155.35520628	163.14149487	153.09335451
11.29500000	114.96376331	155.02994641	169.30232136	164.64977303	156.57310337	168.56045678	171.15045379	158.37057646	170.35916350	172.66613854	158.33890974	155.34766644	162.89466083	152.44633103
11.30000000	114.95569202	155.02941596	169.31051872	164.64903252	156.58601178	168.56244214	171.14019874	158.35527473	170.38025271	172.52333219	158.32081192	155.34105645	162.65092551	151.80495352
11.30500000	114.94699380	155.02865253	169.31786777	164.64890456	156.59931772	168.56539801	171.12886822	158.34043432	170.40279175	172.37655197	158.30584333	155.33536305	162.41034117	151.16939611
11.31000000	114.93768643	155.02760792	169.32437586	164.64935104	156.61299113	168.56933042	171.11642860	158.32598982	170.42675577	172.22599668	158.29392118	155.33057332	162.17295144	150.53981011
11.31500000	114.92779473	155.02623520	169.33005295	164.65033555	156.62699910	168.57424428	171.10284748	158.31187453	170.45211583	172.07188473	158.28496376	155.32667475	161.93879169	149.91632402
11.32000000	114.91735076	155.02448895	169.33491148	164.65182348	156.64130595	168.58014338	171.08809387	158.29802089	170.47883904	171.91445421	158.27889129	155.32365531	161.70788931	149.29904373
11.32500000	114.90639388	155.02232562	169.33896625	164.65378231	156.65587340	168.58703037	171.07213835	158.28436093	170.50688868	171.75396273	158.27562658	155.32150347	161.48026405	148.68805269
11.33000000	114.89497081	155.01970373	169.34223428	164.65618171	156.67066062	168.59490680	171.05495327	158.27082670	170.53622436	171.59068712	158.27509575	155.32020826	161.25592842	148.08341212
11.33500000	114.88313570	155.01658427	169.34473472	164.65899376	156.68562443	168.60377306	171.03651295	158.25735068	170.56680219	171.42492284	158.27722885	155.31975929	161.03488799	147.48516134
11.34000000	114.87095016	155.01293091	169.34648864	164.66219310	156.70071944	168.61362839	171.01679380	158.24386622	170.59857494	171.25698327	158.28196045	155.32014674	160.81714175	146.89331809
11.34500000	114.85848324	155.00871035	169.34751898	164.66575702	156.71589821	168.62447090	170.99577455	158.23030794	170.63149230	171.08719882	158.28923015	155.32136146	160.60268247	146.30787888
11.35000000	114.84581147	155.00389259	169.34785034	164.66966566	156.73111147	168.63629755	170.97343636	158.21661214	170.66550103	170.91591587	158.29898305	155.32339487	160.39149703	145.72881947
11.35500000	114.83301872	154.99845121	169.34750887	164.67390205	156.74630828	168.64910414	170.94976305	158.20271716	170.70054526	170.74349557	158.31117013	155.32623903	160.18356680	145.15609526
11.36000000	114.82019620	154.99236370	169.34652214	164.67845223	156.76143628	168.66288531	170.92474118	158.18856380	170.73656667	170.57031256	158.32574853	155.32988661	159.97886789	144.58964182
11.36500000	114.80744235	154.98561166	169.34491898	164.68330533	156.77644188	168.67763458	170.89836026	158.17409562	170.77350481	170.39675350	158.34268176	155.33433085	159.77737157	144.02937541
11.37000000	114.79486272	154.97818114	169.34272934	164.68845358	156.79127049	168.69334430	170.87061284	158.15925927	170.81129732	170.22321563	158.36193982	155.33956558	159.57904449	143.47519349
11.37500000	114.78256978	154.97006283	169.33998416	164.69389238	156.80586677	168.71000567	170.84149465	158.14400486	170.84988020	170.05010517	158.38349923	155.34558515	159.38384902	142.92697536
11.38000000	114.77068280	154.96125234	169.33671523	164.69962028	156.82017486	168.72760880	170.81100472	158.12828615	170.88918813	169.87783568	158.40734297	155.35238440	159.19174354	142.38458270
11.38500000	114.75932766	154.95175040	169.33295510	164.70563900	156.83413859	168.74614262	170.77914544	158.11206092	170.92915469	169.70682643	158.43346026	155.35995866	159.00268264	141.84786021
11.39000000	114.74863656	154.94156308	169.32873687	164.71195338	156.84770176	168.76559500	170.74592271	158.09529110	170.96971269	169.53750066	158.46184635	155.36830362	158.81661742	141.31663628
11.39500000	114.73874784	154.93070195	169.32409415	164.71857130	156.86080835	168.78595268	170.71134590	158.07794304	171.01079441	169.37028390	158.49250215	155.37741538	158.63349572	140.79072362
11.40000000	114.72980570	154.91918429	169.31906088	164.72550369	156.87340278	168.80720134	170.67542800	158.05998767	171.05233191	169.20560225	158.52543377	155.38729028	158.45326227	140.26991990
11.40500000	114.72195989	154.90703322	169.31367127	164.73276433	156.88543012	168.82932561	170.63818558	158.04140065	171.09425727	169.04388069	158.56065200	155.39792495	158.27585893	139.75400851
11.41000000	114.71536541	154.89427780	169.30795965	164.74036985	156.89683636	168.85230906	170.59963881	158.02216248	171.13650289	168.88554136	158.59817168	155.40931617	158.10122484	139.24275918
11.41500000	114.71018221	154.88095320	169.30196039	164.74833950	156.90756860	168.87613429	170.55981148	158.00225859	171.17900173	168.73100196	158.63801104	155.42146083	157.92929658	138.73592874
11.42000000	114.70657480	154.86710071	169.29570782	164.75669508	156.91757529	168.90078291	170.51873090	157.98167938	171.22168754	168.58067408	158.68019093	155.43435586	157.76000827	138.23326180
11.42500000	114.70471190	154.85276787	169.28923610	164.76546074	156.92680644	168.92623560	170.47642790	157.96042024	171.26449516	168.43496165	158.72473402	155.44799815	157.59329172	137.73449147
11.43000000	114.70476608	154.83800847	169.28257917	164.77466278	156.93521386	168.95247212	170.43293674	157.93848155	171.30736067	168.29425941	158.77166393	155.46238451	157.42907650	137.23934011
11.43500000	114.70691336	154.82288259	169.27577069	164.78432953	156.94275131	168.97947140	170.38829499	157.91586861	171.35022164	168.15895144	158.82100437	155.47751156	157.26729004	136.74752006
11.44000000	114.71133278	154.80745659	169.26884393	164.79449106	156.94937475	169.00721155	170.34254340	157.89259157	171.39301736	168.02940975	158.87277816	155.49337568	157.10785766	136.25873435
11.44500000	114.71820604	154.79180310	169.26183172	164.80517901	156.95504249	169.03566990	170.29572581	157.86866528	171.43568895	167.90599293	158.92700634	155.50997291	156.95070264	135.77267748
11.45000000	114.72771703	154.77600099	169.25476645	164.81642635	156.95971542	169.06482310	170.24788892	157.84410918	171.47817960	167.78904492	158.98370720	155.52729893	156.79574624	135.28903616
11.45500000	114.74005142	154.76013531	169.24767993	164.82826715	156.96335713	169.09464712	170.19908214	157.81894712	171.52043465	167.67889373	159.04289531	155.54534895	156.64290774	134.80749009
11.46000000	114.75539624	154.74429720	169.24060342	164.84073633	156.96593409	169.12511734	170.14935736	157.79320709	171.56240181	167.57585040	159.10458064	155.56411765	156.49210444	134.32771271
11.46500000	114.77393943	154.72858385	169.23356760	164.85386938	156.96741583	169.15620861	170.09876877	157.76692104	171.60403119	167.48020792	159.16876761	155.58359914	156.34325167	133.84937202
11.47000000	114.79586941	154.71309839	169.22660247	164.86770218	156.96777505	169.18789531	170.04737259	157.74012462	171.64527545	167.39224024	159.23545424	155.60378688	156.19626280	133.37213134
11.47500000	114.82137464	154.69794978	169.21973742	164.88227067	156.96698781	169.22015141	169.99522680	157.71285682	171.68608986	167.31220144	159.30463130	155.62467360	156.05104921	132.89565022
11.48000000	114.85064321	154.68325269	169.21300114	164.89761063	156.96503358	169.25295055	169.94239094	157.68515974	171.72643239	167.24032488	159.37628156	155.64625130	155.90752037	132.41958520
11.48500000	114.88386237	154.66912740	169.20642166	164.91375744	156.96189543	169.28626609	169.88892577	157.65707824	171.76626372	167.17682252	159.45037904	155.66851118	155.76558375	131.94359076
11.49000000	114.92121816	154.65569969	169.20002632	164.93074578	156.95756010	169.32007120	169.83489302	157.62865961	171.80554731	167.12188426	159.52688841	155.69144357	155.62514491	131.46732020
11.49500000	114.96289496	154.64310067	169.19384177	164.94860944	156.95201807	169.35433890	169.78035513	157.59995320	171.84424937	167.07567742	159.60576441	155.71503795	155.48610752	130.99042658
11.50000000	115.00907510	154.63146669	169.18789399	164.96738102	156.94526373	169.38904218	169.72537492	157.57101010	171.88233891	167.03834623	159.68695137	155.73928287	155.34837339	130.51256375
11.50500000	115.05993845	154.62093922	169.18220827	164.98709177	156.93729534	169.42415399	169.67001536	157.54188281	171.91978767	167.01001150	159.77038283	155.76416595	155.21184253	130.03338737
11.51000000	115.11566208	154.61166470	169.17680924	165.00777130	156.92811519	169.45964737	169.61433926	157.51262483	171.95657015	166.99077031	159.85598127	155.78967386	155.07641328	129.55255596
11.51500000	115.17641981	154.60379440	169.17172088	165.02944742	156.91772957	169.49549549	169.55840902	157.48329038	171.99266351	166.98069576	159.94365792	155.81579229	154.94198238	129.06973210
11.52000000	115.24238195	154.59748436	169.16696653	165.05214592	156.90614885	169.53167169	169.50228638	157.45393401	172.02804757	166.97983691	160.03331271	155.84250599	154.80844517	128.58458358
11.52500000	115.31371486	154.59289521	169.16256889	165.07589037	156.89338751	169.56814954	169.44603221	157.42461033	172.06270468	166.98821866	160.12483428	155.86979874	154.67569570	128.09678469
11.53000000	115.39058070	154.59019206	169.15855008	165.10070202	156.87946411	169.60490291	169.38970623	157.39537370	172.09661973	167.00584186	160.21810017	155.89765336	154.54362704	127.60601749
11.53500000	115.47313706	154.58954444	169.15493160	165.12659955	156.86440129	169.64190599	169.33336689	157.36627789	172.12977996	167.03268335	160.31297708	155.92605175	154.41213145	127.11197324
11.54000000	115.56153669	154.59112610	169.15173438	165.15359903	156.84822580	169.67913335	169.27707113	157.33737588	172.16217497	167.06869624	160.40932126	155.95497490	154.28110074	126.61435378
11.54500000	115.65592722	154.59511498	169.14897881	165.18171373	156.83096840	169.71655994	169.22087428	157.30871957	172.19379655	167.11381012	160.50697902	155.98440293	154.15042657	126.11287309
11.55000000	115.75645086	154.60169303	169.14668472	165.21095408	156.81266386	169.75416116	169.16482991	157.28035956	172.22463859	167.16793145	160.60578737	156.01431513	154.02000086	125.60725881
11.55500000	115.86324416	154.61104612	169.14487143	165.24132757	156.79335087	169.79191286	169.10898975	157.25234498	172.25469700	167.23094397	160.70557468	156.04469000	153.88971623	125.09725385
11.56000000	115.97643781	154.62336395	169.14355772	165.27283865	156.77307196	169.82979134	169.05340359	157.22472328	172.28396955	167.30270925	160.80616160	156.07550531	153.75946645	124.58261808
11.56500000	116.09615632	154.63883986	169.14276191	165.30548875	156.75187343	169.86777342	168.99811926	157.19754011	172.31245580	167.38306720	160.90736194	156.10673816	153.62914696	124.06313001
11.57000000	116.22251791	154.65767074	169.14250181	165.33927624	156.72980520	169.90583637	168.94318261	157.17083919	172.34015694	167.47183676	161.00898369	156.13836504	153.49865546	123.53858856
11.57500000	116.35563423	154.68005687	169.14279477	165.37419638	156.70692069	169.94395798	168.88863752	157.14466221	172.36707572	167.56881662	161.11083013	156.17036191	153.36789249	123.00881482
11.58000000	116.49561019	154.70620174	169.14365769	165.41024140	156.68327669	169.98211653	168.83452591	157.11904874	172.39321628	167.67378596	161.21270104	156.20270426	153.23676211	122.47365384
11.58500000	116.64254378	154.73631191	169.14510701	165.44740048	156.65893317	170.02029077	168.78088782	157.09403626	172.41858409	167.78650533	161.31439387	156.23536720	153.10517253	121.93297641
11.59000000	116.79652589	154.77059676	169.14715874	165.48565981	156.63395312	170.05845994	168.72776148	157.06966004	172.44318580	167.90671752	161.41570505	156.26832556	152.97303685	121.38668090
11.59500000	116.95764015	154.80926828	169.14982845	165.52500264	156.60840232	170.09660375	168.67518342	157.04595322	172.46702916	168.03414852	161.51643128	156.30155394	152.84027382	120.83469497
11.60000000	117.12596272	154.85254081	169.15313132	165.56540937	156.58234915	170.13470234	168.62318856	157.02294678	172.49012290	168.16850853	161.61637087	156.33502681	152.70680854	120.27697738
11.60500000	117.30156217	154.90063075	169.15708208	165.60685761	156.55586433	170.17273631	168.57181040	157.00066963	172.51247666	168.30949295	161.71532503	156.36871863	152.57257331	119.71351959
11.61000000	117.48449930	154.95375617	169.16169509	165.64932229	156.52902066	170.21068662	168.52108108	156.97914863	172.53410086	168.45678355	161.81309919	156.40260390	152.43750834	119.14434749
11.61500000	117.67482697	155.01213652	169.16698430	165.69277576	156.50189280	170.24853468	168.47103165	156.95840870	172.55500666	168.61004950	161.90950421	156.43665729	152.30156261	118.56952285
11.62000000	117.87258995	155.07599210	169.17296328	165.73718791	156.47455692	170.28626220	168.42169215	156.93847290	172.57520587	168.76894858	162.00435764	156.47085371	152.16469458	117.98914484
11.62500000	118.07782473	155.14554360	169.17964524	165.78252624	156.44709044	170.32385126	168.37309183	156.91936253	172.59471088	168.93312830	162.09748481	156.50516838	152.02687303	117.40335132
11.63000000	118.29055935	155.22101159	169.18704299	165.82875606	156.41957172	170.36128425	168.32525934	156.90109724	172.61353458	169.10222714	162.18871985	156.53957697	151.88807773	116.81232009
11.63500000	118.51081322	155.30261582	169.19516899	165.87584055	156.39207972	170.39854383	168.27822291	156.88369516	172.63169036	169.27587567	162.27790668	156.57405567	151.74830022	116.21626993
11.64000000	118.73859696	155.39057459	169.20403535	165.92374094	156.36469370	170.43561292	168.23201050	156.86717306	172.64919201	169.45369783	162.36489974	156.60858124	151.60754447	115.61546154
11.64500000	118.97391216	155.48510396	169.21365382	165.97241659	156.33749286	170.47247468	168.18665004	156.85154641	172.66605374	169.63531205	162.44956477	156.64313116	151.46582751	115.01019823
11.65000000	119.21675119	155.58641691	169.22403581	166.02182520	156.31055600	170.50911246	168.14216956	156.83682960	172.68229009	169.82033247	162.53177926	156.67768363	151.32318000	114.40082653
11.65500000	119.46709699	155.69472240	169.23519238	166.07192285	156.28396125	170.54550980	168.09859742	156.82303599	172.69791598	170.00837011	162.61143289	156.71221770	151.17964678	113.78773656
11.66000000	119.72492287	155.81022437	169.24713427	166.12266424	156.25778562	170.58165040	168.05596239	156.81017814	172.71294663	170.19903395	162.68842779	156.74671334	151.03528732	113.17136215
11.66500000	119.99019225	155.93312064	169.25987183	166.17400276	156.23210480	170.61751807	168.01429388	156.79826787	172.72739761	170.39193209	162.76267861	156.78115146	150.89017609	112.55218081
11.67000000	120.26285842	156.06360171	169.27341512	166.22589064	156.20699275	170.65309677	167.97362204	156.78731642	172.74128479	170.58667275	162.83411247	156.81551403	150.74440291	111.93071351
11.67500000	120.54286434	156.20184952	169.28777382	166.27827910	156.18252141	170.68837054	167.93397789	156.77733457	172.75462441	170.78286533	162.90266879	156.84978406	150.59807313	111.30752417
11.68000000	120.83014235	156.34803608	169.30295726	166.33111848	156.15876043	170.72332352	167.89539343	156.76833278	172.76743300	170.98012130	162.96829897	156.88394572	150.45130782	110.68321901
11.68500000	121.12461396	156.50232202	169.31897439	166.38435838	156.13577688	170.75793989	167.85790173	156.76032125	172.77972751	171.17805511	163.03096592	156.91798434	150.30424383	110.05844563
11.69000000	121.42618957	156.66485514	169.33583381	166.43794781	156.11363497	170.79220392	167.82153701	156.75331010	172.79152522	171.37628502	163.09064354	156.95188644	150.15703377	109.43389194
11.69500000	121.73476826	156.83576882	169.35354371	166.49183527	156.09239581	170.82609995	167.78633470	156.74730940	172.80284384	171.57443384	163.14731608	156.98563979	150.00984591	108.81028483
11.70000000	122.05023752	157.01518037	169.37211187	166.54596896	156.07211719	170.85961234	167.75233144	156.74232931	172.81370148	171.77212959	163.20097743	157.01923338	149.86286403	108.18838875
11.70500000	122.37247310	157.20318945	169.39154565	166.60029687	156.05285338	170.89272553	167.71956513	156.73838012	172.82411673	171.96900612	163.25163036	157.05265747	149.71628716	107.56900405
11.71000000	122.70133871	157.39987630	169.41185194	166.65476689	156.03465492	170.92542401	167.68807490	156.73547232	172.83410862	172.16470363	163.29928572	157.08590360	149.57032924	106.95296515
11.71500000	123.03668591	157.60530011	169.43303716	166.70932700	156.01756852	170.95769235	167.65790110	156.73361668	172.84369670	172.35886915	163.34396163	157.11896456	149.42521878	106.34113867
11.72000000	123.37835391	157.81949731	169.45510721	166.76392537	156.00163683	170.98951518	167.62908523	156.73282428	172.85290103	172.55115690	163.38568267	157.15183438	149.28119839	105.73442134
11.72500000	123.72616947	158.04247992	169.47806748	166.81851046	155.98689842	171.02087724	167.60166989	156.73310651	172.86174219	172.74122868	163.42447908	157.18450834	149.13852428	105.13373791
11.73000000	124.07994676	158.27423393	169.50192275	166.87303122	155.97338762	171.05176337	167.57569864	156.73447514	172.87024132	172.92875414	163.46038597	157.21698294	148.99746575	104.54003891
11.73500000	124.43948738	158.51471783	169.52667722	166.92743712	155.96113450	171.08215853	167.55121596	156.73694228	172.87842012	173.11341105	163.49344262	157.24925587	148.85830460	103.95429845
11.74000000	124.80458025	158.76386115	169.55233443	166.98167837	155.95016479	171.11204786	167.52826707	156.74052041	172.88630081	173.29488556	163.52369179	157.28132596	148.72133453	103.37751193
11.74500000	125.17500174	159.02156319	169.57889722	167.03570599	155.94049985	171.14141666	167.50689777	156.74522229	172.89390619	173.47287244	163.55117909	157.31319318	148.58686052	102.81069377
11.75000000	125.55051573	159.28769191	169.60636773	167.08947192	155.93215672	171.17025044	167.48715433	156.75106100	172.90125958	173.64707530	163.57595244	157.34485856	148.45519820	102.25487526
11.75500000	125.93087373	159.56208299	169.63474732	167.14292917	155.92514807	171.19853497	167.46908324	156.75804983	172.90838480	173.81720693	163.59806159	157.37632418	148.32667319	101.71110230
11.76000000	126.31581515	159.84453909	169.66403651	167.19603193	155.91948230	171.22625630	167.45273103	156.76620222	172.91530615	173.98298964	163.61755767	157.40759311	148.20162050	101.18043338
11.76500000	126.70506756	160.13482944	169.69423501	167.24873566	155.91516355	171.25340077	167.43814407	156.77553173	172.92204837	174.14415567	163.63449288	157.43866934	148.08038387	100.66393755
11.77000000	127.09834703	160.43268956	169.72534158	167.30099723	155.91219179	171.27995510	167.42536832	156.78605187	172.92863658	174.30044772	163.64892014	157.46955776	147.96331514	100.16269254
11.77500000	127.49535855	160.73782142	169.75735406	167.35277499	155.91056296	171.30590640	167.41444908	156.79777608	172.93509622	174.45161960	163.66089294	157.50026412	147.85077371	99.67778307
11.78000000	127.89579654	161.04989377	169.79026931	167.40402891	155.91026898	171.33124225	167.40543077	156.81071755	172.94145300	174.59743701	163.67046513	157.53079492	147.74312591	99.21029922
11.78500000	128.29934541	161.36854293	169.82408313	167.45472062	155.91129798	171.35595068	167.39835662	156.82488912	172.94773278	174.73767849	163.67769080	157.56115744	147.64074450	98.76133505
11.79000000	128.70568018	161.69337377	169.85879026	167.50481355	155.91363437	171.38002028	167.39326842	156.84030318	172.95396154	174.87213654	163.68262422	157.59135961	147.54400814	98.33198731
11.79500000	129.11446724	162.02396116	169.89438434	167.55427300	155.91725900	171.40344023	167.39020622	156.85697148	172.96016524	175.00061885	163.68531983	157.62141002	147.45330092	97.92335444
11.80000000	129.52536506	162.35985168	169.93085785	167.60306619	155.92214935	171.42620033	167.38920807	156.87490500	172.96636976	175.12294980	163.68583218	157.65131784	147.36901193	97.53653564
11.80500000	129.93802509	162.70056567	169.96820207	167.65116234	155.92827968	171.44829108	167.39030971	156.89411380	172.97260075	175.23897202	163.68421603	157.68109277	147.29153483	97.17263027
11.81000000	130.35209268	163.04559962	170.00640710	167.69853275	155.93562118	171.46970372	167.39354425	156.91460688	172.97888358	175.34854810	163.68052636	157.71074504	147.22126754	96.83273727
11.81500000	130.76720801	163.39442883	170.04546178	167.74515082	155.94414220	171.49043025	167.39894193	156.93639198	172.98524315	175.45156242	163.67481843	157.74028527	147.15861186	96.51795494
11.82000000	131.18300716	163.74651034	170.08535369	167.79099210	155.95380844	171.51046352	167.40652978	156.95947540	172.99170386	175.54792292	163.66714787	157.76972453	147.10397323	96.22938077
11.82500000	131.59912315	164.10128608	170.12606912	167.83603430	155.96458310	171.52979728	167.41633135	156.98386190	172.99828943	175.63756290	163.65757076	157.79907421	147.05776043	95.96811148
11.83000000	132.01518710	164.45818626	170.16759306	167.88025735	155.97642712	171.54842620	167.42836640	157.00955444	173.00502283	175.72044267	163.64614370	157.82834603	147.02038540	95.73524326
11.83500000	132.43082934	164.81663285	170.20990921	167.92364337	155.98929935	171.56634592	167.44265063	157.03655407	173.01192612	175.79655094	163.63292387	157.85755195	146.99226306	95.53187204
11.84000000	132.84568065	165.17604318	170.25299994	167.96617667	156.00315678	171.58355311	167.45919542	157.06485973	173.01902038	175.86590595	163.61796913	157.88670414	146.97381109	95.35909402
11.84500000	133.25937339	165.53583359	170.29684633	168.00784375	156.01795473	171.60004554	167.47800755	157.09446806	173.02632558	175.92855617	163.60133806	157.91581496	146.96544985	95.21800614
11.85000000	133.67154279	165.89542310	170.34142814	168.04863327	156.03364706	171.61582204	167.49908897	157.12537329	173.03386048	175.98458060	163.58309004	157.94489686	146.96760224	95.10970674
11.85500000	134.08182812	166.25423697	170.38672386	168.08853599	156.05018633	171.63088264	167.52243651	157.15756699	173.04164257	176.03408837	163.56328522	157.97396236	146.98069357	95.03529620
11.86000000	134.48987391	166.61171023	170.43271071	168.12754475	156.06752405	171.64522852	167.54804173	157.19103800	173.04968791	176.07721798	163.54198460	158.00302398	147.00515148	94.99587761
11.86500000	134.89533118	166.96729096	170.47936468	168.16565440	156.08561086	171.65886210	167.57589068	157.22577222	173.05801111	176.11413577	163.51925002	158.03209421	147.04140583	94.99255736
11.87000000	135.29785857	167.32044350	170.52666054	168.20286175	156.10439670	171.67178705	167.60596374	157.26175249	173.06662525	176.14503400	163.49514413	158.06118539	147.08988856	95.02644574
11.87500000	135.69712352	167.67065128	170.57457194	168.23916545	156.12383102	171.68400831	167.63823543	157.29895845	173.07554178	176.17012832	163.46973040	158.09030973	147.15103358	95.09865735
11.88000000	136.09280339	168.01741949	170.62307137	168.27456595	156.14386296	171.69553214	167.67267429	157.33736643	173.08477054	176.18965488	163.44307303	158.11947918	147.22527662	95.21031139
11.88500000	136.48458650	168.36027741	170.67213030	168.30906539	156.16444152	171.70636613	167.70924279	157.37694935	173.09431964	176.20386708	163.41523695	158.14870538	147.31305498	95.36253171
11.89000000	136.87217313	168.69878042	170.72171919	168.34266753	156.18551573	171.71651920	167.74789723	157.41767658	173.10419550	176.21303225	163.38628769	158.17799962	147.41480733	95.55644663
11.89500000	137.25527652	169.03251169	170.77180757	168.37537760	156.20703482	171.72600162	167.78858767	157.45951396	173.11440280	176.21742803	163.35629136	158.20737270	147.53097336	95.79318836
11.90000000	137.63362374	169.36108349	170.82236411	168.40720223	156.22894837	171.73482506	167.83125792	157.50242362	173.12494448	176.21733903	163.32531450	158.23683493	147.66199342	96.07389208
11.90500000	138.00695650	169.68413826	170.87335672	168.43814932	156.25120649	171.74300254	167.87584559	157.54636405	173.13582177	176.21305341	163.29342403	158.26639598	147.80830803	96.39969452
11.91000000	138.37503192	170.00134921	170.92475260	168.46822796	156.27375990	171.75054847	167.92228203	157.59128999	173.14703420	176.20485984	163.26068710	158.29606485	147.97035730	96.77173204
11.91500000	138.73762318	170.31242071	170.97651834	168.49744827	156.29656013	171.75747861	167.97049250	157.63715250	173.15857962	176.19304467	163.22717101	158.32584979	148.14858022	97.19113798
11.92000000	139.09452017	170.61708834	171.02862001	168.52582133	156.31955960	171.76381012	168.02039623	157.68389894	173.17045430	176.17788943	163.19294306	158.35575817	148.34341383	97.65903944
11.92500000	139.44552992	170.91511861	171.08102326	168.55335903	156.34271177	171.76956147	168.07190657	157.73147300	173.18265293	176.15966872	163.15807046	158.38579646	148.55529222	98.17655316
11.93000000	139.79047714	171.20630851	171.13369341	168.58007401	156.36597122	171.77475248	168.12493117	157.77981481	173.19516872	176.13864846	163.12262022	158.41597011	148.78464536	98.74478058
11.93500000	140.12920450	171.49048477	171.18659556	168.60597948	156.38929378	171.77940428	168.17937218	157.82886099	173.20799353	176.11508441	163.08665901	158.44628350	149.03189773	99.36480184
11.94000000	140.46157291	171.76750289	171.23969464	168.63108918	156.41263661	171.78353927	168.23512653	157.87854478	173.22111786	176.08922118	163.05025308	158.47673985	149.29746677	100.03766882
11.94500000	140.78746177	172.03724611	171.29295558	168.65541725	156.43595828	171.78718107	168.29208618	157.92879614	173.23453108	176.06129138	163.01346813	158.50734116	149.58176102	100.76439694
11.95000000	141.10676900	172.29962411	171.34634335	168.67897812	156.45921888	171.79035451	168.35013846	157.97954197	173.24822144	176.03151508	162.97636925	158.53808814	149.88517812	101.54595577
11.95500000	141.41941114	172.55457170	171.39982311	168.70178646	156.48238005	171.79308555	168.40916639	158.03070623	173.26217626	176.00009960	162.93902080	158.56898016	150.20810240	102.38325831
11.96000000	141.72532330	172.80204734	171.45336023	168.72385705	156.50540508	171.79540125	168.46904912	158.08221015	173.27638203	175.96723930	162.90148638	158.60001520	150.55090231	103.27714893
11.96500000	142.02445902	173.04203172	171.50692047	168.74520475	156.52825895	171.79732969	168.52966227	158.13397248	173.29082455	175.93311569	162.86382872	158.63118977	150.91392747	104.22838992
11.97000000	142.31679010	173.27452624	171.56047002	168.76584437	156.55090841	171.79889989	168.59087843	158.18590972	173.30548909	175.89789760	162.82610964	158.66249894	151.29750538	105.23764662
11.97500000	142.60230637	173.49955146	171.61397559	168.78579065	156.57332199	171.80014176	168.65256758	158.23793635	173.32036050	175.86174136	162.78839002	158.69393626	151.70193785	106.30547117
11.98000000	142.88101532	173.71714569	171.66740452	168.80505819	156.59547008	171.80108602	168.71459758	158.28996516	173.33542338	175.82479124	162.75072973	158.72549376	152.12749703	107.43228498
11.98500000	143.15294178	173.92736351	171.72072485	168.82366141	156.61732492	171.80176409	168.77683470	158.34190749	173.35066223	175.78717972	162.71318761	158.75716194	152.57442111	108.61836000
11.99000000	143.41812746	174.13027439	171.77390541	168.84161448	156.63886071	171.80220803	168.83914410	158.39367356	173.36606158	175.74902795	162.67582146	158.78892977	153.04290970	109.86379895
11.99500000	143.67663044	174.32596143	171.82691587	168.85893131	156.66005355	171.80245043	168.90139037	158.44517277	173.38160611	175.71044615	162.63868800	158.82078473	153.53311878	111.16851478
12.00000000	143.92852466	174.51452009	171.87972686	168.87562552	156.68088152	171.80252433	168.96343806	158.49631405	173.39728084	175.67153407	162.60184286	158.85271278	154.04515543	112.53220964
12.00500000	144.17389929	174.69605710	171.93230999	168.89171039	156.70132468	171.80246309	169.02515220	158.54700612	173.41307120	175.63238137	162.56534056	158.88469845	154.57907218	113.95435375
12.01000000	144.41285813	174.87068945	171.98463794	168.90719890	156.72136506	171.80230033	169.08639881	158.59715791	173.42896319	175.59306814	162.52923446	158.91672485	155.13486110	115.43416460
12.01500000	144.64551891	175.03854343	172.03668454	168.92210367	156.74098672	171.80206980	169.14704545	158.64667880	173.44494347	175.55366528	162.49357679	158.94877373	155.71244771	116.97058696
12.02000000	144.87201257	175.19975383	172.08842480	168.93643700	156.76017569	171.80180532	169.20696169	158.69547899	173.46099944	175.51423493	162.45841857	158.98082556	156.31168463	118.56227435
12.02500000	145.09248254	175.35446327	172.13983497	168.95021082	156.77892001	171.80154060	169.26601963	158.74346982	173.47711938	175.47483097	162.42380959	159.01285959	156.93234523	120.20757249
12.03000000	145.30708390	175.50282151	172.19089260	168.96343677	156.79720970	171.80130924	169.32409432	158.79056406	173.49329243	175.43549940	162.38979837	159.04485395	157.57411718	121.90450536
12.03500000	145.51598265	175.64498497	172.24157659	168.97612614	156.81503675	171.80114455	169.38106425	158.83667625	173.50950874	175.39627879	162.35643208	159.07678573	158.23659610	123.65076459
12.04000000	145.71935479	175.78111629	172.29186723	168.98828995	156.83239511	171.80107951	169.43681170	158.88172293	173.52575942	175.35720073	162.32375648	159.10863108	158.91927929	125.44370260
12.04500000	145.91738551	175.91138393	172.34174624	168.99993891	156.84928063	171.80114662	169.49122321	158.92562299	173.54203665	175.31829027	162.29181588	159.14036534	159.62155984	127.28033015
12.05000000	146.11026832	176.03596189	172.39119680	169.01108350	156.86569106	171.80137789	169.54418985	158.96829788	173.55833360	175.27956637	162.26065297	159.17196312	160.34272093	129.15731851
12.05500000	146.29820411	176.15502941	172.44020361	169.02173395	156.88162601	171.80180466	169.59560761	159.00967191	173.57464451	175.24104234	162.23030880	159.20339846	161.08193068	131.07100668
12.06000000	146.48140031	176.26877078	172.48875288	169.03190026	156.89708687	171.80245760	169.64537764	159.04967241	173.59096460	175.20272627	162.20082266	159.23464492	161.83823739	133.01741340
12.06500000	146.66006988	176.37737511	172.53683242	169.04159229	156.91207681	171.80336656	169.69340652	159.08823002	173.60729011	175.16462151	162.17223194	159.26567574	162.61056541	134.99225407
12.07000000	146.83443049	176.48103613	172.58443158	169.05081968	156.92660068	171.80456057	169.73960649	159.12527886	173.62361818	175.12672712	162.14457205	159.29646394	163.39771140	136.99096181
12.07500000	147.00470350	176.57995195	172.63154136	169.05959198	156.94066497	171.80606769	169.78389561	159.16075669	173.63994686	175.08903829	162.11787630	159.32698247	164.19834104	139.00871202
12.08000000	147.17111307	176.67432488	172.67815438	169.06791860	156.95427771	171.80791502	169.82619795	159.19460508	173.65627503	175.05154679	162.09217577	159.35720434	165.01098592	141.04044941
12.08500000	147.33388520	176.76436112	172.72426488	169.07580887	156.96744847	171.81012858	169.86644364	159.22676959	173.67260231	175.01424143	162.06749918	159.38710273	165.83404015	143.08091591
12.09000000	147.49324679	176.85027046	172.76986880	169.08327205	156.98018818	171.81273331	169.90456904	159.25719985	173.68892900	174.97710849	162.04387281	159.41665116	166.66575612	145.12467777
12.09500000	147.64942472	176.93226593	172.81496370	169.09031733	156.99250915	171.81575299	169.94051674	159.28584966	173.70525602	174.94013213	162.02132037	159.44582356	167.50423826	147.16614961
12.10000000	147.80264491	177.01056338	172.85954886	169.09695388	157.00442489	171.81921021	169.97423558	159.31267713	173.72158476	174.90329478	161.99986289	159.47459443	168.34743316	149.19961247
12.10500000	147.95313139	177.08538100	172.90362519	169.10319088	157.01595008	171.82312631	170.00568069	159.33764471	173.73791704	174.86657762	161.97951859	159.50293894	169.19311326	151.21922237
12.11000000	148.10110537	177.15693879	172.94719531	169.10903745	157.02710047	171.82752140	170.03481344	159.36071924	173.75425500	174.82996087	161.96030286	159.53083304	170.03884983	153.21900464
12.11500000	148.24678436	177.22545795	172.99026348	169.11450276	157.03789277	171.83241428	170.06160141	159.38187200	173.77060100	174.79342423	161.94222809	159.55825356	170.88196788	155.19282752
12.12000000	148.39038125	177.29116029	173.03283565	169.11959597	157.04834452	171.83782247	170.08601827	159.40107876	173.78695751	174.75694721	161.92530365	159.58517829	171.71947072	157.13434599
12.12500000	148.53210344	177.35426746	173.07491939	169.12432629	157.05847407	171.84376214	170.10804379	159.41831973	173.80332704	174.72050944	161.90953580	159.61158612	172.54791253	159.03690233
12.13000000	148.67215197	177.41500028	173.11652390	169.12870293	157.06830040	171.85024816	170.12766365	159.43357960	173.81971201	174.68409102	161.89492764	159.63745702	173.36317950	160.89336317
12.13500000	148.81072068	177.47357797	173.15766002	169.13273514	157.07784308	171.85729403	170.14486936	159.44684751	173.83611470	174.64767276	161.88147907	159.66277223	174.16010560	162.69586175
12.14000000	148.94799538	177.53021735	173.19834013	169.13643219	157.08712210	171.86491191	170.15965816	159.45811700	173.85253709	174.61123648	161.86918673	159.68751420	174.93177891	164.43539648
12.14500000	149.08415302	177.58513208	173.23857819	169.13980340	157.09615783	171.87311264	170.17203286	159.46738601	173.86898085	174.57476525	161.85804404	159.71166675	175.66825452	166.10121028
12.15000000	149.21936096	177.63853186	173.27838967	169.14285810	157.10497089	171.88190568	170.18200172	159.47465679	173.88544721	174.53824355	161.84804114	159.73521501	176.35412805	167.67983811
12.15500000	149.35377619	177.69062167	173.31779151	169.14560561	157.11358204	171.89129917	170.18957828	159.47993589	173.90193687	174.50165753	161.83916491	159.75814554	176.96409298	169.15367353
12.16000000	149.48754461	177.74160099	173.35680210	169.14805531	157.12201212	171.90129987	170.19478126	159.48323404	173.91844999	174.46499509	161.83139902	159.78044632	177.45617255	170.49892309
12.16500000	149.62080032	177.79166309	173.39544121	169.15021655	157.13028189	171.91191324	170.19763438	159.48456611	173.93498605	174.42824610	161.82472393	159.80210674	177.76847078	171.68307847
12.17000000	149.75366500	177.84099429	173.43372997	169.15209868	157.13841198	171.92314339	170.19816623	159.48395103	173.95154382	174.39140241	161.81911694	159.82311765	177.84158941	172.66302272
12.17500000	149.88624726	177.88977333	173.47169076	169.15371103	157.14642279	171.93499308	170.19641012	159.48141169	173.96812134	174.35445800	161.81455227	159.84347134	177.67252531	173.38724759
12.18000000	150.01864206	177.93817068	173.50934721	169.15506289	157.15433438	171.94746376	170.19240392	159.47697489	173.98471580	174.31740902	161.81100114	159.86316153	177.32447479	173.80814591
12.18500000	150.15093018	177.98634795	173.54672412	169.15616351	157.16216639	171.96055556	170.18618996	159.47067118	174.00132358	174.28025381	161.80843182	159.88218339	176.87237098	173.90547147
12.19000000	150.28317768	178.03445725	173.58384737	169.15702207	157.16993796	171.97426727	170.17781482	159.46253481	174.01794014	174.24299293	161.80680979	159.90053346	176.36890533	173.70466992
12.19500000	150.41543547	178.08264065	173.62074391	169.15764768	157.17766762	171.98859639	170.16732924	159.45260359	174.03456005	174.20562911	161.80609780	159.91820967	175.84519248	173.26893621
12.20000000	150.54773891	178.13102959	173.65744162	169.15804936	157.18537325	172.00353909	170.15478795	159.44091882	174.05117697	174.16816730	161.80625605	159.93521130	175.31912457	172.67235494
12.20500000	150.68010739	178.17974425	173.69396929	169.15823600	157.19307197	172.01909024	170.14024951	159.42752513	174.06778357	174.13061452	161.80724230	159.95153894	174.80128944	171.97892521
12.21000000	150.81254407	178.22889295	173.73035652	169.15821639	157.20078012	172.03524341	170.12377618	159.41247036	174.08437161	174.09297991	161.80901207	159.96719446	174.29822409	171.23605258
12.21500000	150.94503557	178.27857148	173.76663366	169.15799913	157.20851313	172.05199091	170.10543376	159.39580547	174.10093186	174.05527457	161.81151875	159.98218093	173.81412586	170.47641951
12.22000000	151.07755178	178.32886233	173.80283171	169.15759271	157.21628552	172.06932375	170.08529139	159.37758435	174.11745418	174.01751152	161.81471385	159.99650263	173.35176813	169.72193824
12.22500000	151.21004572	178.37983378	173.83898226	169.15700539	157.22411084	172.08723167	170.06342141	159.35786373	174.13392746	173.97970559	161.81854719	160.01016496	172.91300877	168.98719083
12.23000000	151.34245341	178.43153883	173.87511738	169.15624529	157.23200163	172.10570321	170.03989918	159.33670298	174.15033966	173.94187334	161.82296708	160.02317443	172.49908489	168.28187012
12.23500000	151.47469383	178.48401393	173.91126957	169.15532027	157.23996937	172.12472563	170.01480288	159.31416399	174.16667786	173.90403291	161.82792056	160.03553854	172.11079125	167.61239381
12.24000000	151.60666897	178.53727731	173.94747163	169.15423800	157.24802450	172.14428506	169.98821328	159.29031099	174.18292823	173.86620396	161.83335365	160.04726582	171.74859317	166.98295074
12.24500000	151.73826390	178.59132689	173.98375661	169.15300591	157.25617635	172.16436640	169.96021356	159.26521037	174.19907609	173.82840751	161.83921161	160.05836569	171.41270088	166.39618082
12.25000000	151.86934687	178.64613757	174.02015772	169.15163119	157.26443320	172.18495347	169.93088907	159.23893053	174.21510596	173.79066585	161.84543911	160.06884846	171.10312082	165.85362307
12.25500000	151.99976962	178.70165779	174.05670818	169.15012077	157.27280224	172.20602898	169.90032707	159.21154164	174.23100155	173.75300239	161.85198061	160.07872529	170.81969237	165.35601634
12.26000000	152.12936756	178.75780485	174.09344121	169.14848134	157.28128958	172.22757459	169.86861652	159.18311552	174.24674585	173.71544159	161.85878050	160.08800807	170.56211528	164.90350548
12.26500000	152.25796016	178.81445895	174.13038986	169.14671933	157.28990028	172.24957097	169.83584774	159.15372535	174.26232116	173.67800877	161.86578346	160.09670945	170.32997091	164.49578592
12.27000000	152.38535137	178.87145509	174.16758698	169.14484090	157.29863840	172.27199786	169.80211220	159.12344553	174.27770914	173.64073002	161.87293468	160.10484276	170.12273930	164.13220721
12.27500000	152.51133009	178.92857248	174.20506507	169.14285196	157.30750698	172.29483410	169.76750218	159.09235141	174.29289089	173.60363211	161.88018011	160.11242195	169.93981325	163.81184898
12.28000000	152.63567072	178.98552049	174.24285621	169.14075816	157.31650808	172.31805773	169.73211051	159.06051911	174.30784696	173.56674230	161.88746676	160.11946158	169.78051034	163.53357773
12.28500000	152.75813377	179.04192015	174.28099195	169.13856493	157.32564288	172.34164604	169.69603021	159.02802524	174.32255750	173.53008828	161.89474295	160.12597674	169.64408330	163.29609040
12.29000000	152.87846658	179.09728026	174.31950323	169.13627741	157.33491163	172.36557567	169.65935420	158.99494670	174.33700226	173.49369801	161.90195851	160.13198305	169.52972925	163.09794827
12.29500000	152.99640409	179.15096738	174.35842025	169.13390055	157.34431378	172.38982264	169.62217497	158.96136042	174.35116069	173.45759963	161.90906509	160.13749664	169.43659795	162.93760405
12.30000000	153.11166962	179.20217021	174.39777239	169.13143907	157.35384795	172.41436248	169.58458426	158.92734309	174.36501205	173.42182132	161.91601635	160.14253406	169.36379930	162.81342392
12.30500000	153.22397581	179.24986184	174.43758812	169.12889747	157.36351203	172.43917029	169.54667271	158.89297096	174.37853546	173.38639121	161.92276818	160.14711230	169.31041024	162.72370569
12.31000000	153.33302560	179.29276927	174.47789486	169.12628009	157.37330319	172.46422082	169.50852954	158.85831955	174.39170999	173.35133725	161.92927895	160.15124878	169.27548109	162.66669419
12.31500000	153.43851322	179.32936927	174.51871895	169.12359106	157.38321792	172.48948859	169.47024224	158.82346341	174.40451478	173.31668711	161.93550965	160.15496127	169.25804143	162.64059447
12.32000000	153.54012532	179.35794165	174.56008549	169.12083437	157.39325213	172.51494795	169.43189622	158.78847586	174.41692910	173.28246809	161.94142411	160.15826794	169.25710560	162.64358325
12.32500000	153.63754212	179.37671400	174.60201826	169.11801388	157.40340110	172.54057318	169.39357452	158.75342876	174.42893247	173.24870699	161.94698916	160.16118731	169.27167781	162.67381910
12.33000000	153.73043862	179.38410870	174.64453967	169.11513332	157.41365959	172.56633858	169.35535750	158.71839228	174.44050475	173.21543004	161.95217478	160.16373824	169.30075695	162.72945154
12.33500000	153.81848587	179.37904041	174.68767061	169.11219630	157.42402185	172.59221856	169.31732255	158.68343464	174.45162625	173.18266280	161.95695423	160.16593996	169.34334101	162.80862928
12.34000000	153.90135230	179.36114415	174.73143041	169.10920637	157.43448165	172.61818775	169.27954383	158.64862191	174.46227781	173.15043005	161.96130414	160.16781198	169.39843134	162.90950779
12.34500000	153.97870507	179.33081607	174.77583674	169.10616702	157.44503230	172.64422104	169.24209202	158.61401777	174.47244090	173.11875577	161.96520467	160.16937420	169.46503650	163.03025625
12.35000000	154.05021147	179.28905009	174.82090554	169.10308167	157.45566673	172.67029371	169.20503406	158.57968334	174.48209774	173.08766299	161.96863950	160.17064679	169.54217591	163.16906406
12.35500000	154.11554039	179.23716797	174.86665094	169.09995374	157.46637746	172.69638149	169.16843296	158.54567698	174.49123136	173.05717380	161.97159596	160.17165028	169.62888326	163.32414689
12.36000000	154.17436374	179.17656608	174.91308520	169.09678661	157.47715664	172.72246063	169.13234761	158.51205412	174.49982574	173.02730921	161.97406502	160.17240552	169.72420961	163.49375233
12.36500000	154.22635796	179.10854695	174.96021864	169.09358370	157.48799610	172.74850801	169.09683260	158.47886708	174.50786582	172.99808915	161.97604132	160.17293367	169.82722628	163.67616524
12.37000000	154.27120551	179.03423935	175.00805962	169.09034843	157.49888735	172.77450116	169.06193811	158.44616495	174.51533768	172.96953242	161.97752315	160.17325622	169.93702750	163.86971272
12.37500000	154.30859639	178.95457989	175.05661445	169.08708427	157.50982161	172.80041837	169.02770977	158.41399348	174.52222852	172.94165662	161.97851245	160.17339496	170.05273281	164.07276882
12.38000000	154.33822957	178.87032721	175.10588737	169.08379472	157.52078984	172.82623873	168.99418860	158.38239492	174.52852678	172.91447812	161.97901474	160.17337204	170.17348924	164.28375889
12.38500000	154.35981454	178.78208861	175.15588055	169.08048333	157.53178272	172.85194218	168.96141094	158.35140800	174.53422222	172.88801208	161.97903904	160.17320988	170.29847323	164.50116367
12.39000000	154.37307273	178.69034844	175.20659400	169.07715373	157.54279072	172.87750957	168.92940844	158.32106781	174.53930589	172.86227238	161.97859784	160.17293126	170.42689233	164.72352303
12.39500000	154.37773893	178.59549366	175.25802562	169.07380959	157.55380409	172.90292273	168.89820805	158.29140576	174.54377026	172.83727163	161.97770694	160.17255924	170.55798676	164.94943942
12.40000000	154.37356266	178.49783494	175.31017115	169.07045463	157.56481290	172.92816443	168.86783206	158.26244960	174.54760921	172.81302118	161.97638538	160.17211720	170.69103060	165.17758097
12.40500000	154.36030950	178.39762353	175.36302418	169.06709264	157.57580701	172.95321853	168.83829817	158.23422335	174.55081802	172.78953109	161.97465526	160.17162881	170.82533291	165.40668427
12.41000000	154.33776232	178.29506437	175.41657618	169.06372743	157.58677615	172.97806989	168.80961955	158.20674736	174.55339345	172.76681019	161.97254163	160.17111806	170.96023854	165.63555676
12.41500000	154.30572250	178.19032634	175.47081650	169.06036283	157.59770986	173.00270450	168.78180498	158.18003834	174.55533366	172.74486604	161.97007229	160.17060920	171.09512883	165.86307880
12.42000000	154.26401095	178.08355008	175.52573239	169.05700267	157.60859759	173.02710942	168.75485899	158.15410942	174.55663826	172.72370502	161.96727767	160.17012677	171.22942202	166.08820528
12.42500000	154.21246918	177.97485411	175.58130905	169.05365076	157.61942863	173.05127284	168.72878203	158.12897023	174.55730825	172.70333231	161.96419057	160.16969558	171.36257355	166.30996688
12.43000000	154.15096017	177.86433956	175.63752965	169.05031085	157.63019220	173.07518409	168.70357062	158.10462701	174.55734596	172.68375194	161.96084603	160.16934068	171.49407613	166.52747093
12.43500000	154.07936915	177.75209391	175.69437540	169.04698658	157.64087739	173.09883361	168.67921762	158.08108272	174.55675506	172.66496685	161.95728105	160.16908738	171.62345967	166.73990174
12.44000000	153.99760430	177.63819387	175.75182559	169.04368147	157.65147325	173.12221300	168.65571240	158.05833722	174.55554044	172.64697892	161.95353445	160.16896121	171.75029100	166.94652060
12.44500000	153.90559727	177.52270776	175.80985767	169.04039888	157.66196875	173.14531499	168.63304112	158.03638738	174.55370818	172.62978903	161.94964655	160.16898793	171.87417351	167.14666531
12.45000000	153.80330369	177.40569734	175.86844728	169.03714193	157.67235282	173.16813346	168.61118699	158.01522730	174.55126544	172.61339710	161.94565901	160.16919346	171.99474655	167.33974919
12.45500000	153.69070343	177.28721931	175.92756839	169.03391349	157.68261436	173.19066341	168.59013051	157.99484848	174.54822040	172.59780221	161.94161456	160.16960396	172.11168477	167.52525975
12.46000000	153.56780078	177.16732653	175.98719331	169.03071610	157.69274227	173.21290098	168.56984979	157.97524002	174.54458214	172.58300258	161.93755670	160.17024570	172.22469728	167.70275691
12.46500000	153.43462461	177.04606899	176.04729283	169.02755193	157.70272548	173.23484342	168.55032081	157.95638888	174.54036055	172.56899571	161.93352954	160.17114515	172.33352674	167.87187073
12.47000000	153.29122821	176.92349457	176.10783628	169.02442276	157.71255291	173.25648909	168.53151773	157.93828006	174.53556622	172.55577840	161.92957745	160.17232887	172.43794831	168.03229889
12.47500000	153.13768921	176.79964971	176.16879165	169.02132986	157.72221360	173.27783748	168.51341318	157.92089685	174.53021034	172.54334688	161.92574486	160.17382355	172.53776854	168.18380374
12.48000000	152.97410925	176.67457990	176.23012569	169.01827401	157.73169662	173.29888914	168.49597857	157.90422110	174.52430454	172.53169684	161.92207598	160.17565600	172.63282412	168.32620909
12.48500000	152.80061361	176.54833002	176.29180400	169.01525540	157.74099119	173.31964571	168.47918437	157.88823341	174.51786084	172.52082351	161.91861453	160.17785305	172.72298067	168.45939671
12.49000000	152.61735069	176.42094472	176.35379115	169.01227360	157.75008664	173.34010994	168.46300040	157.87291344	174.51089151	172.51072177	161.91540351	160.18044164	172.80813138	168.58330265
12.49500000	152.42449148	176.29246856	176.41605082	169.00932753	157.75897248	173.36028560	168.44739615	157.85824010	174.50340892	172.50138621	161.91248494	160.18344870	172.88819564	168.69791345
12.50000000	152.22222882	176.16294620	176.47854588	169.00641538	157.76763839	173.38017756	168.43234101	157.84419182	174.49542547	172.49281120	161.90989963	160.18690119	172.96311770	168.80326222
12.50500000	152.01077666	176.03242247	176.54123853	169.00353462	157.77607430	173.39979172	168.41780457	157.83074679	174.48695350	172.48499097	161.90768696	160.19082606	173.03286522	168.89942471
12.51000000	151.79036921	175.90094238	176.60409047	169.00068192	157.78427036	173.41913504	168.40375686	157.81788317	174.47800511	172.47791970	161.90588464	160.19525022	173.09742790	168.98651545
12.51500000	151.56126005	175.76855114	176.66706294	168.99785315	157.79221702	173.43821554	168.39016860	157.80557932	174.46859216	172.47159160	161.90452855	160.20020048	173.15681612	169.06468389
12.52000000	151.32372115	175.63529411	176.73011694	168.99504336	157.79990502	173.45704225	168.37701141	157.79381401	174.45872610	172.46600095	161.90365252	160.20570359	173.21105952	169.13411078
12.52500000	151.07804183	175.50121670	176.79321334	168.99224675	157.80732543	173.47562528	168.36425803	157.78256660	174.44841793	172.46114218	161.90328819	160.21178615	173.26020573	169.19500463
12.53000000	150.82452773	175.36636428	176.85631300	168.98945664	157.81446972	173.49397576	168.35188250	157.77181722	174.43767813	172.45700997	161.90346486	160.21847457	173.30431907	169.24759839
12.53500000	150.56349963	175.23078206	176.91937693	168.98666552	157.82132971	173.51210587	168.33986032	157.76154692	174.42651657	172.45359927	161.90420932	160.22579506	173.34347927	169.29214639
12.54000000	150.29529236	175.09451495	176.98236645	168.98386500	157.82789767	173.53002883	168.32816862	157.75173782	174.41494247	172.45090536	161.90554583	160.23377357	173.37778034	169.32892144
12.54500000	150.02025360	174.95760744	177.04524333	168.98104585	157.83416631	173.54775892	168.31678626	157.74237322	174.40296435	172.44892393	161.90749593	160.24243574	173.40732941	169.35821223
12.55000000	149.73874266	174.82010342	177.10796994	168.97819799	157.84012880	173.56531147	168.30569392	157.73343767	174.39059000	172.44765112	161.91007844	160.25180685	173.43224561	169.38032092
12.55500000	149.45112928	174.68204606	177.17050939	168.97531056	157.84577883	173.58270288	168.29487421	157.72491710	174.37782645	172.44708354	161.91330940	160.26191174	173.45265909	169.39556093
12.56000000	149.15779238	174.54347770	177.23282572	168.97237189	157.85111061	173.59995059	168.28431171	157.71679881	174.36467994	172.44721831	161.91720201	160.27277477	173.46871004	169.40425502
12.56500000	148.85911880	174.40443967	177.29488405	168.96936958	157.85611886	173.61707315	168.27399299	157.70907153	174.35115592	172.44805312	161.92176668	160.28441975	173.48054770	169.40673342
12.57000000	148.55550209	174.26497224	177.35665072	168.96629055	157.86079890	173.63409015	168.26390662	157.70172539	174.33725903	172.44958621	161.92701099	160.29686984	173.48832954	169.40333221
12.57500000	148.24734123	174.12511451	177.41809348	168.96312104	157.86514661	173.65102229	168.25404316	157.69475197	174.32299316	172.45181643	161.93293976	160.31014750	173.49222036	169.39439185
12.58000000	147.93503936	173.98490430	177.47918164	168.95984671	157.86915847	173.66789136	168.24439512	157.68814417	174.30836139	172.45474321	161.93955508	160.32427439	173.49239148	169.38025572
12.58500000	147.61900260	173.84437817	177.53988625	168.95645270	157.87283155	173.68472021	168.23495692	157.68189622	174.29336605	172.45836655	161.94685638	160.33927129	173.48901997	169.36126885
12.59000000	147.29963882	173.70357135	177.60018022	168.95292367	157.87616355	173.70153283	168.22572477	157.67600355	174.27800873	172.46268705	161.95484053	160.35515798	173.48228787	169.33777667
12.59500000	146.97735638	173.56251775	177.66003854	168.94924390	157.87915277	173.71835428	168.21669662	157.67046273	174.26229032	172.46770588	161.96350193	160.37195319	173.47238139	169.31012383
12.60000000	146.65256305	173.42125001	177.71943841	168.94539734	157.88179816	173.73521071	168.20787199	157.66527133	174.24621103	172.47342473	161.97283259	160.38967442	173.45949025	169.27865308
12.60500000	146.32566479	173.27979951	177.77835939	168.94136774	157.88409926	173.75212936	168.19925192	157.66042780	174.22977040	172.47984579	161.98282233	160.40833793	173.44380690	169.24370411
12.61000000	145.99706466	173.13819651	177.83678356	168.93713865	157.88605625	173.76913855	168.19083873	157.65593132	174.21296739	172.48697170	161.99345883	160.42795855	173.42552582	169.20561254
12.61500000	145.66716179	172.99647020	177.89469568	168.93269362	157.88766991	173.78626766	168.18263596	157.65178166	174.19580035	172.49480549	162.00472785	160.44854960	173.40484281	169.16470880
12.62000000	145.33635028	172.85464886	177.95208329	168.92801619	157.88894164	173.80354710	168.17464815	157.64797903	174.17826711	172.50335053	162.01661331	160.47012277	173.38195425	169.12131713
12.62500000	145.00501828	172.71275998	178.00893687	168.92309005	157.88987340	173.82100833	168.16688066	157.64452390	174.16036496	172.51261043	162.02909753	160.49268801	173.35705647	169.07575455
12.63000000	144.67354703	172.57083045	178.06524995	168.91789912	157.89046776	173.83868376	168.15933956	157.64141684	174.14209073	172.52258898	162.04216132	160.51625338	173.33034503	169.02832988
12.63500000	144.34230997	172.42888673	178.12101920	168.91242763	157.89072782	173.85660676	168.15203139	157.63865835	174.12344078	172.53329003	162.05578418	160.54082498	173.30201400	168.97934280
12.64000000	144.01167194	172.28695501	178.17624453	168.90666026	157.89065722	173.87481159	168.14496299	157.63624874	174.10441104	172.54471743	162.06994446	160.56640678	173.27225538	168.92908294
12.64500000	143.68198842	172.14506143	178.23092912	168.90058222	157.89026010	173.89333337	168.13814135	157.63418791	174.08499704	172.55687488	162.08461955	160.59300053	173.24125838	168.87782899
12.65000000	143.35360479	172.00323229	178.28507953	168.89417935	157.88954111	173.91220799	168.13157342	157.63247526	174.06519389	172.56976583	162.09978599	160.62060562	173.20920883	168.82584796
12.65500000	143.02685572	171.86149423	178.33870567	168.88743826	157.88850532	173.93147203	168.12526594	157.63110951	174.04499635	172.58339337	162.11541968	160.64921899	173.17628854	168.77339434
12.66000000	142.70206457	171.71987439	178.39182082	168.88034640	157.88715826	173.95116271	168.11922526	157.63008861	174.02439878	172.59776009	162.13149604	160.67883500	173.14267473	168.72070954
12.66500000	142.37954288	171.57840066	178.44444161	168.87289219	157.88550582	173.97131780	168.11345722	157.62940959	174.00339520	172.61286796	162.14799011	160.70944530	173.10853944	168.66802118
12.67000000	142.05958990	171.43710178	178.49658793	168.86506512	157.88355428	173.99197545	168.10796695	157.62906846	173.98197925	172.62871819	162.16487676	160.74103875	173.07404903	168.61554267
12.67500000	141.74249221	171.29600757	178.54828288	168.85685589	157.88131024	174.01317416	168.10275878	157.62906014	173.96014420	172.64531111	162.18213077	160.77360134	173.03936362	168.56347270
12.68000000	141.42852335	171.15514898	178.59955264	168.84825646	157.87878060	174.03495262	168.09783609	157.62937837	173.93788297	172.66264603	162.19972702	160.80711603	173.00463668	168.51199496
12.68500000	141.11794358	171.01455831	178.65042630	168.83926022	157.87597255	174.05734958	168.09320118	157.63001562	173.91518808	172.68072113	162.21764058	160.84156274	172.97001454	168.46127783
12.69000000	140.81099963	170.87426921	178.70093569	168.82986207	157.87289351	174.08040370	168.08885521	157.63096310	173.89205169	172.69953330	162.23584681	160.87691822	172.93563599	168.41147428
12.69500000	140.50792457	170.73431682	178.75111517	168.82005853	157.86955112	174.10415341	168.08479804	157.63221068	173.86846555	172.71907808	162.25432151	160.91315603	172.90163192	168.36272177
12.70000000	140.20893764	170.59473779	178.80100135	168.80984784	157.86595325	174.12863677	168.08102820	157.63374687	173.84442103	172.73934947	162.27304100	160.95024646	172.86812500	168.31514227
12.70500000	139.91424424	170.45557034	178.85063283	168.79923008	157.86210792	174.15389125	168.07754282	157.63555883	173.81990910	172.76033989	162.29198217	160.98815649	172.83522938	168.26884243
12.71000000	139.62403590	170.31685422	178.90004989	168.78820727	157.85802335	174.17995362	168.07433755	157.63763238	173.79492034	172.78204007	162.31112265	161.02684979	172.80305044	168.22391371
12.71500000	139.33849029	170.17863073	178.94929413	168.77678345	157.85370791	174.20685971	168.07140656	157.63995200	173.76944495	172.80443894	162.33044077	161.06628671	172.77168460	168.18043274
12.72000000	139.05777133	170.04094266	178.99840812	168.76496478	157.84917014	174.23464426	168.06874247	157.64250087	173.74347273	172.82752355	162.34991573	161.10642428	172.74121914	168.13846165
12.72500000	138.78202931	169.90383424	179.04743501	168.75275965	157.84441872	174.26334070	168.06633635	157.64526090	173.71699315	172.85127906	162.36952756	161.14721625	172.71173209	168.09804856
12.73000000	138.51140099	169.76735107	179.09641812	168.74017874	157.83946253	174.29298097	168.06417775	157.64821285	173.68999535	172.87568863	162.38925722	161.18861313	172.68329214	168.05922805
12.73500000	138.24600985	169.63154001	179.14540055	168.72723511	157.83431059	174.32359531	168.06225468	157.65133631	173.66246816	172.90073339	162.40908662	161.23056228	172.65595867	168.02202180
12.74000000	137.98596629	169.49644909	179.19442469	168.71394424	157.82897215	174.35521205	168.06055364	157.65460984	173.63440022	172.92639243	162.42899861	161.27300799	172.62978168	167.98643920
12.74500000	137.73136789	169.36212736	179.24353186	168.70032415	157.82345665	174.38785741	168.05905967	157.65801104	173.60577996	172.95264280	162.44897707	161.31589159	172.60480191	167.95247807
12.75000000	137.48229967	169.22862480	179.29276184	168.68639540	157.81777377	174.42155531	168.05775640	157.66151666	173.57659573	172.97945944	162.46900683	161.35915160	172.58105091	167.92012541
12.75500000	137.23883442	169.09599213	179.34215246	168.67218115	157.81193346	174.45632711	168.05662609	157.66510271	173.54683586	173.00681529	162.48907371	161.40272387	172.55855118	167.88935818
12.76000000	137.00103301	168.96428073	179.39173917	168.65770717	157.80594597	174.49219148	168.05564975	157.66874456	173.51648879	173.03468126	162.50916454	161.44654179	172.53731638	167.86014410
12.76500000	136.76894477	168.83354243	179.44155465	168.64300192	157.79982185	174.52916412	168.05480716	157.67241712	173.48554315	173.06302627	162.52926706	161.49053644	172.51735150	167.83244253
12.77000000	136.54260782	168.70382938	179.49162843	168.62809646	157.79357202	174.56725763	168.05407701	157.67609490	173.45398792	173.09181733	162.54936999	161.53463689	172.49865317	167.80620527
12.77500000	136.32204948	168.57519390	179.54198652	168.61302453	157.78720779	174.60648128	168.05343702	157.67975221	173.42181254	173.12101962	162.56946293	161.57877037	172.48120990	167.78137748
12.78000000	136.10728665	168.44768832	179.59265110	168.59782246	157.78074089	174.64684083	168.05286398	157.68336331	173.38900709	173.15059653	162.58953634	161.62286256	172.46500240	167.75789847
12.78500000	135.89832623	168.32136485	179.64364021	168.58252916	157.77418347	174.68833837	168.05233395	157.68690252	173.35556245	173.18050980	162.60958155	161.66683790	172.45000397	167.73570262
12.79000000	135.69516553	168.19627539	179.69496748	168.56718604	157.76754818	174.73097214	168.05182232	157.69034442	173.32147044	173.21071960	162.62959062	161.71061985	172.43618084	167.71472017
12.79500000	135.49779273	168.07247144	179.74664190	168.55183697	157.76084816	174.77473639	168.05130400	157.69366398	173.28672405	173.24118467	162.64955639	161.75413120	172.42349258	167.69487806
12.80000000	135.30618724	167.95000393	179.79866761	168.53652813	157.75409703	174.81962120	168.05075353	157.69683675	173.25131758	173.27186243	162.66947237	161.79729446	172.41189253	167.67610069
12.80500000	135.12032021	167.82892309	179.85104376	168.52130795	157.74730896	174.86561241	168.05014519	157.69983903	173.21524687	173.30270913	162.68933271	161.84003211	172.40132823	167.65831071
12.81000000	134.94015493	167.70927834	179.90376420	168.50622696	157.74049861	174.91269146	168.04945324	157.70264798	173.17850946	173.33367998	162.70913213	161.88226701	172.39174192	167.64142969
12.81500000	134.76564727	167.59111815	179.95681643	168.49133759	157.73368117	174.96083532	168.04865196	157.70524185	173.14110480	173.36472934	162.72886590	161.92392275	172.38307094	167.62537884
12.82000000	134.59674613	167.47448996	179.98978647	168.47669410	157.72687232	175.01001639	168.04771588	157.70760012	173.10303441	173.39581082	162.74852974	161.96492394	172.37524833	167.61007958
12.82500000	134.43339386	167.35944004	179.93613501	168.46235229	157.72008821	175.06020249	168.04661987	157.70970362	173.06430209	173.42687751	162.76811983	162.00519668	172.36820325	167.59545419
12.83000000	134.27552671	167.24601344	179.88219863	168.44836936	157.71334543	175.11135676	168.04533933	157.71153475	173.02491408	173.45788210	162.78763271	162.04466880	172.36186153	167.58142626
12.83500000	134.12307522	167.13425383	179.82802334	168.43480364	157.70666098	175.16343773	168.04385031	157.71307756	172.98487918	173.48877706	162.80706526	162.08327029	172.35614618	167.56792123
12.84000000	133.97596468	167.02420347	179.77364624	168.42171440	157.70005216	175.21639924	168.04212963	157.71431792	172.94420896	173.51951481	162.82641466	162.12093361	172.35097794	167.55486677
12.84500000	133.83411549	166.91590312	179.71910865	168.40916153	157.69353657	175.27019056	168.04015506	157.71524365	172.90291783	173.55004793	162.84567837	162.15759402	172.34627578	167.54219318
12.85000000	133.69744361	166.80939193	179.66445633	168.39720533	157.68713203	175.32475640	168.03790541	157.71584461	172.86102318	173.58032926	162.86485408	162.19318991	172.34195745	167.52983371
12.85500000	133.56586092	166.70470742	179.60973928	168.38590617	157.68085646	175.38003706	168.03536065	157.71611284	172.81854542	173.61031215	162.88393970	162.22766308	172.33794001	167.51772482
12.86000000	133.43927558	166.60188537	179.55501154	168.37532426	157.67472783	175.43596849	168.03250202	157.71604261	172.77550809	173.63995057	162.90293336	162.26095906	172.33414035	167.50580645
12.86500000	133.31759245	166.50095975	179.50033089	168.36551928	157.66876407	175.49248247	168.02931214	157.71563052	172.73193786	173.66919930	162.92183337	162.29302735	172.33047571	167.49402213
12.87000000	133.20071338	166.40196272	179.44575849	168.35655009	157.66298296	175.54950682	168.02577506	157.71487557	172.68786456	173.69801411	162.94063829	162.32382165	172.32686421	167.48231922
12.87500000	133.08853760	166.30492447	179.39135862	168.34847444	157.65740203	175.60696558	168.02187638	157.71377917	172.64332114	173.72635189	162.95934684	162.35330009	172.32322533	167.47064897
12.88000000	132.98096201	166.20987327	179.33719824	168.34134862	157.65203847	175.66477926	168.01760331	157.71234520	172.59834364	173.75417079	162.97795802	162.38142543	172.31948043	167.45896659
12.88500000	132.87788150	166.11683532	179.28334665	168.33522712	157.64690903	175.72286512	168.01294468	157.71058001	172.55297113	173.78143043	162.99647104	162.40816520	172.31555318	167.44723135
12.89000000	132.77918927	166.02583477	179.22987509	168.33016234	157.64202993	175.78113750	168.00789103	157.70849242	172.50724558	173.80809198	163.01488540	162.43349187	172.31137008	167.43540653
12.89500000	132.68477706	165.93689360	179.17685630	168.32620425	157.63741673	175.83950811	168.00243462	157.70609368	172.46121175	173.83411832	163.03320089	162.45738291	172.30686086	167.42345950
12.90000000	132.59453547	165.85003164	179.12436416	168.32340010	157.63308427	175.89788645	167.99656944	157.70339747	172.41491705	173.85947416	163.05141764	162.47982089	172.30195888	167.41136165
12.90500000	132.50835417	165.76526645	179.07247321	168.32179403	157.62904656	175.95618017	167.99029125	157.70041982	172.36841136	173.88412615	163.06953612	162.50079356	172.29660156	167.39908835
12.91000000	132.42612215	165.68261334	179.02125825	168.32142689	157.62531670	176.01429548	167.98359755	157.69717906	172.32174681	173.90804301	163.08755719	162.52029380	172.29073072	167.38661892
12.91500000	132.34772796	165.60208528	178.97079391	168.32233585	157.62190677	176.07213767	167.97648758	157.69369572	172.27497763	173.93119560	163.10548212	162.53831967	172.28429290	167.37393655
12.92000000	132.27305987	165.52369287	178.92115422	168.32455418	157.61882782	176.12961149	167.96896232	157.68999244	172.22815985	173.95355704	163.12331261	162.55487435	172.27723967	167.36102822
12.92500000	132.20200611	165.44744433	178.87241218	168.32811095	157.61608974	176.18662172	167.96102443	157.68609389	172.18135109	173.97510274	163.14105079	162.56996604	172.26952789	167.34788459
12.93000000	132.13445503	165.37334544	178.82463937	168.33303086	157.61370123	176.24307361	167.95267824	157.68202660	172.13461030	173.99581054	163.15869925	162.58360794	172.26111993	167.33449994
12.93500000	132.07029527	165.30139951	178.77790556	168.33933395	157.61166972	176.29887347	167.94392970	157.67781888	172.08799750	174.01566069	163.17626105	162.59581805	172.25198383	167.32087198
12.94000000	132.00941588	165.23160739	178.73227827	168.34703544	157.61000136	176.35392917	167.93478634	157.67350064	172.04157346	174.03463593	163.19373967	162.60661906	172.24209347	167.30700180
12.94500000	131.95170652	165.16396741	178.68782250	168.35614556	157.60870097	176.40815069	167.92525722	157.66910326	171.99539949	174.05272154	163.21113905	162.61603821	172.23142865	167.29289365
12.95000000	131.89705757	165.09847539	178.64460029	168.36666941	157.60777200	176.46145067	167.91535284	157.66465942	171.94953709	174.06990530	163.22846352	162.62410705	172.21997516	167.27855485
12.95500000	131.84536020	165.03512465	178.60267047	168.37860684	157.60721652	176.51374493	167.90508514	157.66020295	171.90404773	174.08617758	163.24571777	162.63086126	172.20772477	167.26399560
12.96000000	131.79650658	164.97390601	178.56208832	168.39195237	157.60703526	176.56495305	167.89446738	157.65576861	171.85899253	174.10153125	163.26290685	162.63634043	172.19467520	167.24922878
12.96500000	131.75038987	164.91480777	178.52290532	168.40669515	157.60722754	176.61499885	167.88351407	157.65139200	171.81443197	174.11596172	163.28003603	162.64058780	172.18083007	167.23426978
12.97000000	131.70690442	164.85781577	178.48516891	168.42281896	157.60779136	176.66381090	167.87224096	157.64710926	171.77042571	174.12946689	163.29711080	162.64365002	172.16619873	167.21913627
12.97500000	131.66594575	164.80291339	178.44892229	168.44030221	157.60872340	176.71132299	167.86066488	157.64295697	171.72703221	174.14204713	163.31413678	162.64557689	172.15079615	167.20384799
12.98000000	131.62741074	164.75008164	178.41420422	168.45911802	157.61001909	176.75747458	167.84880372	157.63897192	171.68430860	174.15370517	163.33111959	162.64642108	172.13464269	167.18842648
12.98500000	131.59119761	164.69929912	178.38104891	168.47923432	157.61167265	176.80221119	167.83667633	157.63519093	171.64231036	174.16444610	163.34806481	162.64623783	172.11776385	167.17289486
12.99000000	131.55720605	164.65054219	178.34948588	168.50061400	157.61367719	176.84548474	167.82430244	157.63165064	171.60109114	174.17427727	163.36497783	162.64508471	172.10019004	167.15727750
12.99500000	131.52533723	164.60378493	178.31953990	168.52321506	157.61602477	176.88725384	167.81170259	157.62838731	171.56070256	174.18320820	163.38186377	162.64302129	172.08195624	167.14159979
13.00000000	131.49549391	164.55899930	178.29123096	168.54699086	157.61870651	176.92748406	167.79889802	157.62543665	171.52119398	174.19125047	163.39872733	162.64010889	172.06310167	167.12588781
13.00500000	131.46758048	164.51615518	178.26457422	168.57189030	157.62171272	176.96614806	167.78591059	157.62283361	171.48261239	174.19841768	163.41557273	162.63641026	172.04366944	167.11016799
13.01000000	131.44150301	164.47522048	178.23958006	168.59785814	157.62503297	177.00322569	167.77276271	157.62061220	171.44500220	174.20472526	163.43240349	162.63198933	172.02370618	167.09446684
13.01500000	131.41716929	164.43616125	178.21625412	168.62483527	157.62865622	177.03870402	167.75947726	157.61880527	171.40840513	174.21019043	163.44922242	162.62691090	172.00326159	167.07881060
13.02000000	131.39448889	164.39894178	178.19459735	168.65275904	157.63257093	177.07257732	167.74607745	157.61744438	171.37286012	174.21483202	163.46603141	162.62124040	171.98238808	167.06322487
13.02500000	131.37337325	164.36352473	178.17460615	168.68156356	157.63676521	177.10484685	167.73258678	157.61655957	171.33840319	174.21867038	163.48283136	162.61504362	171.96114034	167.04773435
13.03000000	131.35373565	164.32987124	178.15627245	168.71118008	157.64122686	177.13552074	167.71902895	157.61617923	171.30506737	174.22172723	163.49962203	162.60838644	171.93957488	167.03236244
13.03500000	131.33549133	164.29794106	178.13958388	168.74153730	157.64594355	177.16461366	167.70542773	157.61632989	171.27288268	174.22402555	163.51640197	162.60133459	171.91774962	167.01713094
13.04000000	131.31855750	164.26769270	178.12452391	168.77256177	157.65090286	177.19214649	167.69180690	157.61703611	171.24187605	174.22558943	163.53316836	162.59395343	171.89572345	167.00205978
13.04500000	131.30285341	164.23908355	178.11107205	168.80417823	157.65609237	177.21814590	167.67819015	157.61832028	171.21207133	174.22644393	163.54991696	162.58630774	171.87355580	166.98716663
13.05000000	131.28830037	164.21207004	178.09920400	168.83630997	157.66149976	177.24264389	167.66460099	157.62020254	171.18348927	174.22661498	163.56664200	162.57846147	171.85130624	166.97246669
13.05500000	131.27482185	164.18660776	178.08889191	168.86887920	157.66711285	177.26567728	167.65106267	157.62270059	171.15614753	174.22612920	163.58333611	162.57047756	171.82903406	166.95797242
13.06000000	131.26234348	164.16265160	178.08010454	168.90180738	157.67291966	177.28728714	167.63759805	157.62582963	171.13006073	174.22501382	163.59999022	162.56241778	171.80679785	166.94369326
13.06500000	131.25079313	164.14015592	178.07280752	168.93501556	157.67890845	177.30751821	167.62422957	157.62960218	171.10524047	174.22329650	163.61659356	162.55434251	171.78465517	166.92963545
13.07000000	131.24010095	164.11907468	178.06696355	168.96842474	157.68506771	177.32641833	167.61097909	157.63402810	171.08169539	174.22100525	163.63313356	162.54631064	171.76266215	166.91580185
13.07500000	131.23019941	164.09936155	178.06253266	169.00195617	157.69138622	177.34403779	167.59786788	157.63911439	171.05943128	174.21816828	163.64959585	162.53837934	171.74087317	166.90219176
13.08000000	131.22102337	164.08097010	178.05947241	169.03553164	157.69785301	177.36042876	167.58491647	157.64486524	171.03845111	174.21481389	163.66596424	162.53060399	171.71934054	166.88880084
13.08500000	131.21251012	164.06385391	178.05773816	169.06907378	157.70445740	177.37564466	167.57214460	157.65128192	171.01875513	174.21097038	163.68222072	162.52303804	171.69811420	166.87562100
13.09000000	131.20459941	164.04796668	178.05728329	169.10250635	157.71118890	177.38973963	167.55957117	157.65836279	171.00034100	174.20666590	163.69834547	162.51573289	171.67724148	166.86264035
13.09500000	131.19723352	164.03326240	178.05805943	169.13575444	157.71803725	177.40276795	167.54721408	157.66610328	170.98320385	174.20192839	163.71431690	162.50873776	171.65676683	166.84984321
13.10000000	131.19035728	164.01969545	178.06001667	169.16874477	157.72499236	177.41478354	167.53509027	157.67449590	170.96733644	174.19678548	163.73011171	162.50209964	171.63673161	166.83721012
13.10500000	131.18391810	164.00722074	178.06310385	169.20140583	157.73204424	177.42583951	167.52321558	157.68353031	170.95272924	174.19126438	163.74570492	162.49586320	171.61717396	166.82471790
13.11000000	131.17786606	163.99579379	178.06726867	169.23366814	157.73918301	177.43598771	167.51160472	157.69319332	170.93937057	174.18539182	163.76107000	162.49007070	171.59812856	166.81233975
13.11500000	131.17215386	163.98537086	178.07245800	169.26546439	157.74639877	177.44527836	167.50027123	157.70346901	170.92724671	174.17919398	163.77617892	162.48476195	171.57962659	166.80004536
13.12000000	131.16673691	163.97590908	178.07861802	169.29672961	157.75368161	177.45375974	167.48922742	157.71433882	170.91634203	174.17269641	163.79100229	162.47997422	171.56169558	166.78780111
13.12500000	131.16157334	163.96736648	178.08569444	169.32740128	157.76102152	177.46147791	167.47848436	157.72578163	170.90663911	174.16592395	163.80550949	162.47574225	171.54435937	166.77557020
13.13000000	131.15662398	163.95970217	178.09363265	169.35741947	157.76840833	177.46847646	167.46805182	157.73777392	170.89811890	174.15890073	163.81966880	162.47209816	171.52763806	166.76331292
13.13500000	131.15185245	163.95287634	178.10237793	169.38672695	157.77583165	177.47479637	167.45793828	157.75028989	170.89076079	174.15165008	163.83344753	162.46907148	171.51154801	166.75098685
13.14000000	131.14722508	163.94685038	178.11187556	169.41526921	157.78328083	177.48047585	167.44815092	157.76330166	170.88454276	174.14419449	163.84681225	162.46668907	171.49610187	166.73854716
13.14500000	131.14271100	163.94158696	178.12207103	169.44299460	157.79074489	177.48555029	167.43869560	157.77677939	170.87944149	174.13655562	163.85972888	162.46497516	171.48130859	166.72594686
13.15000000	131.13828209	163.93705007	178.13291011	169.46985433	157.79821247	177.49005220	167.42957688	157.79069154	170.87543249	174.12875420	163.87216296	162.46395133	171.46717351	166.71313710
13.15500000	131.13391297	163.93320506	178.14433902	169.49580249	157.80567178	177.49401121	167.42079804	157.80500499	170.87249021	174.12081006	163.88407976	162.46363650	171.45369849	166.70006751
13.16000000	131.12958104	163.93001873	178.15630452	169.52079612	157.81311056	177.49745410	167.41236109	157.81968528	170.87058812	174.11274212	163.89544456	162.46404697	171.44088197	166.68668649
13.16500000	131.12526643	163.92745936	178.16875402	169.54479517	157.82051604	177.50040490	167.40426680	157.83469684	170.86969886	174.10456833	163.90622278	162.46519641	171.42871913	166.67294158
13.17000000	131.12095198	163.92549670	178.18163566	169.56776248	157.82787490	177.50288493	167.39651473	157.85000316	170.86979429	174.09630571	163.91638024	162.46709593	171.41720208	166.65877975
13.17500000	131.11662325	163.92410204	178.19489841	169.58966383	157.83517325	177.50491299	167.38910330	157.86556706	170.87084560	174.08797031	163.92588334	162.46975407	171.40631998	166.64414779
13.18000000	131.11226847	163.92324821	178.20849212	169.61046784	157.84239661	177.50650545	167.38202980	157.88135083	170.87282342	174.07957727	163.93469930	162.47317684	171.39605931	166.62899264
13.18500000	131.10787853	163.92290959	178.22236756	169.63014598	157.84952990	177.50767643	167.37529048	157.89731653	170.87569789	174.07114075	163.94279634	162.47736783	171.38640400	166.61326172
13.19000000	131.10344694	163.92306210	178.23647654	169.64867250	157.85655742	177.50843798	167.36888055	157.91342614	170.87943870	174.06267401	163.95014389	162.48232820	171.37733570	166.59690329
13.19500000	131.09896977	163.92368322	178.25077185	169.66602440	157.86346286	177.50880026	167.36279428	157.92964180	170.88401521	174.05418941	163.95671282	162.48805675	171.36883401	166.57986678
13.20000000	131.09444566	163.92475196	178.26520737	169.68218139	157.87022933	177.50877175	167.35702507	157.94592597	170.88939650	174.04569840	163.96247562	162.49455003	171.36087672	166.56210313
13.20500000	131.08987576	163.92624883	178.27973807	169.69712578	157.87683934	177.50835943	167.35156546	157.96224164	170.89555143	174.03721158	163.96740657	162.50180236	171.35344003	166.54356511
13.21000000	131.08526367	163.92815583	178.29432002	169.71084249	157.88327486	177.50756902	167.34640724	157.97855253	170.90244867	174.02873870	163.97148199	162.50980595	171.34649882	166.52420766
13.21500000	131.08061542	163.93045644	178.30891040	169.72331895	157.88951734	177.50640515	167.34154148	157.99482321	170.91005678	174.02028874	163.97468034	162.51855095	171.34002693	166.50398816
13.22000000	131.07593938	163.93313553	178.32346752	169.73454502	157.89554773	177.50487162	167.33695861	158.01101928	170.91834427	174.01186987	163.97698243	162.52802557	171.33399735	166.48286676
13.22500000	131.07124626	163.93617936	178.33795082	169.74451298	157.90134657	177.50297154	167.33264849	158.02710754	170.92727959	174.00348956	163.97837158	162.53821617	171.32838253	166.46080665
13.23000000	131.06654902	163.93957553	178.35232084	169.75321740	157.90689403	177.50070759	167.32860046	158.04305605	170.93683120	173.99515457	163.97883374	162.54910733	171.32315459	166.43777434
13.23500000	131.06186281	163.94331291	178.36653923	169.76065513	157.91216993	177.49808219	167.32480339	158.05883433	170.94696760	173.98687101	163.97835767	162.56068198	171.31828556	166.41373991
13.24000000	131.05720495	163.94738160	178.38056875	169.76682521	157.91715387	177.49509770	167.32124577	158.07441340	170.95765733	173.97864442	163.97693501	162.57292150	171.31374762	166.38867726
13.24500000	131.05259481	163.95177287	178.39437323	169.77172879	157.92182526	177.49175658	167.31791575	158.08976592	170.96886903	173.97047975	163.97456044	162.58580584	171.30951330	166.36256430
13.25000000	131.04805380	163.95647910	178.40791756	169.77536909	157.92616339	177.48806159	167.31480122	158.10486621	170.98057142	173.96238146	163.97123176	162.59931359	171.30555572	166.33538322
13.25500000	131.04360526	163.96149370	178.42116767	169.77775132	157.93014752	177.48401596	167.31188985	158.11969041	170.99273336	173.95435357	163.96694998	162.61342216	171.30184871	166.30712062
13.26000000	131.03927442	163.96681109	178.43409051	169.77888261	157.93375698	177.47962353	167.30916916	158.13421644	171.00532382	173.94639969	163.96171939	162.62810782	171.29836707	166.27776768
13.26500000	131.03508831	163.97242659	178.44665401	169.77877197	157.93697121	177.47488888	167.30662658	158.14842409	171.01831189	173.93852308	163.95554762	162.64334589	171.29508667	166.24732036
13.27000000	131.03107569	163.97833636	178.45882707	169.77743020	157.93976986	177.46981750	167.30424952	158.16229506	171.03166683	173.93072670	163.94844570	162.65911081	171.29198461	166.21577945
13.27500000	131.02726699	163.98453734	178.47057951	169.77486983	157.94213288	177.46441589	167.30202540	158.17581295	171.04535800	173.92301331	163.94042808	162.67537627	171.28903937	166.18315074
13.28000000	131.02369421	163.99102719	178.48188203	169.77110509	157.94404057	177.45869166	167.29994175	158.18896330	171.05935493	173.91538545	163.93151260	162.69211534	171.28623085	166.14944505
13.28500000	131.02039086	163.99780421	178.49270618	169.76615179	157.94547371	177.45265367	167.29798622	158.20173356	171.07362728	173.90784555	163.92172056	162.70930056	171.28354056	166.11467832
13.29000000	131.01739184	164.00486727	178.50302432	169.76002732	157.94641358	177.44631208	167.29614669	158.21411311	171.08814484	173.90039597	163.91107664	162.72690409	171.28095160	166.07887164
13.29500000	131.01473340	164.01221573	178.51280953	169.75275055	157.94684209	177.43967842	167.29441128	158.22609322	171.10287753	173.89303904	163.89960888	162.74489781	171.27844876	166.04205123
13.30000000	131.01245305	164.01984941	178.52203562	169.74434178	157.94674182	177.43276569	167.29276843	158.23766702	171.11779540	173.88577714	163.88734863	162.76325339	171.27601857	166.00424846
13.30500000	131.01058944	164.02776849	178.53067700	169.73482268	157.94609608	177.42558839	167.29120693	158.24882947	171.13286861	173.87861271	163.87433044	162.78194248	171.27364927	165.96549982
13.31000000	131.00918230	164.03597346	178.53870865	169.72421626	157.94488901	177.41816254	167.28971603	158.25957731	171.14806743	173.87154834	163.86059202	162.80093673	171.27133089	165.92584680
13.31500000	131.00827234	164.04446506	178.54610601	169.71254675	157.94310562	177.41050577	167.28828541	158.26990902	171.16336224	173.86458679	163.84617408	162.82020796	171.26905519	165.88533586
13.32000000	131.00790116	164.05324419	178.55284491	169.69983963	157.94073188	177.40263725	167.28690529	158.27982473	171.17872352	173.85773106	163.83112024	162.83972817	171.26681565	165.84401830
13.32500000	131.00811117	164.06231190	178.55890146	169.68612147	157.93775471	177.39457778	167.28556644	158.28932619	171.19412184	173.85098438	163.81547687	162.85946970	171.26460746	165.80195011
13.33000000	131.00894545	164.07166930	178.56425198	169.67141996	157.93416210	177.38634974	167.28426024	158.29841667	171.20952784	173.84435032	163.79929295	162.87940529	171.26242743	165.75919182
13.33500000	131.01044773	164.08131750	178.56887280	169.65576381	157.92994314	177.37797706	167.28297872	158.30710090	171.22491228	173.83783276	163.78261989	162.89950812	171.26027398	165.71580830
13.34000000	131.01266225	164.09125760	178.57274023	169.63918270	157.92508802	177.36948526	167.28171459	158.31538499	171.24024596	173.83143596	163.76551136	162.91975190	171.25814705	165.67186856
13.34500000	131.01563364	164.10149058	178.57583036	169.62170723	157.91958816	177.36090135	167.28046127	158.32327633	171.25549979	173.82516458	163.74802309	162.94011093	171.25604802	165.62744552
13.35000000	131.01940689	164.11201730	178.57811895	169.60336884	157.91343613	177.35225382	167.27921296	158.33078353	171.27064475	173.81902371	163.73021270	162.96056012	171.25397963	165.58261574
13.35500000	131.02402721	164.12283843	178.57958126	169.58419981	157.90662581	177.34357259	167.27796459	158.33791631	171.28565191	173.81301885	163.71213945	162.98107505	171.25194588	165.53745913
13.36000000	131.02953994	164.13395443	178.58019194	169.56423313	157.89915230	177.33488893	167.27671194	158.34468545	171.30049240	173.80715599	163.69386407	163.00163198	171.24995196	165.49205864
13.36500000	131.03599046	164.14536546	178.57992485	169.54350250	157.89101206	177.32623542	167.27545158	158.35110265	171.31513748	173.80144157	163.67544851	163.02220789	171.24800408	165.44649997
13.37000000	131.04342409	164.15707139	178.57875291	169.52204226	157.88220284	177.31764585	167.27418094	158.35718049	171.32955849	173.79588250	163.65695574	163.04278045	171.24610944	165.40087120
13.37500000	131.05188602	164.16907174	178.57664801	169.49988734	157.87272376	177.30915516	167.27289832	158.36293233	171.34372688	173.79048620	163.63844948	163.06332805	171.24427605	165.35526241
13.38000000	131.06142117	164.18136564	178.57358082	169.47707321	157.86257533	177.30079934	167.27160287	158.36837223	171.35761421	173.78526051	163.61999403	163.08382978	171.24251265	165.30976534
13.38500000	131.07207413	164.19395179	178.56952069	169.45363582	157.85175944	177.29261532	167.27029466	158.37351486	171.37119221	173.78021379	163.60165399	163.10426541	171.24082859	165.26447298
13.39000000	131.08388907	164.20682841	178.56443556	169.42961158	157.84027939	177.28464092	167.26897463	158.37837546	171.38443272	173.77535482	163.58349403	163.12461533	171.23923371	165.21947919
13.39500000	131.09690964	164.21999323	178.55829190	169.40503729	157.82813993	177.27691470	167.26764464	158.38296974	171.39730779	173.77069285	163.56557867	163.14486057	171.23773822	165.17487827
13.40000000	131.11117886	164.23344343	178.55105460	169.37995010	157.81534724	177.26947586	167.26630746	158.38731380	171.40978963	173.76623752	163.54797202	163.16498271	171.23635262	165.13076461
13.40500000	131.12673908	164.24717562	178.54268701	169.35438748	157.80190895	177.26236414	167.26496677	158.39142411	171.42185069	173.76199889	163.53073757	163.18496386	171.23508755	165.08723222
13.41000000	131.14363186	164.26118575	178.53315087	169.32838718	157.78783418	177.25561971	167.26362717	158.39531744	171.43346364	173.75798740	163.51393796	163.20478656	171.23395373	165.04437440
13.41500000	131.16189789	164.27546915	178.52240644	169.30198717	157.77313351	177.24928302	167.26229419	158.39901078	171.44460142	173.75421382	163.49763474	163.22443375	171.23296186	165.00228330
13.42000000	131.18157694	164.29002044	178.51041249	169.27522565	157.75781902	177.24339470	167.26097424	158.40252132	171.45523729	173.75068922	163.48188814	163.24388870	171.23212250	164.96104962
13.42500000	131.20270773	164.30483348	178.49712647	169.24814096	157.74190429	177.23799542	167.25967467	158.40586639	171.46534481	173.74742496	163.46675690	163.26313492	171.23144605	164.92076216
13.43000000	131.22532791	164.31990139	178.48250466	169.22077155	157.72540439	177.23312579	167.25840373	158.40906342	171.47489791	173.74443264	163.45229802	163.28215611	171.23094264	164.88150758
13.43500000	131.24947397	164.33521643	178.46650233	169.19315598	157.70833590	177.22882621	167.25717056	158.41212992	171.48387093	173.74172405	163.43856660	163.30093605	171.23062208	164.84337000
13.44000000	131.27518118	164.35077005	178.44907399	169.16533287	157.69071692	177.22513671	167.25598518	158.41508341	171.49223863	173.73931112	163.42561561	163.31945854	171.23049381	164.80643078
13.44500000	131.30248352	164.36655281	178.43017365	169.13734086	157.67256703	177.22209690	167.25485848	158.41794141	171.49997625	173.73720593	163.41349577	163.33770735	171.23056686	164.77076821
13.45000000	131.33141364	164.38255436	178.40975512	169.10921853	157.65390736	177.21974575	167.25380221	158.42072142	171.50705956	173.73542059	163.40225535	163.35566609	171.23084985	164.73645729
13.45500000	131.36200283	164.39876340	178.38777232	169.08100447	157.63476048	177.21812150	167.25282892	158.42344086	171.51346487	173.73396723	163.39194003	163.37331816	171.23135089	164.70356954
13.46000000	131.39428094	164.41516770	178.36417962	169.05273711	157.61515050	177.21726152	167.25195200	158.42611705	171.51916912	173.73285798	163.38259275	163.39064668	171.23207766	164.67217276
13.46500000	131.42827639	164.43175405	178.33893220	169.02445481	157.59510298	177.21720218	167.25118558	158.42876720	171.52414988	173.73210488	163.37425362	163.40763444	171.23303732	164.64233095
13.47000000	131.46401612	164.44850825	178.31198642	168.99619569	157.57464493	177.21797869	167.25054454	158.43140837	171.52838544	173.73171982	163.36695972	163.42426378	171.23423658	164.61410413
13.47500000	131.50152562	164.46541516	178.28330020	168.96799771	157.55380480	177.21962498	167.25004448	158.43405741	171.53185484	173.73171455	163.36074511	163.44051660	171.23568166	164.58754828
13.48000000	131.54082885	164.48245863	178.25283336	168.93989854	157.53261243	177.22217357	167.24970161	158.43673101	171.53453792	173.73210058	163.35564065	163.45637424	171.23737835	164.56271523
13.48500000	131.58194833	164.49962162	178.22054800	168.91193553	157.51109904	177.22565540	167.24953279	158.43944556	171.53641536	173.73288915	163.35167393	163.47181750	171.23933198	164.53965264
13.49000000	131.62490510	164.51688613	178.18640883	168.88414568	157.48929713	177.23009974	167.24955540	158.44221722	171.53746877	173.73409115	163.34886925	163.48682655	171.24154749	164.51840394
13.49500000	131.66971879	164.53423334	178.15038350	168.85656559	157.46724052	177.23553398	167.24978733	158.44506180	171.53768073	173.73571714	163.34724753	163.50138092	171.24402943	164.49900835
13.50000000	131.71640763	164.55164359	178.11244290	168.82923136	157.44496419	177.24198356	167.25024689	158.44799478	171.53703480	173.73777721	163.34682623	163.51545950	171.24678203	164.48150085
13.50500000	131.76498851	164.56909652	178.07256138	168.80217859	157.42250429	177.24947179	167.25095276	158.45103125	171.53551563	173.74028100	163.34761939	163.52904050	171.24980919	164.46591223
13.51000000	131.81547707	164.58657109	178.03071706	168.77544227	157.39989802	177.25801972	167.25192388	158.45418585	171.53310901	173.74323764	163.34963752	163.54210146	171.25311454	164.45226911
13.51500000	131.86788775	164.60404577	177.98689195	168.74905675	157.37718357	177.26764599	167.25317940	158.45747278	171.52980186	173.74665566	163.35288766	163.55461927	171.25670150	164.44059395
13.52000000	131.92223392	164.62149858	177.94107217	168.72305564	157.35440000	177.27836670	167.25473860	158.46090568	171.52558238	173.75054299	163.35737329	163.56657019	171.26057326	164.43090517
13.52500000	131.97852794	164.63890730	177.89324806	168.69747178	157.33158718	177.29019525	167.25662077	158.46449764	171.52044001	173.75490693	163.36309441	163.57792987	171.26473290	164.42321712
13.53000000	132.03678130	164.65624955	177.84341425	168.67233713	157.30878566	177.30314220	167.25884514	158.46826113	171.51436555	173.75975402	163.37004749	163.58867341	171.26918337	164.41754020
13.53500000	132.09700479	164.67350306	177.79156976	168.64768273	157.28603653	177.31721515	167.26143078	158.47220795	171.50735118	173.76509010	163.37822551	163.59877539	171.27392752	164.41388090
13.54000000	132.15920859	164.69064577	177.73771799	168.62353859	157.26338134	177.33241856	167.26439649	158.47634919	171.49939050	173.77092022	163.38761799	163.60821000	171.27896820	164.41224186
13.54500000	132.22340247	164.70765609	177.68186672	168.59993364	157.24086195	177.34875363	167.26776071	158.48069518	171.49047860	173.77724857	163.39821099	163.61695105	171.28430823	164.41262193
13.55000000	132.28959594	164.72451310	177.62402811	168.57689563	157.21852037	177.36621815	167.27154142	158.48525541	171.48061210	173.78407853	163.40998721	163.62497209	171.28995045	164.41501624
13.55500000	132.35779846	164.74119680	177.56421858	168.55445108	157.19639866	177.38480635	167.27575601	158.49003854	171.46978918	173.79141253	163.42292596	163.63224651	171.29589777	164.41941625
13.56000000	132.42801962	164.75768834	177.50245880	168.53262518	157.17453876	177.40450878	167.28042120	158.49505229	171.45800966	173.79925211	163.43700325	163.63874765	171.30215316	164.42580984
13.56500000	132.50026936	164.77397028	177.43877353	168.51144170	157.15298233	177.42531213	167.28555294	158.50030346	171.44527499	173.80759781	163.45219188	163.64444893	171.30871968	164.43418129
13.57000000	132.57455815	164.79002686	177.37319152	168.49092294	157.13177065	177.44719911	167.29116628	158.50579782	171.43158831	173.81644920	163.46846144	163.64932397	171.31560051	164.44451142
13.57500000	132.65089728	164.80584428	177.30574539	168.47108967	157.11094438	177.47014833	167.29727529	158.51154013	171.41695452	173.82580479	163.48577844	163.65334672	171.32279894	164.45677758
13.58000000	132.72929902	164.82141093	177.23647147	168.45196101	157.09054352	177.49413411	167.30389293	158.51753410	171.40138025	173.83566207	163.50410634	163.65649160	171.33031839	164.47095369
13.58500000	132.80977690	164.83671772	177.16540963	168.43355438	157.07060715	177.51912638	167.31103102	158.52378230	171.38487393	173.84601744	163.52340569	163.65873370	171.33816239	164.48701032
13.59000000	132.89234593	164.85175830	177.09260312	168.41588547	157.05117336	177.54509055	167.31870006	158.53028623	171.36744581	173.85686616	163.54363418	163.66004887	171.34633459	164.50491470
13.59500000	132.97702283	164.86652937	177.01809841	168.39896815	157.03227910	177.57198736	167.32690923	158.53704620	171.34910797	173.86820242	163.56474678	163.66041393	171.35483873	164.52463074
13.60000000	133.06382625	164.88103090	176.94194498	168.38281439	157.01395999	177.59977274	167.33566623	158.54406141	171.32987435	173.88001922	163.58669581	163.65980679	171.36367864	164.54611912
13.60500000	133.15277705	164.89526639	176.86419517	168.36743428	156.99625027	177.62839775	167.34497726	158.55132985	171.30976074	173.89230841	163.60943109	163.65820667	171.37285820	164.56933723
13.61000000	133.24389844	164.90924311	176.78490395	168.35283595	156.97918262	177.65780838	167.35484690	158.55884837	171.28878483	173.90506066	163.63290002	163.65559420	171.38238130	164.59423927
13.61500000	133.33721623	164.92297229	176.70412877	168.33902551	156.96278805	177.68794550	167.36527808	158.56661263	171.26696615	173.91826546	163.65704777	163.65195166	171.39225182	164.62077627
13.62000000	133.43275903	164.93646936	176.62192935	168.32600706	156.94709582	177.71874478	167.37627202	158.57461712	171.24432613	173.93191107	163.68181738	163.64726305	171.40247357	164.64889608
13.62500000	133.53055839	164.94975409	176.53836752	168.31378266	156.93213332	177.75013654	167.38782812	158.58285519	171.22088804	173.94598459	163.70714989	163.64151433	171.41305022	164.67854343
13.63000000	133.63064896	164.96285074	176.45350697	168.30235231	156.91792599	177.78204575	167.39994400	158.59131904	171.19667701	173.96047187	163.73298455	163.63469352	171.42398527	164.70965995
13.63500000	133.73306867	164.97578820	176.36741314	168.29171395	156.90449721	177.81439196	167.41261535	158.59999972	171.17171997	173.97535758	163.75925892	163.62679088	171.43528195	164.74218420
13.64000000	133.83785876	164.98860013	176.28015300	168.28186343	156.89186827	177.84708928	167.42583600	158.60888722	171.14604565	173.99062521	163.78590905	163.61779900	171.44694316	164.77605173
13.64500000	133.94506392	165.00132494	176.19179488	168.27279457	156.88005826	177.88004640	167.43959782	158.61797043	171.11968453	174.00625703	163.81286966	163.60771297	171.45897138	164.81119507
13.65000000	134.05473229	165.01400593	176.10240830	168.26449913	156.86908402	177.91316667	167.45389069	158.62723721	171.09266881	174.02223417	163.84007432	163.59653047	171.47136857	164.84754383
13.65500000	134.16691551	165.02669125	176.01206378	168.25696687	156.85896013	177.94634813	167.46870256	158.63667442	171.06503232	174.03853661	163.86745561	163.58425188	171.48413610	164.88502472
13.66000000	134.28166872	165.03943393	175.92083269	168.25018553	156.84969881	177.97948378	167.48401933	158.64626795	171.03681050	174.05514324	163.89494531	163.57088037	171.49727460	164.92356161
13.66500000	134.39905045	165.05229181	175.82878711	168.24414092	156.84130992	178.01246170	167.49982495	158.65600277	171.00804032	174.07203184	163.92247462	163.55642197	171.51078391	164.96307561
13.67000000	134.51912258	165.06532747	175.73599960	168.23881696	156.83380094	178.04516543	167.51610137	158.66586300	170.97876020	174.08917920	163.94997429	163.54088563	171.52466294	165.00348514
13.67500000	134.64195021	165.07860819	175.64254312	168.23419567	156.82717691	178.07747438	167.53282856	158.67583196	170.94900994	174.10656109	163.97737488	163.52428327	171.53890954	165.04470600
13.68000000	134.76760148	165.09220578	175.54849083	168.23025731	156.82144049	178.10926429	167.54998455	158.68589220	170.91883062	174.12415239	164.00460692	163.50662978	171.55352045	165.08665151
13.68500000	134.89614737	165.10619647	175.45391594	168.22698039	156.81659192	178.14040791	167.56754544	158.69602561	170.88826449	174.14192713	164.03160113	163.48794306	171.56849114	165.12923258
13.69000000	135.02766148	165.12066078	175.35889158	168.22434177	156.81262902	178.17077577	167.58548548	158.70621346	170.85735492	174.15985853	164.05828864	163.46824401	171.58381576	165.17235785
13.69500000	135.16221972	165.13568329	175.26349065	168.22231673	156.80954725	178.20023711	167.60377707	158.71643650	170.82614623	174.17791914	164.08460117	163.44755648	171.59948701	165.21593388
13.70000000	135.29989999	165.15135251	175.16778564	168.22087904	156.80733969	178.22866093	167.62239086	158.72667503	170.79468361	174.19608089	164.11047123	163.42590725	171.61549607	165.25986525
13.70500000	135.44078183	165.16776067	175.07184856	168.22000107	156.80599712	178.25591730	167.64129582	158.73690898	170.76301298	174.21431521	164.13583240	163.40332597	171.63183257	165.30405477
13.71000000	135.58494601	165.18500352	174.97575072	168.21965388	156.80550803	178.28187869	167.66045929	158.74711802	170.73118088	174.23259312	164.16061947	163.37984507	171.64848447	165.34840371
13.71500000	135.73247407	165.20318010	174.87956266	168.21980733	156.80585872	178.30642160	167.67984711	158.75728162	170.69923432	174.25088532	164.18476871	163.35549967	171.66543808	165.39281198
13.72000000	135.88344786	165.22239260	174.78335399	168.22043017	156.80703330	178.32942820	167.69942367	158.76737919	170.66722065	174.26916236	164.20821802	163.33032750	171.68267803	165.43717839
13.72500000	136.03794899	165.24274611	174.68719325	168.22149018	156.80901382	178.35078816	167.71915207	158.77739013	170.63518741	174.28739471	164.23090722	163.30436873	171.70018724	165.48140092
13.73000000	136.19605829	165.26434845	174.59114782	168.22295428	156.81178031	178.37040047	167.73899419	158.78729395	170.60318222	174.30555291	164.25277821	163.27766588	171.71794696	165.52537696
13.73500000	136.35785519	165.28730999	174.49528380	168.22478864	156.81531091	178.38817529	167.75891083	158.79707037	170.57125258	174.32360769	164.27377520	163.25026365	171.73593678	165.56900366
13.74000000	136.52341714	165.31174349	174.39966585	168.22695885	156.81958192	178.40403576	167.77886185	158.80669943	170.53944575	174.34153008	164.29384489	163.22220875	171.75413473	165.61217817
13.74500000	136.69281888	165.33776395	174.30435715	168.22943002	156.82456792	178.41791963	167.79880630	158.81616155	170.50780863	174.35929159	164.31293672	163.19354974	171.77251728	165.65479800
13.75000000	136.86613178	165.36548847	174.20941927	168.23216696	156.83024191	178.42978068	167.81870255	158.82543765	170.47638754	174.37686429	164.33100303	163.16433687	171.79105945	165.69676132
13.75500000	137.04342313	165.39503615	174.11491210	168.23513427	156.83657539	178.43958992	167.83850846	158.83450926	170.44522813	174.39422096	164.34799924	163.13462183	171.80973493	165.73796729
13.76000000	137.22475536	165.42652802	174.02089372	168.23829658	156.84353847	178.44733637	167.85818150	158.84335856	170.41437524	174.41133521	164.36388408	163.10445761	171.82851614	165.77831638
13.76500000	137.41018528	165.46008695	173.92742038	168.24161859	156.85110004	178.45302744	167.87767895	158.85196853	170.38387271	174.42818164	164.37861973	163.07389828	171.84737437	165.81771070
13.77000000	137.59976331	165.49583763	173.83454642	168.24506532	156.85922789	178.45668899	167.89695804	158.86032299	170.35376330	174.44473591	164.39217198	163.04299878	171.86627990	165.85605433
13.77500000	137.79353261	165.53390654	173.74232418	168.24860222	156.86788880	178.45836476	167.91597610	158.86840669	170.32408852	174.46097486	164.40451041	163.01181469	171.88520212	165.89325361
13.78000000	137.99152829	165.57442196	173.65080401	168.25219530	156.87704871	178.45811563	167.93469077	158.87620543	170.29488853	174.47687668	164.41560853	162.98040206	171.90410969	165.92921745
13.78500000	138.19377654	165.61751398	173.56003414	168.25581133	156.88667287	178.45601824	167.95306012	158.88370607	170.26620203	174.49242095	164.42544388	162.94881716	171.92297065	165.96385763
13.79000000	138.40029378	165.66331459	173.47006074	168.25941797	156.89672594	178.45216353	167.97104288	158.89089664	170.23806615	174.50758875	164.43399819	162.91711628	171.94175256	165.99708904
13.79500000	138.61108575	165.71195765	173.38092783	168.26298389	156.90717212	178.44665485	167.98859853	158.89776641	170.21051633	174.52236278	164.44125745	162.88535555	171.96042266	166.02882998
13.80000000	138.82614662	165.76357904	173.29267726	168.26647895	156.91797532	178.43960600	168.00568756	158.90430593	170.18358630	174.53672742	164.44721199	162.85359069	171.97894796	166.05900236
13.80500000	139.04545811	165.81831670	173.20534872	168.26987429	156.92909926	178.43113916	168.02227157	158.91050710	170.15730794	174.55066878	164.45185658	162.82187681	171.99729544	166.08753195
13.81000000	139.26898855	165.87631069	173.11897974	168.27314247	156.94050762	178.42138279	168.03831346	158.91636321	170.13171125	174.56417482	164.45519045	162.79026828	172.01543211	166.11434856
13.81500000	139.49669194	165.93770327	173.03360567	168.27625762	156.95216412	178.41046964	168.05377761	158.92186901	170.10682430	174.57723534	164.45721733	162.75881845	172.03332518	166.13938622
13.82000000	139.72850702	166.00263898	172.94925967	168.27919550	156.96403268	178.39853480	168.06863001	158.92702071	170.08267318	174.58984205	164.45794545	162.72757955	172.05094214	166.16258334
13.82500000	139.96435632	166.07126466	172.86597279	168.28193361	156.97607752	178.38571398	168.08283842	158.93181603	170.05928201	174.60198861	164.45738752	162.69660245	172.06825091	166.18388289
13.83000000	140.20414519	166.14372948	172.78377391	168.28445131	156.98826323	178.37214191	168.09637253	158.93625425	170.03667286	174.61367062	164.45556071	162.66593654	172.08521993	166.20323245
13.83500000	140.44776084	166.22018490	172.70268983	168.28672986	157.00055493	178.35795100	168.10920405	158.94033615	170.01486580	174.62488568	164.45248659	162.63562958	172.10181823	166.22058441
13.84000000	140.69507136	166.30078462	172.62274530	168.28875250	157.01291831	178.34327017	168.12130693	158.94406413	169.99387889	174.63563330	164.44819101	162.60572750	172.11801557	166.23589598
13.84500000	140.94592476	166.38568449	172.54396301	168.29050453	157.02531975	178.32822388	168.13265737	158.94744209	169.97372816	174.64591494	164.44270405	162.57627434	172.13378246	166.24912931
13.85000000	141.20014796	166.47504229	172.46636371	168.29197332	157.03772637	178.31293136	168.14323403	158.95047551	169.95442772	174.65573398	164.43605985	162.54731207	172.14909032	166.26025157
13.85500000	141.45754586	166.56901751	172.38996621	168.29314835	157.05010613	178.29750606	168.15301805	158.95317139	169.93598970	174.66509565	164.42829648	162.51888050	172.16391147	166.26923495
13.86000000	141.71790035	166.66777098	172.31478749	168.29402127	157.06242786	178.28205517	168.16199320	158.95553825	169.91842435	174.67400696	164.41945575	162.49101717	172.17821922	166.27605675
13.86500000	141.98096936	166.77146448	172.24084272	168.29458584	157.07466133	178.26667934	168.17014592	158.95758603	169.90174007	174.68247669	164.40958306	162.46375726	172.19198793	166.28069939
13.87000000	142.24648600	166.88026020	172.16814538	168.29483801	157.08677733	178.25147255	168.17746537	158.95932613	169.88594348	174.69051523	164.39872716	162.43713351	172.20519303	166.28315045
13.87500000	142.51415758	166.99432004	172.09670730	168.29477584	157.09874767	178.23652198	168.18394355	158.96077130	169.87103948	174.69813457	164.38693992	162.41117616	172.21781111	166.28340263
13.88000000	142.78366487	167.11380488	172.02653879	168.29439954	157.11054523	178.22190808	168.18957526	158.96193557	169.85703131	174.70534813	164.37427612	162.38591288	172.22981988	166.28145382
13.88500000	143.05466127	167.23887363	171.95764872	168.29371140	157.12214402	178.20770464	168.19435816	158.96283422	169.84392064	174.71217068	164.36079321	162.36136870	172.24119823	166.27730706
13.89000000	143.32677218	167.36968220	171.89004458	168.29271577	157.13351917	178.19397892	168.19829278	158.96348367	169.83170766	174.71861826	164.34655100	162.33756602	172.25192627	166.27097051
13.89500000	143.59959433	167.50638225	171.82373266	168.29141900	157.14464700	178.18079185	168.20138250	158.96390138	169.82039114	174.72470799	164.33161147	162.31452454	172.26198528	166.26245748
13.90000000	143.87269541	167.64911982	171.75871811	168.28982943	157.15550498	178.16819827	168.20363354	158.96410578	169.80996855	174.73045799	164.31603845	162.29226126	172.27135780	166.25178634
13.90500000	144.14561370	167.79803378	171.69500504	168.28795726	157.16607181	178.15624712	168.20505493	158.96411617	169.80043612	174.73588724	164.29989736	162.27079047	172.28002756	166.23898054
13.91000000	144.41785797	167.95325416	171.63259670	168.28581456	157.17632740	178.14498177	168.20565846	158.96395259	169.79178897	174.74101546	164.28325495	162.25012374	172.28797953	166.22406855
13.91500000	144.68890754	168.11490020	171.57149555	168.28341514	157.18625287	178.13444023	168.20545860	158.96363574	169.78402116	174.74586296	164.26617905	162.23026993	172.29519991	166.20708377
13.92000000	144.95821261	168.28307839	171.51170342	168.28077453	157.19583062	178.12465547	168.20447247	158.96318683	169.77712584	174.75045052	164.24873826	162.21123522	172.30167614	166.18806455
13.92500000	145.22519490	168.45788022	171.45322161	168.27790983	157.20504425	178.11565568	168.20271968	158.96262751	169.77109530	174.75479927	164.23100172	162.19302311	172.30739690	166.16705406
13.93000000	145.48924854	168.63937982	171.39605107	168.27483971	157.21387864	178.10746454	168.20022230	158.96197973	169.76592110	174.75893055	164.21303887	162.17563448	172.31235214	166.14410027
13.93500000	145.74974138	168.82763158	171.34019245	168.27158423	157.22231992	178.10010154	168.19700473	158.96126561	169.76159411	174.76286578	164.19491914	162.15906760	172.31653306	166.11925582
13.94000000	146.00601665	169.02266745	171.28564633	168.26816482	157.23035546	178.09358218	168.19309354	158.96050736	169.75810467	174.76662635	164.17671182	162.14331821	172.31993217	166.09257800
13.94500000	146.25739510	169.22449438	171.23241328	168.26460417	157.23797387	178.08791828	168.18851739	158.95972715	169.75544259	174.77023353	164.15848571	162.12837951	172.32254329	166.06412858
13.95000000	146.50317752	169.43309149	171.18049401	168.26092608	157.24516504	178.08311820	168.18330684	158.95894697	169.75359733	174.77370831	164.14030898	162.11424230	172.32436158	166.03397374
13.95500000	146.74264786	169.64840739	171.12988951	168.25715543	157.25192006	178.07918712	168.17749425	158.95818858	169.75255796	174.77707132	164.12224897	162.10089497	172.32538361	166.00218398
13.96000000	146.97507673	169.87035739	171.08060116	168.25331803	157.25823125	178.07612722	168.17111356	158.95747336	169.75231332	174.78034274	164.10437192	162.08832358	172.32560736	165.96883392
13.96500000	147.19972551	170.09882077	171.03263083	168.24944051	157.26409216	178.07393794	168.16420019	158.95682220	169.75285207	174.78354221	164.08674285	162.07651197	172.32503230	165.93400221
13.97000000	147.41585090	170.33363818	170.98598102	168.24555023	157.26949750	178.07261618	168.15679082	158.95625547	169.75416267	174.78668872	164.06942538	162.06544177	172.32365942	165.89777138
13.97500000	147.62271003	170.57460903	170.94065493	168.24167517	157.27444317	178.07215648	168.14892325	158.95579283	169.75623354	174.78980055	164.05248153	162.05509255	172.32149133	165.86022763
13.98000000	147.81956594	170.82148915	170.89665660	168.23784379	157.27892623	178.07255126	168.14063619	158.95545323	169.75905303	174.79289523	164.03597162	162.04544182	172.31853223	165.82146069
13.98500000	148.00569354	171.07398846	170.85399091	168.23408494	157.28294485	178.07379091	168.13196910	158.95525474	169.76260947	174.79598942	164.01995410	162.03646518	172.31478808	165.78156359
13.99000000	148.18038591	171.33176895	170.81266373	168.23042774	157.28649832	178.07586406	168.12296198	158.95521455	169.76689121	174.79909890	164.00448544	162.02813635	172.31026658	165.74063246
13.99500000	148.34296078	171.59444264	170.77268194	168.22690146	157.28958699	178.07875764	168.11365522	158.95534881	169.77188662	174.80223851	163.98962003	162.02042732	172.30497723	165.69876632
14.00000000	148.49276724	171.86156984	170.73405347	168.22353541	157.29221227	178.08245711	168.10408937	158.95567259	169.77758412	174.80542210	163.97541003	162.01330838	172.29893145	165.65606682
14.00500000	148.62919243	172.13265737	170.69678735	168.22035883	157.29437659	178.08694653	168.09430499	158.95619981	169.78397219	174.80866253	163.96190532	162.00674824	172.29214255	165.61263797
14.01000000	148.75166813	172.40715683	170.66089372	168.21740076	157.29608336	178.09220875	168.08434244	158.95694313	169.79103935	174.81197160	163.94915343	162.00071413	172.28462584	165.56858591
14.01500000	148.85967713	172.68446279	170.62638381	168.21468999	157.29733695	178.09822546	168.07424169	158.95791391	169.79877416	174.81536006	163.93719941	161.99517191	172.27639861	165.52401856
14.02000000	148.95275915	172.96391066	170.59326998	168.21225486	157.29814265	178.10497739	168.06404216	158.95912210	169.80716521	174.81883760	163.92608580	161.99008613	172.26748021	165.47904539
14.02500000	149.03051622	173.24477416	170.56156564	168.21012325	157.29850665	178.11244433	168.05378254	158.96057621	169.81620109	174.82241283	163.91585256	161.98542021	172.25789206	165.43377704
14.03000000	149.09261745	173.52626209	170.53128522	168.20832242	157.29843600	178.12060529	168.04350059	158.96228318	169.82587039	174.82609326	163.90653700	161.98113647	172.24765764	165.38832503
14.03500000	149.13880284	173.80751413	170.50244417	168.20687896	157.29793859	178.12943856	168.03323302	158.96424839	169.83616164	174.82988532	163.89817375	161.97719632	172.23680252	165.34280142
14.04000000	149.16888627	174.08759525	170.47505880	168.20581865	157.29702310	178.13892181	168.02301528	158.96647552	169.84706326	174.83379435	163.89079467	161.97356035	172.22535434	165.29731842
14.04500000	149.18275742	174.36548855	170.44914627	168.20516642	157.29569900	178.14903216	168.01288142	158.96896652	169.85856358	174.83782461	163.88442882	161.97018844	172.21334278	165.25198810
14.05000000	149.18038259	174.64008589	170.42472449	168.20494625	157.29397651	178.15974628	168.00286396	158.97172158	169.87065074	174.84197928	163.87910244	161.96703992	172.20079955	165.20692198
14.05500000	149.16180446	174.91017617	170.40181196	168.20518110	157.29186656	178.17104043	167.99299376	158.97473902	169.88331266	174.84626047	163.87483882	161.96407372	172.18775833	165.16223065
14.06000000	149.12714065	175.17443092	170.38042772	168.20589283	157.28938081	178.18289054	167.98329985	158.97801530	169.89653700	174.85066924	163.87165832	161.96124848	172.17425472	165.11802345
14.06500000	149.07658131	175.43138743	170.36059121	168.20710216	157.28653161	178.19527229	167.97380935	158.98154494	169.91031110	174.85520556	163.86957829	161.95852271	172.16032615	165.07440805
14.07000000	149.01038564	175.67942997	170.34232210	168.20882861	157.28333199	178.20816114	167.96454734	158.98532053	169.92462191	174.85986839	163.86861301	161.95585495	172.14601184	165.03149012
14.07500000	148.92887749	175.91677095	170.32564017	168.21109044	157.27979567	178.22153242	167.95553680	158.98933268	169.93945598	174.86465564	163.86877362	161.95320392	172.13135265	164.98937291
14.08000000	148.83244020	176.14143534	170.31056521	168.21390463	157.27593700	178.23536135	167.94679849	158.99357003	169.95479934	174.86956417	163.87006809	161.95052868	172.11639100	164.94815697
14.08500000	148.72151076	176.35125411	170.29711676	168.21728682	157.27177105	178.24962310	167.93835088	158.99801924	169.97063751	174.87458987	163.87250114	161.94778879	172.10117078	164.90793975
14.09000000	148.59657346	176.54387578	170.28531407	168.22125129	157.26731353	178.26429286	167.93021013	159.00266501	169.98695538	174.87972760	163.87607419	161.94494450	172.08573717	164.86881526
14.09500000	148.45815323	176.71680812	170.27517586	168.22581095	157.26258083	178.27934586	167.92239002	159.00749012	170.00373719	174.88497121	163.88078525	161.94195687	172.07013655	164.83087382
14.10000000	148.30680870	176.86750432	170.26672017	168.23097730	157.25759002	178.29475742	167.91490192	159.01247544	170.02096648	174.89031361	163.88662892	161.93878799	172.05441633	164.79420170
14.10500000	148.14312528	176.99350499	170.25996423	168.23676046	157.25235887	178.31050298	167.90775479	159.01760002	170.03862602	174.89574672	163.89359632	161.93540112	172.03862483	164.75888086
14.11000000	147.96770829	177.09263746	170.25492426	168.24316911	157.24690585	178.32655817	167.90095515	159.02284111	170.05669773	174.90126155	163.90167499	161.93176085	172.02281112	164.72498873
14.11500000	147.78117637	177.16325335	170.25161535	168.25021052	157.24125012	178.34289881	167.89450715	159.02817430	170.07516270	174.90684815	163.91084886	161.92783330	172.00702484	164.69259796
14.12000000	147.58415506	177.20446084	170.25005123	168.25789053	157.23541159	178.35950097	167.88841251	159.03357355	170.09400106	174.91249570	163.92109824	161.92358624	171.99131610	164.66177623
14.12500000	147.37727101	177.21629023	170.25024421	168.26621360	157.22941085	178.37634098	167.88267066	159.03901134	170.11319200	174.91819251	163.93239972	161.91898930	171.97573529	164.63258609
14.13000000	147.16114646	177.19973802	170.25220494	168.27518277	157.22326926	178.39339548	167.87727870	159.04445874	170.13271369	174.92392606	163.94472618	161.91401408	171.96033297	164.60508482
14.13500000	146.93639440	177.15666845	170.25594236	168.28479968	157.21700887	178.41064146	167.87223153	159.04988560	170.15254324	174.92968303	163.95804678	161.90863433	171.94515967	164.57932437
14.14000000	146.70361422	177.08959885	170.26146347	168.29506462	157.21065246	178.42805625	167.86752189	159.05526062	170.17265670	174.93544934	163.97232693	161.90282610	171.93026580	164.55535120
14.14500000	146.46338797	177.00142866	170.26877326	168.30597651	157.20422355	178.44561759	167.86314045	159.06055151	170.19302898	174.94121021	163.98752830	161.89656786	171.91570148	164.53320633
14.15000000	146.21627721	176.89517692	170.27787458	168.31753292	157.19774635	178.46330361	167.85907592	159.06572517	170.21363391	174.94695019	164.00360889	161.88984062	171.90151646	164.51292530
14.15500000	145.96282041	176.77377281	170.28876802	168.32973010	157.19124574	178.48109292	167.85531513	159.07074783	170.23444411	174.95265324	164.02052302	161.88262809	171.88775995	164.49453818
14.16000000	145.70353090	176.63991646	170.30145185	168.34256300	157.18474728	178.49896457	167.85184316	159.07558521	170.25543110	174.95830275	164.03822142	161.87491678	171.87448052	164.47806964
14.16500000	145.43889538	176.49600501	170.31592185	168.35602530	157.17827718	178.51689810	167.84864347	159.08020268	170.27656522	174.96388164	164.05665130	161.86669606	171.86172603	164.46353902
14.17000000	145.16937285	176.34410868	170.33217134	168.37010942	157.17186223	178.53487359	167.84569798	159.08456545	170.29781567	174.96937241	164.07575649	161.85795834	171.84954349	164.45096045
14.17500000	144.89539403	176.18597937	170.35019101	168.38480654	157.16552978	178.55287164	167.84298726	159.08863875	170.31915053	174.97475719	164.09547750	161.84869904	171.83797900	164.44034298
14.18000000	144.61736118	176.02307747	170.36996895	168.40010663	157.15930772	178.57087341	167.84049063	159.09238798	170.34053678	174.98001782	164.11575175	161.83891676	171.82707768	164.43169070
14.18500000	144.33564819	175.85660668	170.39149059	168.41599849	157.15322437	178.58886065	167.83818633	159.09577891	170.36194034	174.98513596	164.13651365	161.82861327	171.81688356	164.42500298
14.19000000	144.05060111	175.68755039	170.41473864	168.43246976	157.14730848	178.60681572	167.83605163	159.09877786	170.38332612	174.99009308	164.15769487	161.81779360	171.80743956	164.42027459
14.19500000	143.76253880	175.51670621	170.43969311	168.44950697	157.14158913	178.62472161	167.83406306	159.10135185	170.40465809	174.99487064	164.17922449	161.80646602	171.79878742	164.41749596
14.20000000	143.47175392	175.34471694	170.46633130	168.46709553	157.13609568	178.64256196	167.83219647	159.10346881	170.42589934	174.99945006	164.20102927	161.79464212	171.79096764	164.41665338
14.20500000	143.17851400	175.17209750	170.49462781	168.48521979	157.13085770	178.66032110	167.83042728	159.10509772	170.44701214	175.00381290	164.22303389	161.78233675	171.78401946	164.41772923
14.21000000	142.88306271	174.99925779	170.52455457	168.50386309	157.12590486	178.67798404	167.82873061	159.10620882	170.46795809	175.00794084	164.24516120	161.76956808	171.77798082	164.42070224
14.21500000	142.58562125	174.82652189	170.55608086	168.52300774	157.12126689	178.69553652	167.82708145	159.10677373	170.48869817	175.01181585	164.26733255	161.75635754	171.77288834	164.42554770
14.22000000	142.28638973	174.65414410	170.58917335	168.54263510	157.11697349	178.71296503	167.82545485	159.10676568	170.50919287	175.01542019	164.28946803	161.74272978	171.76877726	164.43223773
14.22500000	141.98554872	174.48232226	170.62379621	168.56272558	157.11305420	178.73025681	167.82382607	159.10615960	170.52940232	175.01873654	164.31148685	161.72871267	171.76568145	164.44074156
14.23000000	141.68326070	174.31120870	170.65991108	168.58325869	157.10953837	178.74739989	167.82217080	159.10493233	170.54928642	175.02174803	164.33330760	161.71433718	171.76363340	164.45102570
14.23500000	141.37967165	174.14091941	170.69747725	168.60421310	157.10645503	178.76438311	167.82046531	159.10306273	170.56880497	175.02443835	164.35484862	161.69963736	171.76266417	164.46305426
14.24000000	141.07491248	173.97154153	170.73645167	168.62556661	157.10383280	178.78119612	167.81868665	159.10053186	170.58791782	175.02679182	164.37602830	161.68465025	171.76280341	164.47678916
14.24500000	140.76910056	173.80313960	170.77678907	168.64729627	157.10169979	178.79782941	167.81681284	159.09732311	170.60658503	175.02879341	164.39676547	161.66941574	171.76407931	164.49219036
14.25000000	140.46234115	173.63576074	170.81844205	168.66937832	157.10008354	178.81427430	167.81482303	159.09342232	170.62476705	175.03042887	164.41697970	161.65397652	171.76651863	164.50921609
14.25500000	140.15472875	173.46943888	170.86136123	168.69178830	157.09901086	178.83052300	167.81269769	159.08881794	170.64242485	175.03168474	164.43659166	161.63837793	171.77014664	164.52782309
14.26000000	139.84634849	173.30419834	170.90549528	168.71450105	157.09850776	178.84656854	167.81041882	159.08350111	170.65952012	175.03254844	164.45552343	161.62266780	171.77498713	164.54796676
14.26500000	139.53727731	173.14005669	170.95079110	168.73749073	157.09859937	178.86240483	167.80797006	159.07746581	170.67601541	175.03300832	164.47369889	161.60689636	171.78106241	164.56960143
14.27000000	139.22758524	172.97702724	170.99719395	168.76073087	157.09930979	178.87802665	167.80533694	159.07070896	170.69187437	175.03305371	164.49104397	161.59111604	171.78839326	164.59268046
14.27500000	138.91733647	172.81512093	171.04464750	168.78419437	157.10066200	178.89342961	167.80250699	159.06323049	170.70706185	175.03267498	164.50748705	161.57538128	171.79699891	164.61715648
14.28000000	138.60659039	172.65434800	171.09309405	168.80785353	157.10267778	178.90861014	167.79946989	159.05503346	170.72154414	175.03186359	164.52295921	161.55974841	171.80689702	164.64298151
14.28500000	138.29540260	172.49471928	171.14247458	168.83168006	157.10537757	178.92356549	167.79621767	159.04612415	170.73528910	175.03061212	164.53739457	161.54427541	171.81810369	164.67010713
14.29000000	137.98382578	172.33624725	171.19272894	168.85564510	157.10878035	178.93829370	167.79274481	159.03651208	170.74826635	175.02891435	164.55073056	161.52902168	171.83063336	164.69848454
14.29500000	137.67191051	172.17894690	171.24379592	168.87971921	157.11290358	178.95279352	167.78904835	159.02621012	170.76044745	175.02676529	164.56290824	161.51404788	171.84449881	164.72806478
14.30000000	137.35970601	172.02283633	171.29561344	168.90387238	157.11776304	178.96706438	167.78512804	159.01523452	170.77180603	175.02416123	164.57387249	161.49941565	171.85971112	164.75879873
14.30500000	137.04726084	171.86793727	171.34811864	168.92807403	157.12337275	178.98110633	167.78098645	159.00360492	170.78231797	175.02109980	164.58357236	161.48518740	171.87627961	164.79063723
14.31000000	136.73462348	171.71427544	171.40124800	168.95229297	157.12974484	178.99491996	167.77662900	158.99134444	170.79196151	175.01757999	164.59196120	161.47142605	171.89421179	164.82353115
14.31500000	136.42184286	171.56188077	171.45493749	168.97649742	157.13688947	179.00850632	167.77206408	158.97847961	170.80071743	175.01360222	164.59899699	161.45819475	171.91351329	164.85743145
14.32000000	136.10896886	171.41078753	171.50912267	169.00065499	157.14481467	179.02186676	167.76730313	158.96504045	170.80856912	175.00916837	164.60464244	161.44555664	171.93418779	164.89228916
14.32500000	135.79605267	171.26103441	171.56373882	169.02473264	157.15352631	179.03500289	167.76236060	158.95106040	170.81550274	175.00428188	164.60886522	161.43357456	171.95623697	164.92805543
14.33000000	135.48314717	171.11266447	171.61872105	169.04869669	157.16302795	179.04791633	167.75725408	158.93657631	170.82150727	174.99894770	164.61163812	161.42231077	171.97966040	164.96468154
14.33500000	135.17030719	170.96572504	171.67400439	169.07251275	157.17332075	179.06060864	167.75200423	158.92162840	170.82657464	174.99317244	164.61293915	161.41182666	172.00445546	165.00211884
14.34000000	134.85758977	170.82026759	171.72952391	169.09614577	157.18440341	179.07308103	167.74663482	158.90626023	170.83069977	174.98696436	164.61275168	161.40218244	172.03061723	165.04031873
14.34500000	134.54505428	170.67634752	171.78521482	169.11955995	157.19627207	179.08533420	167.74117270	158.89051859	170.83388063	174.98033344	164.61106451	161.39343688	172.05813842	165.07923261
14.35000000	134.23276263	170.53402392	171.84101257	169.14271876	157.20892026	179.09736807	167.73564776	158.87445344	170.83611830	174.97329141	164.60787189	161.38564695	172.08700923	165.11881182
14.35500000	133.92077927	170.39335931	171.89685289	169.16558494	157.22233881	179.10918145	167.73009289	158.85811783	170.83741698	174.96585181	164.60317361	161.37886755	172.11721728	165.15900754
14.36000000	133.60917126	170.25441929	171.95267194	169.18812045	157.23651579	179.12077177	167.72454388	158.84156778	170.83778402	174.95803001	164.59697493	161.37315121	172.14874743	165.19977071
14.36500000	133.29800825	170.11727223	172.00840633	169.21028650	157.25143654	179.13213464	167.71903939	158.82486213	170.83722993	174.94984330	164.58928659	161.36854775	172.18158173	165.24105194
14.37000000	132.98736246	169.98198892	172.06399322	169.23204353	157.26708355	179.14326353	167.71362078	158.80806247	170.83576835	174.94131084	164.58012476	161.36510399	172.21569927	165.28280138
14.37500000	132.67730856	169.84864215	172.11937036	169.25335124	157.28343651	179.15414919	167.70833207	158.79123291	170.83341605	174.93245379	164.56951088	161.36286345	172.25107608	165.32496862
14.38000000	132.36792355	169.71730633	172.17447616	169.27416860	157.30047228	179.16477924	167.70321974	158.77443997	170.83019289	174.92329526	164.55747164	161.36186603	172.28768498	165.36750261
14.38500000	132.05928664	169.58805710	172.22924974	169.29445384	157.31816488	179.17513756	167.69833265	158.75775238	170.82612175	174.91386036	164.54403876	161.36214773	172.32549555	165.41035150
14.39000000	131.75147903	169.46097087	172.28363096	169.31416454	157.33648556	179.18520369	167.69372182	158.74124092	170.82122854	174.90417620	164.52924887	161.36374036	172.36447396	165.45346256
14.39500000	131.44458376	169.33612442	172.33756048	169.33325762	157.35540281	179.19495213	167.68944028	158.72497816	170.81554206	174.89427190	164.51314330	161.36667121	172.40458293	165.49678208
14.40000000	131.13868539	169.21359445	172.39097975	169.35168942	157.37488238	179.20435170	167.68554292	158.70903828	170.80909400	174.88417858	164.49576788	161.37096287	172.44578163	165.54025530
14.40500000	130.83386987	169.09345716	172.44383108	169.36941571	157.39488742	179.21336472	167.68208622	158.69349681	170.80191880	174.87392934	164.47717270	161.37663285	172.48802562	165.58382628
14.41000000	130.53022415	168.97578778	172.49605763	169.38639182	157.41537845	179.22194628	167.67912810	158.67843043	170.79405360	174.86355921	164.45741188	161.38369344	172.53126685	165.62743791
14.41500000	130.22783599	168.86066019	172.54760343	169.40257264	157.43631354	179.23004342	167.67672766	158.66391664	170.78553810	174.85310516	164.43654328	161.39215139	172.57545357	165.67103180
14.42000000	129.92679362	168.74814645	172.59841337	169.41791274	157.45764836	179.23759439	167.67494500	158.65003357	170.77641452	174.84260598	164.41462824	161.40200775	172.62053041	165.71454826
14.42500000	129.62718546	168.63831636	172.64843323	169.43236644	157.47933630	179.24452791	167.67384089	158.63685964	170.76672745	174.83210222	164.39173130	161.41325764	172.66643833	165.75792632
14.43000000	129.32909981	168.53123710	172.69760966	169.44588789	157.50132861	179.25076253	167.67347663	158.62447329	170.75652376	174.82163614	164.36791989	161.42589009	172.71311471	165.80110371
14.43500000	129.03262452	168.42697281	172.74589019	169.45843119	157.52357452	179.25620618	167.67391372	158.61295267	170.74585244	174.81125156	164.34326402	161.43988789	172.76049340	165.84401688
14.44000000	128.73784670	168.32558415	172.79322318	169.46995044	157.54602139	179.26075581	167.67521363	158.60237535	170.73476457	174.80099376	164.31783598	161.45522743	172.80850487	165.88660106
14.44500000	128.44485244	168.22712799	172.83955787	169.48039989	157.56861487	179.26429746	167.67743755	158.59281799	170.72331310	174.79090933	164.29171004	161.47187865	172.85707628	165.92879033
14.45000000	128.15372644	168.13165701	172.88484431	169.48973406	157.59129909	179.26670652	167.68064609	158.58435601	170.71155281	174.78104603	164.26496211	161.48980492	172.90613170	165.97051769
14.45500000	127.86455178	168.03921935	172.92903339	169.49790778	157.61401684	179.26784850	167.68489905	158.57706329	170.69954013	174.77145259	164.23766942	161.50896304	172.95559226	166.01171520
14.46000000	127.57740962	167.94985831	172.97207682	169.50487637	157.63670975	179.26758024	167.69025515	158.57101180	170.68733306	174.76217854	164.20991025	161.52930324	173.00537641	166.05231410
14.46500000	127.29237891	167.86361202	173.01392713	169.51059576	157.65931851	179.26575161	167.69677173	158.56627132	170.67499102	174.75327399	164.18176360	161.55076916	173.05540016	166.09224494
14.47000000	127.00953616	167.78051319	173.05453765	169.51502256	157.68178311	179.26220773	167.70450452	158.56290906	170.66257470	174.74478943	164.15330886	161.57329797	173.10557739	166.13143781
14.47500000	126.72895519	167.70058880	173.09386256	169.51811424	157.70404306	179.25679160	167.71350737	158.56098935	170.65014600	174.73677543	164.12462557	161.59682049	173.15582016	166.16982250
14.48000000	126.45070690	167.62385991	173.13185688	169.51982924	157.72603764	179.24934715	167.72383199	158.56057329	170.63776785	174.72928245	164.09579308	161.62126129	173.20603909	166.20732874
14.48500000	126.17485906	167.55034139	173.16847652	169.52012707	157.74770616	179.23972240	167.73552772	158.56171849	170.62550410	174.72236051	164.06689031	161.64653892	173.25614375	166.24388643
14.49000000	125.90147616	167.48004180	173.20367830	169.51896848	157.76898824	179.22777273	167.74864125	158.56447865	170.61341937	174.71605893	164.03799548	161.67256617	173.30604306	166.27942592
14.49500000	125.63061917	167.41296317	173.23742003	169.51631559	157.78982407	179.21336387	167.76321643	158.56890336	170.60157897	174.71042600	164.00918583	161.69925033	173.35564576	166.31387824
14.50000000	125.36234550	167.34910089	173.26966060	169.51213199	157.81015473	179.19637454	167.77929400	158.57503770	170.59004872	174.70550868	163.98053740	161.72649350	173.40486093	166.34717546
14.50500000	125.09670877	167.28844356	173.30036003	169.50638289	157.82992249	179.17669846	167.79691141	158.58292203	170.57889483	174.70135224	163.95212480	161.75419305	173.45359843	166.37925092
14.51000000	124.83375879	167.23097295	173.32947963	169.49903526	157.84907110	179.15424568	167.81610261	158.59259166	170.56818378	174.69799991	163.92402100	161.78224198	173.50176949	166.41003958
14.51500000	124.57354143	167.17666388	173.35698210	169.49005796	157.86754613	179.12894319	167.83689784	158.60407665	170.55798215	174.69549251	163.89629709	161.81052942	173.54928721	166.43947833
14.52000000	124.31609859	167.12548422	173.38283172	169.47942182	157.88529531	179.10073473	167.85932349	158.61740148	170.54835651	174.69386807	163.86902213	161.83894118	173.59606716	166.46750630
14.52500000	124.06146816	167.07739484	173.40699449	169.46709986	157.90226883	179.06958009	167.88340190	158.63258493	170.53937324	174.69316140	163.84226299	161.86736030	173.64202797	166.49406516
14.53000000	123.80968398	167.03234959	173.42943833	169.45306730	157.91841969	179.03545381	167.90915122	158.64963976	170.53109842	174.69340369	163.81608412	161.89566764	173.68709185	166.51909946
14.53500000	123.56077590	166.99029536	173.45013334	169.43730179	157.93370406	178.99834362	167.93658530	158.66857265	170.52359763	174.69462208	163.79054749	161.92374258	173.73118524	166.54255690
14.54000000	123.31476974	166.95117209	173.46905197	169.41978341	157.94808159	178.95824865	167.96571355	158.68938393	170.51693581	174.69683919	163.76571239	161.95146371	173.77423937	166.56438865
14.54500000	123.07168739	166.91491284	173.48616932	169.40049489	157.96151576	178.91517765	167.99654086	158.71206751	170.51117711	174.70007267	163.74163533	161.97870951	173.81619079	166.58454962
14.55000000	122.83154684	166.88144383	173.50146338	169.37942162	157.97397420	178.86914725	168.02906748	158.73661075	170.50638468	174.70433468	163.71836994	162.00535917	173.85698201	166.60299871
14.55500000	122.59436230	166.85068458	173.51491532	169.35655178	157.98542904	178.82018041	168.06328901	158.76299437	170.50262052	174.70963143	163.69596684	162.03129329	173.89656198	166.61969908
14.56000000	122.36014424	166.82254797	173.52650977	169.33187646	157.99585719	178.76830501	168.09919633	158.79119240	170.49994527	174.71596266	163.67447361	162.05639477	173.93488662	166.63461836
14.56500000	122.12889953	166.79694038	173.53623511	169.30538968	158.00524066	178.71355279	168.13677555	158.82117216	170.49841805	174.72332109	163.65393462	162.08054954	173.97191932	166.64772886
14.57000000	121.90063158	166.77376183	173.54408376	169.27708849	158.01356685	178.65595831	168.17600802	158.85289426	170.49809623	174.73169191	163.63439102	162.10364741	174.00763137	166.65900778
14.57500000	121.67534043	166.75290613	173.55005246	169.24697301	158.02082882	178.59555837	168.21687039	158.88631262	170.49903522	174.74105221	163.61588067	162.12558288	174.04200239	166.66843733
14.58000000	121.45302292	166.73426104	173.55414257	169.21504651	158.02702552	178.53239139	168.25933455	158.92137457	170.50128829	174.75137045	163.59843803	162.14625590	174.07502071	166.67600489
14.58500000	121.23367285	166.71770843	173.55636030	169.18131538	158.03216202	178.46649707	168.30336776	158.95802092	170.50490634	174.76260590	163.58209416	162.16557268	174.10668365	166.68170311
14.59000000	121.01728109	166.70312452	173.55671698	169.14578921	158.03624974	178.39791619	168.34893268	158.99618611	170.50993764	174.77470808	163.56687662	162.18344645	174.13699782	166.68553000
14.59500000	120.80383579	166.69038003	173.55522929	169.10848079	158.03930659	178.32669046	168.39598749	159.03579834	170.51642766	174.78761625	163.55280943	162.19979810	174.16597931	166.68748897
14.60000000	120.59332250	166.67934042	173.55191943	169.06940606	158.04135713	178.25286246	168.44448598	159.07677983	170.52441878	174.80125883	163.53991306	162.21455692	174.19365383	166.68758889
14.60500000	120.38572438	166.66986612	173.54681530	169.02858411	158.04243269	178.17647569	168.49437769	159.11904696	170.53395009	174.81555296	163.52820431	162.22766117	174.22005684	166.68584401
14.61000000	120.18102231	166.66181275	173.53995064	168.98603719	158.04257146	178.09757459	168.54560806	159.16251057	170.54505710	174.83040398	163.51769636	162.23905861	174.24523350	166.68227400
14.61500000	119.97919512	166.65503142	173.53136509	168.94179058	158.04181853	178.01620465	168.59811862	159.20707626	170.55777156	174.84570505	163.50839863	162.24870701	174.26923869	166.67690384
14.62000000	119.78021968	166.64936893	173.52110429	168.89587260	158.04022591	177.93241252	168.65184712	159.25264465	170.57212116	174.86133675	163.50031683	162.25657454	174.29213686	166.66976374
14.62500000	119.58407113	166.64466811	173.50921982	168.84831450	158.03785256	177.84624609	168.70672780	159.29911174	170.58812927	174.87716680	163.49345285	162.26264007	174.31400187	166.66088902
14.63000000	119.39072296	166.64076807	173.49576922	168.79915037	158.03476430	177.75775465	168.76269157	159.34636924	170.60581475	174.89304986	163.48780478	162.26689340	174.33491672	166.65031991
14.63500000	119.20014723	166.63750452	173.48081587	168.74841707	158.03103374	177.66698894	168.81966625	159.39430499	170.62519162	174.90882745	163.48336686	162.26933541	174.35497328	166.63810145
14.64000000	119.01231469	166.63471012	173.46442887	168.69615410	158.02674021	177.57400133	168.87757684	159.44280330	170.64626887	174.92432795	163.48012943	162.26997808	174.37427190	166.62428320
14.64500000	118.82719490	166.63221478	173.44668287	168.64240349	158.02196956	177.47884583	168.93634576	159.49174540	170.66905021	174.93936684	163.47807895	162.26884445	174.39292099	166.60891906
14.65000000	118.64475638	166.62984607	173.42765782	168.58720970	158.01681404	177.38157823	168.99589314	159.54100986	170.69353379	174.95374698	163.47719794	162.26596844	174.41103654	166.59206699
14.65500000	118.46496676	166.62742952	173.40743876	168.53061943	158.01137205	177.28225614	169.05613709	159.59047300	170.71971201	174.96725924	163.47746502	162.26139463	174.42874160	166.57378874
14.66000000	118.28779287	166.62478910	173.38611545	168.47268156	158.00574793	177.18093906	169.11699405	159.64000938	170.74757128	174.97968323	163.47885484	162.25517785	174.44616568	166.55414954
14.66500000	118.11320086	166.62174760	173.36378206	168.41344695	158.00005170	177.07768840	169.17837902	159.68949221	170.77709179	174.99078830	163.48133812	162.24738282	174.46344413	166.53321781
14.67000000	117.94115632	166.61812704	173.34053680	168.35296833	157.99439874	176.97256754	169.24020597	159.73879386	170.80824736	175.00033483	163.48488168	162.23808351	174.48071750	166.51106479
14.67500000	117.77162439	166.61374920	173.31648149	168.29130016	157.98890949	176.86564180	169.30238807	159.78778630	170.84100518	175.00807572	163.48944841	162.22736263	174.49813081	166.48776420
14.68000000	117.60456983	166.60843603	173.29172112	168.22849845	157.98370911	176.75697847	169.36483810	159.83634156	170.87532570	175.01375823	163.49499735	162.21531082	174.51583285	166.46339188
14.68500000	117.43995715	166.60201020	173.26636340	168.16462064	157.97892708	176.64664676	169.42746873	159.88433222	170.91116245	175.01712605	163.50148367	162.20202596	174.53397536	166.43802541
14.69000000	117.27775067	166.59429561	173.24051828	168.09972545	157.97469684	176.53471781	169.49019290	159.93163189	170.94846196	175.01792160	163.50885880	162.18761229	174.55271232	166.41174371
14.69500000	117.11791459	166.58511793	173.21429744	168.03387273	157.97115536	176.42126462	169.55292413	159.97811562	170.98716358	175.01588866	163.51707042	162.17217950	174.57219906	166.38462661
14.70000000	116.96041310	166.57430517	173.18781376	167.96712332	157.96844271	176.30636198	169.61557687	160.02366041	171.02719946	175.01077515	163.52606258	162.15584182	174.59259145	166.35675452
14.70500000	116.80521044	166.56168828	173.16118087	167.89953892	157.96670163	176.19008643	169.67806684	160.06814565	171.06849452	175.00233605	163.53577576	162.13871700	174.61404510	166.32820793
14.71000000	116.65227098	166.54710173	173.13451257	167.83118190	157.96607704	176.07251617	169.74031134	160.11145352	171.11096640	174.99033654	163.54614699	162.12092530	174.63671440	166.29906703
14.71500000	116.50155926	166.53038414	173.10792231	167.76211524	157.96671555	175.95373095	169.80222960	160.15346948	171.15452550	174.97455504	163.55710995	162.10258845	174.66075171	166.26941131
14.72000000	116.35304006	166.51137888	173.08152274	167.69240230	157.96876500	175.83381198	169.86374307	160.19408263	171.19907506	174.95478632	163.56859511	162.08382860	174.68630645	166.23931909
14.72500000	116.20667851	166.48993476	173.05542511	167.62210680	157.97237394	175.71284181	169.92477575	160.23318615	171.24451127	174.93084446	163.58052986	162.06476727	174.71352420	166.20886718
14.73000000	116.06244008	166.46590664	173.02973887	167.55129256	157.97769109	175.59090422	169.98525444	160.27067766	171.29072342	174.90256560	163.59283865	162.04552430	174.74254580	166.17813044
14.73500000	115.92029068	166.43915607	173.00457112	167.48002348	157.98486483	175.46808407	170.04510903	160.30645961	171.33759412	174.86981048	163.60544318	162.02621683	174.77350642	166.14718138
14.74000000	115.78019672	166.40955197	172.98002618	167.40836335	157.99404268	175.34446718	170.10427273	160.34043957	171.38499954	174.83246648	163.61826256	162.00695830	174.80653470	166.11608982
14.74500000	115.64212516	166.37697123	172.95620514	167.33637575	158.00537071	175.22014019	170.16268231	160.37253063	171.43280978	174.79044943	163.63121352	161.98785749	174.84175178	166.08492253
14.75000000	115.50604353	166.34129938	172.93320542	167.26412393	158.01899303	175.09519041	170.22027831	160.40265165	171.48088919	174.74370481	163.64421061	161.96901759	174.87927042	166.05374289
14.75500000	115.37192007	166.30243115	172.91112042	167.19167067	158.03505121	174.96970564	170.27700519	160.43072756	171.52909685	174.69220854	163.65716641	161.95053540	174.91919406	166.02261059
14.76000000	115.23972370	166.26027111	172.89003908	167.11907817	158.05368370	174.84377408	170.33281148	160.45668962	171.57728709	174.63596721	163.66999178	161.93250046	174.96161594	165.99158138
14.76500000	115.10942412	166.21473419	172.87004557	167.04640796	158.07502531	174.71748414	170.38764992	160.48047565	171.62531001	174.57501784	163.68259610	161.91499435	175.00661814	165.96070678
14.77000000	114.98099185	166.16574623	172.85121897	166.97372074	158.09920662	174.59092428	170.44147754	160.50203020	171.67301215	174.50942716	163.69488752	161.89809008	175.05427069	165.93003392
14.77500000	114.85439832	166.11324448	172.83363297	166.90107630	158.12635338	174.46418289	170.49425572	160.52130481	171.72023719	174.43929045	163.70677324	161.88185145	175.10463063	165.89960534
14.78000000	114.72961585	166.05717799	172.81735559	166.82853343	158.15658603	174.33734812	170.54595022	160.53825810	171.76682671	174.36472998	163.71815981	161.86633262	175.15774108	165.86945888
14.78500000	114.60661778	165.99750804	172.80244898	166.75614975	158.19001903	174.21050774	170.59653116	160.55285590	171.81262101	174.28589320	163.72895340	161.85157771	175.21363027	165.83962757
14.79000000	114.48537846	165.93420842	172.78896921	166.68398167	158.22676041	174.08374901	170.64597307	160.56507141	171.85746001	174.20295056	163.73906012	161.83762047	175.27231061	165.81013959
14.79500000	114.36587333	165.86726576	172.77696607	166.61208426	158.26691116	173.95715852	170.69425472	160.57488521	171.90118419	174.11609328	163.74838632	161.82448416	175.33377767	165.78101828
14.80000000	114.24807896	165.79667964	172.76648296	166.54051118	158.31056472	173.83082208	170.74135916	160.58228534	171.94363553	174.02553089	163.75683894	161.81218136	175.39800916	165.75228212
14.80500000	114.13197309	165.72246276	172.75755678	166.46931455	158.35780648	173.70482457	170.78727353	160.58726733	171.98465860	173.93148878	163.76432582	161.80071404	175.46496386	165.72394487
14.81000000	114.01753466	165.64464095	172.75021783	166.39854492	158.40871321	173.57924984	170.83198895	160.58983418	172.02410157	173.83420573	163.77075603	161.79007366	175.53458052	165.69601565
14.81500000	113.90474386	165.56325314	172.74448980	166.32825114	158.46335269	173.45418058	170.87550039	160.58999632	172.06181729	173.73393147	163.77604022	161.78024133	175.60677666	165.66849910
14.82000000	113.79358216	165.47835120	172.74038971	166.25848033	158.52178312	173.32969821	170.91780650	160.58777160	172.09766438	173.63092435	163.78009100	161.77118817	175.68144733	165.64139558
14.82500000	113.68403231	165.38999975	172.73792797	166.18927779	158.58405280	173.20588276	170.95890937	160.58318512	172.13150830	173.52544911	163.78282320	161.76287567	175.75846373	165.61470136
14.83000000	113.57607838	165.29827587	172.73710840	166.12068696	158.65019967	173.08281281	170.99881440	160.57626920	172.16322241	173.41777476	163.78415432	161.75525622	175.83767179	165.58840892
14.83500000	113.46970580	165.20326870	172.73792831	166.05274937	158.72025093	172.96056537	171.03753002	160.56706319	172.19268899	173.30817264	163.78400478	161.74827364	175.91889062	165.56250721
14.84000000	113.36490131	165.10507897	172.74037861	165.98550458	158.79422275	172.83921578	171.07506751	160.55561334	172.21980022	173.19691465	163.78229832	161.74186392	176.00191079	165.53698194
14.84500000	113.26165303	165.00381849	172.74444395	165.91899019	158.87211994	172.71883764	171.11144072	160.54197256	172.24445907	173.08427158	163.77896233	161.73595590	176.08649253	165.51181595
14.85000000	113.15995040	164.89960953	172.75010287	165.85324174	158.95393571	172.59950276	171.14666586	160.52620023	172.26658016	172.97051165	163.77392816	161.73047209	176.17236380	165.48698950
14.85500000	113.05978421	164.79258412	172.75732799	165.78829280	159.03965150	172.48128104	171.18076122	160.50836196	172.28609045	172.85589917	163.76713146	161.72532961	176.25921820	165.46248069
14.86000000	112.96114659	164.68288338	172.76608623	165.72417487	159.12923675	172.36424044	171.21374695	160.48852932	172.30292991	172.74069336	163.75851250	161.72044103	176.34671286	165.43826576
14.86500000	112.86403096	164.57065670	172.77633905	165.66091742	159.22264887	172.24844690	171.24564478	160.46677948	172.31705199	172.62514732	163.74801646	161.71571541	176.43446621	165.41431949
14.87000000	112.76843204	164.45606089	172.78804271	165.59854790	159.31983317	172.13396428	171.27647782	160.44319500	172.32842404	172.50950705	163.73559373	161.71105929	176.52205586	165.39061559
14.87500000	112.67434579	164.33925942	172.80114854	165.53709173	159.42072286	172.02085433	171.30627024	160.41786339	172.33702751	172.39401070	163.72120019	161.70637775	176.60901668	165.36712703
14.88000000	112.58176940	164.22042144	172.81560328	165.47657234	159.52523912	171.90917662	171.33504710	160.39087678	172.34285806	172.27888784	163.70479746	161.70157539	176.69483913	165.34382640
14.88500000	112.49070125	164.09972096	172.83134938	165.41701121	159.63329125	171.79898852	171.36283410	160.36233156	172.34592553	172.16435887	163.68635315	161.69655747	176.77896832	165.32068626
14.89000000	112.40114083	163.97733592	172.84832534	165.35842785	159.74477681	171.69034513	171.38965732	160.33232792	172.34625375	172.05063448	163.66584110	161.69123089	176.86080401	165.29767951
14.89500000	112.31308873	163.85344730	172.86646609	165.30083990	159.85958193	171.58329926	171.41554309	160.30096949	172.34388020	171.93791522	163.64324156	161.68550524	176.93970201	165.27477963
14.90000000	112.22654656	163.72823825	172.88570334	165.24426310	159.97758154	171.47790140	171.44051769	160.26836288	172.33885554	171.82639114	163.61854137	161.67929376	177.01497743	165.25196101
14.90500000	112.14151690	163.60189322	172.90596597	165.18871140	160.09863982	171.37419970	171.46460726	160.23461724	172.33124308	171.71624151	163.59173413	161.67251432	177.08591067	165.22919923
14.91000000	112.05800324	163.47459709	172.92718045	165.13419695	160.22261056	171.27223992	171.48783756	160.19984380	172.32111802	171.60763453	163.56282031	161.66509026	177.15175631	165.20647126
14.91500000	111.97600988	163.34653439	172.94927122	165.08073017	160.34933767	171.17206542	171.51023385	160.16415543	172.30856667	171.50072721	163.53180738	161.65695124	177.21175592	165.18375572
14.92000000	111.89554190	163.21788851	172.97216108	165.02831981	160.47865569	171.07371712	171.53182072	160.12766618	172.29368560	171.39566518	163.49870985	161.64803397	177.26515479	165.16103305
14.92500000	111.81660506	163.08884095	172.99577167	164.97697294	160.61039042	170.97723354	171.55262198	160.09049080	172.27658066	171.29258267	163.46354932	161.63828288	177.31122276	165.13828565
14.93000000	111.73920570	162.95957064	173.02002380	164.92669508	160.74435951	170.88265071	171.57266058	160.05274428	172.25736594	171.19160243	163.42635451	161.62765064	177.34927848	165.11549807
14.93500000	111.66335070	162.83025328	173.04483793	164.87749016	160.88037316	170.79000219	171.59195845	160.01454141	172.23616280	171.09283577	163.38716122	161.61609869	177.37871588	165.09265706
14.94000000	111.58904736	162.70106072	173.07013457	164.82936063	161.01823484	170.69931907	171.61053647	159.97599634	172.21309874	170.99638256	163.34601230	161.60359756	177.39903096	165.06975165
14.94500000	111.51630333	162.57216043	173.09583465	164.78230745	161.15774203	170.61062994	171.62841437	159.93722211	172.18830634	170.90233139	163.30295756	161.59012710	177.40984634	165.04677326
14.95000000	111.44512648	162.44371499	173.12185996	164.73633016	161.29868703	170.52396088	171.64561073	159.89833024	172.16192220	170.81075963	163.25805367	161.57567668	177.41093084	165.02371568
14.95500000	111.37552489	162.31588161	173.14813351	164.69142692	161.44085777	170.43933549	171.66214290	159.85943030	172.13408589	170.72173361	163.21136403	161.56024519	177.40221182	165.00057507
14.96000000	111.30750666	162.18881176	173.17457990	164.64759449	161.58403863	170.35677481	171.67802699	159.82062955	172.10493891	170.63530884	163.16295864	161.54384098	177.38377852	164.97734998
14.96500000	111.24107989	162.06265075	173.20112571	164.60482834	161.72801128	170.27629738	171.69327787	159.78203251	172.07462376	170.55153018	163.11291386	161.52648165	177.35587613	164.95404131
14.97000000	111.17625256	161.93753752	173.22769980	164.56312260	161.87255559	170.19791924	171.70790918	159.74374062	172.04328295	170.47043211	163.06131227	161.50819381	177.31889120	164.93065223
14.97500000	111.11303246	161.81360424	173.25423365	164.52247013	162.01745042	170.12165388	171.72193330	159.70585189	172.01105820	170.39203903	163.00824245	161.48901271	177.27333065	164.90718816
14.98000000	111.05142706	161.69097623	173.28066164	164.48286253	162.16247456	170.04751225	171.73536146	159.66846061	171.97808954	170.31636554	162.95379870	161.46898175	177.21979654	164.88365668
14.98500000	110.99144347	161.56977164	173.30692133	164.44429012	162.30740752	169.97550282	171.74820368	159.63165701	171.94451467	170.24341676	162.89808086	161.44815196	177.15895962	164.86006743
14.99000000	110.93308835	161.45010143	173.33295371	164.40674201	162.45203038	169.90563149	171.76046888	159.59552700	171.91046819	170.17318871	162.84119397	161.42658140	177.09153370	164.83643206
14.99500000	110.87636780	161.33206920	173.35870338	164.37020607	162.59612666	169.83790167	171.77216492	159.56015194	171.87608104	170.10566862	162.78324808	161.40433450	177.01825277	164.81276410
15.00000000	110.82128735	161.21577111	173.38411878	164.33466895	162.73948307	169.77231425	171.78329867	159.52560840	171.84147994	170.04083538	162.72435791	161.38148130	176.93985168	164.78907890
15.00500000	110.76785181	161.10129592	173.40915228	164.30011609	162.88189028	169.70886761	171.79387603	159.49196796	171.80678692	169.97865994	162.66464255	161.35809676	176.85705094	164.76539352
15.01000000	110.71606527	160.98872493	173.43376034	164.26653175	163.02314371	169.64755761	171.80390210	159.45929705	171.77211891	169.91910569	162.60422518	161.33425993	176.77054534	164.74172661
15.01500000	110.66593101	160.87813201	173.45790361	164.23389896	163.16304417	169.58837765	171.81338115	159.42765680	171.73758739	169.86212894	162.54323274	161.31005320	176.68099615	164.71809837
15.02000000	110.61745146	160.76958372	173.48154691	164.20219961	163.30139857	169.53131863	171.82231681	159.39710288	171.70329812	169.80767935	162.48179557	161.28556142	176.58902620	164.69453043
15.02500000	110.57062811	160.66313931	173.50465931	164.17141440	163.43802054	169.47636897	171.83071209	159.36768548	171.66935088	169.75570043	162.42004710	161.26087116	176.49521727	164.67104577
15.03000000	110.52546153	160.55885093	173.52721408	164.14152287	163.57273098	169.42351466	171.83856950	159.33944913	171.63583933	169.70612999	162.35812344	161.23606988	176.40010924	164.64766863
15.03500000	110.48195125	160.45676366	173.54918865	164.11250348	163.70535863	169.37273925	171.84589113	159.31243276	171.60285088	169.65890067	162.29616305	161.21124518	176.30420051	164.62442444
15.04000000	110.44009581	160.35691578	173.57056454	164.08433353	163.83574051	169.32402386	171.85267878	159.28666957	171.57046661	169.61394040	162.23430630	161.18648402	176.20794919	164.60133975
15.04500000	110.39989265	160.25933884	173.59132720	164.05698929	163.96372237	169.27734724	171.85893400	159.26218711	171.53876123	169.57117296	162.17269509	161.16187204	176.11177494	164.57844216
15.05000000	110.36133814	160.16405794	173.61146594	164.03044599	164.08915907	169.23268575	171.86465822	159.23900722	171.50780312	169.53051844	162.11147239	161.13749284	176.01606101	164.55576024
15.05500000	110.32442750	160.07109191	173.63097370	164.00467785	164.21191490	169.19001344	171.86985286	159.21714611	171.47765434	169.49189383	162.05078183	161.11342740	175.92115650	164.53332350
15.06000000	110.28915488	159.98045352	173.64984691	163.97965817	164.33186385	169.14930204	171.87451935	159.19661442	171.44837073	169.45521351	161.99076722	161.08975346	175.82737856	164.51116230
15.06500000	110.25551324	159.89214974	173.66808523	163.95535935	164.44888980	169.11052103	171.87865928	159.17741724	171.42000205	169.42038978	161.93157208	161.06654502	175.73501463	164.48930781
15.07000000	110.22349441	159.80618202	173.68569139	163.93175296	164.56288670	169.07363765	171.88227446	159.15955428	171.39259205	169.38733340	161.87333916	161.04387183	175.64432448	164.46779195
15.07500000	110.19308910	159.72254648	173.70267087	163.90880983	164.67375870	169.03861699	171.88536698	159.14301993	171.36617870	169.35595413	161.81620994	161.02179901	175.55554224	164.44664734
15.08000000	110.16428684	159.64123427	173.71903169	163.88650008	164.78142013	169.00542196	171.88793933	159.12780341	171.34079432	169.32616120	161.76032411	161.00038666	175.46887817	164.42590726
15.08500000	110.13707607	159.56223176	173.73478416	163.86479322	164.88579557	168.97401345	171.88999440	159.11388891	171.31646582	169.29786388	161.70581907	160.97968956	175.38452042	164.40560557
15.09000000	110.11144410	159.48552091	173.74994053	163.84365825	164.98681976	168.94435030	171.89153559	159.10125577	171.29321489	169.27097195	161.65282944	160.95975697	175.30263655	164.38577667
15.09500000	110.08737714	159.41107947	173.76451482	163.82306371	165.08443753	168.91638939	171.89256689	159.08987864	171.27105824	169.24539618	161.60148648	160.94063237	175.22337499	164.36645544
15.10000000	110.06486035	159.33888136	173.77852246	163.80297782	165.17860361	168.89008573	171.89309284	159.07972771	171.25000784	169.22104884	161.55191763	160.92235337	175.14686638	164.34767719
15.10500000	110.04387785	159.26889689	173.79198005	163.78336852	165.26928250	168.86539252	171.89311870	159.07076888	171.23007117	169.19784413	161.50424599	160.90495162	175.07322477	164.32947757
15.11000000	110.02441275	159.20109312	173.80490509	163.76420363	165.35644821	168.84226122	171.89265038	159.06296402	171.21125148	169.17569865	161.45858979	160.88845277	175.00254879	164.31189248
15.11500000	110.00644719	159.13543407	173.81731570	163.74545091	165.44008400	168.82064163	171.89169455	159.05627121	171.19354801	169.15453176	161.41506193	160.87287651	174.93492266	164.29495804
15.12000000	109.98996240	159.07188111	173.82923040	163.72707819	165.52018213	168.80048202	171.89025866	159.05064496	171.17695632	169.13426603	161.37376952	160.85823659	174.87041718	164.27871044
15.12500000	109.97493873	159.01039318	173.84066781	163.70905349	165.59674348	168.78172917	171.88835091	159.04603651	171.16146850	169.11482757	161.33481340	160.84454096	174.80909066	164.26318588
15.13000000	109.96135570	158.95092708	173.85164647	163.69134509	165.66977723	168.76432855	171.88598037	159.04239407	171.14707346	169.09614641	161.29828771	160.83179190	174.75098975	164.24842044
15.13500000	109.94919204	158.89343777	173.86218459	163.67392172	165.73930051	168.74822434	171.88315688	159.03966316	171.13375721	169.07815675	161.26427952	160.81998616	174.69615023	164.23444998
15.14000000	109.93842578	158.83787864	173.87229987	163.65675260	165.80533801	168.73335963	171.87989114	159.03778681	171.12150308	169.06079730	161.23286845	160.80911524	174.64459780	164.22130998
15.14500000	109.92903425	158.78420176	173.88200929	163.63980759	165.86792156	168.71967652	171.87619469	159.03670595	171.11029202	169.04401149	161.20412632	160.79916554	174.59634874	164.20903548
15.15000000	109.92099420	158.73235814	173.89132897	163.62305734	165.92708974	168.70711622	171.87207989	159.03635967	171.10010285	169.02774768	161.17811688	160.79011868	174.55141061	164.19766089
15.15500000	109.91428179	158.68229797	173.90027400	163.60647333	165.98288747	168.69561926	171.86755990	159.03668551	171.09091251	169.01195938	161.15489550	160.78195177	174.50978287	164.18721988
15.16000000	109.90887272	158.63397089	173.90885832	163.59002807	166.03536561	168.68512556	171.86264870	159.03761984	171.08269628	168.99660532	161.13450901	160.77463766	174.47145747	164.17774525
15.16500000	109.90474224	158.58732617	173.91709462	163.57369512	166.08458048	168.67557466	171.85736103	159.03909810	171.07542809	168.98164965	161.11699548	160.76814533	174.43641943	164.16926878
15.17000000	109.90186521	158.54231294	173.92499421	163.55744928	166.13059352	168.66690582	171.85171236	159.04105516	171.06908069	168.96706193	161.10238411	160.76244017	174.40464738	164.16182111
15.17500000	109.90021620	158.49888043	173.93256702	163.54126666	166.17347083	168.65905824	171.84571890	159.04342565	171.06362592	168.95281723	161.09069512	160.75748431	174.37611405	164.15543159
15.18000000	109.89976949	158.45697809	173.93982148	163.52512474	166.21328279	168.65197119	171.83939746	159.04614421	171.05903491	168.93889608	161.08193969	160.75323700	174.35078675	164.15012818
15.18500000	109.90049919	158.41655586	173.94676454	163.50900251	166.25010362	168.64558422	171.83276550	159.04914589	171.05527828	168.92528447	161.07612000	160.74965492	174.32862786	164.14593729
15.19000000	109.90237923	158.37756426	173.95340165	163.49288057	166.28401108	168.63983734	171.82584103	159.05236638	171.05232639	168.91197378	161.07322922	160.74669254	174.30959523	164.14288368
15.19500000	109.90538345	158.33995457	173.95973673	163.47674112	166.31508599	168.63467117	171.81864253	159.05574235	171.05014950	168.89896067	161.07325161	160.74430250	174.29364261	164.14099034
15.20000000	109.90948565	158.30367900	173.96577227	163.46056813	166.34341197	168.63002719	171.81118891	159.05921174	171.04871795	168.88624696	161.07616266	160.74243592	174.28072003	164.14027837
15.20500000	109.91465963	158.26869080	173.97150932	163.44434736	166.36907499	168.62584787	171.80349947	159.06271403	171.04800234	168.87383946	161.08192919	160.74104275	174.27077418	164.14076687
15.21000000	109.92087923	158.23494437	173.97694755	163.42806642	166.39216312	168.62207689	171.79559377	159.06619051	171.04797371	168.86174978	161.09050964	160.74007212	174.26374878	164.14247285
15.21500000	109.92811838	158.20239534	173.98208534	163.41171480	166.41276614	168.61865933	171.78749159	159.06958456	171.04860367	168.84999415	161.10185425	160.73947269	174.25958487	164.14541112
15.22000000	109.93635114	158.17100075	173.98691989	163.39528398	166.43097529	168.61554184	171.77921286	159.07284185	171.04986455	168.83859310	161.11590534	160.73919292	174.25822118	164.14959421
15.22500000	109.94555172	158.14071903	173.99144726	163.37876739	166.44688290	168.61267284	171.77077757	159.07591061	171.05172952	168.82757128	161.13259762	160.73918143	174.25959438	164.15503229
15.23000000	109.95569455	158.11151010	173.99566253	163.36216052	166.46058219	168.61000268	171.76220570	159.07874183	171.05417273	168.81695711	161.15185857	160.73938731	174.26363941	164.16173305
15.23500000	109.96675426	158.08333545	173.99955989	163.34546089	166.47216694	168.60748383	171.75351716	159.08128943	171.05716940	168.80678252	161.17360875	160.73976036	174.27028974	164.16970170
15.24000000	109.97870574	158.05615815	174.00313279	163.32866809	166.48173124	168.60507102	171.74473167	159.08351047	171.06069590	168.79708260	161.19776223	160.74025141	174.27947762	164.17894083
15.24500000	109.99152417	158.02994290	174.00637404	163.31178381	166.48936927	168.60272144	171.73586876	159.08536527	171.06472986	168.78789527	161.22422702	160.74081258	174.29113433	164.18945041
15.25000000	110.00518501	158.00465602	174.00927598	163.29481185	166.49517504	168.60039486	171.72694763	159.08681758	171.06925025	168.77926092	161.25290549	160.74139754	174.30519041	164.20122768
15.25500000	110.01966402	157.98026547	174.01183058	163.27775810	166.49924218	168.59805375	171.71798712	159.08783470	171.07423741	168.77122209	161.28369482	160.74196173	174.32157590	164.21426716
15.26000000	110.03493731	157.95674088	174.01402962	163.26063059	166.50166371	168.59566347	171.70900565	159.08838751	171.07967310	168.76382305	161.31648752	160.74246257	174.34022051	164.22856055
15.26500000	110.05098131	157.93405349	174.01586481	163.24343945	166.50253186	168.59319234	171.70002113	159.08845065	171.08554059	168.75710946	161.35117189	160.74285973	174.36105387	164.24409672
15.27000000	110.06777278	157.91217613	174.01732794	163.22619690	166.50193788	168.59061176	171.69105096	159.08800251	171.09182462	168.75112799	161.38763251	160.74311524	174.38400565	164.26086170
15.27500000	110.08528884	157.89108323	174.01841100	163.20891726	166.49997183	168.58789632	171.68211190	159.08702527	171.09851150	168.74592595	161.42575076	160.74319374	174.40900582	164.27883861
15.28000000	110.10350692	157.87075074	174.01910633	163.19161692	166.49672246	168.58502385	171.67322008	159.08550496	171.10558904	168.74155089	161.46540536	160.74306260	174.43598473	164.29800765
15.28500000	110.12240482	157.85115610	174.01940676	163.17431431	166.49227701	168.58197554	171.66439096	159.08343140	171.11304661	168.73805026	161.50647282	160.74269207	174.46487331	164.31834613
15.29000000	110.14196063	157.83227818	174.01930572	163.15702988	166.48672108	168.57873595	171.65563924	159.08079826	171.12087510	168.73547104	161.54882803	160.74205542	174.49560323	164.33982838
15.29500000	110.16215280	157.81409722	174.01879736	163.13978604	166.48013847	168.57529306	171.64697888	159.07760295	171.12906693	168.73385936	161.59234469	160.74112905	174.52810696	164.36242582
15.30000000	110.18296004	157.79659477	174.01787667	163.12260716	166.47261112	168.57163832	171.63842303	159.07384661	171.13761598	168.73326019	161.63689589	160.73989258	174.56231799	164.38610694
15.30500000	110.20436136	157.77975359	174.01653956	163.10551949	166.46421891	168.56776665	171.62998407	159.06953404	171.14651761	168.73371698	161.68235458	160.73832892	174.59817086	164.41083727
15.31000000	110.22633605	157.76355761	174.01478301	163.08855113	166.45503964	168.56367644	171.62167349	159.06467362	171.15576860	168.73527137	161.72859403	160.73642435	174.63560132	164.43657948
15.31500000	110.24886362	157.74799180	174.01260507	163.07173194	166.44514886	168.55936955	171.61350197	159.05927718	171.16536706	168.73796286	161.77548836	160.73416856	174.67454636	164.46329332
15.32000000	110.27192382	157.73304213	174.01000499	163.05509351	166.43461985	168.55485125	171.60547932	159.05335995	171.17531246	168.74182855	161.82291296	160.73155467	174.71494436	164.49093571
15.32500000	110.29549656	157.71869544	174.00698329	163.03866908	166.42352353	168.55013021	171.59761449	159.04694038	171.18560547	168.74690284	161.87074496	160.72857924	174.75673510	164.51946078
15.33000000	110.31956194	157.70493936	174.00354177	163.02249345	166.41192838	168.54521843	171.58991558	159.04004005	171.19624796	168.75321722	161.91886366	160.72524226	174.79985985	164.54881989
15.33500000	110.34410017	157.69176222	173.99968356	163.00660290	166.39990043	168.54013117	171.58238981	159.03268352	171.20724292	168.76080004	161.96715093	160.72154715	174.84426142	164.57896171
15.34000000	110.36909156	157.67915296	173.99541317	162.99103514	166.38750320	168.53488686	171.57504355	159.02489815	171.21859434	168.76967630	162.01549160	160.71750068	174.88988417	164.60983230
15.34500000	110.39451648	157.66710098	173.99073649	162.97582914	166.37479767	168.52950703	171.56788235	159.01671399	171.23030716	168.77986746	162.06377384	160.71311294	174.93667406	164.64137517
15.35000000	110.42035533	157.65559612	173.98566078	162.96102513	166.36184225	168.52401614	171.56091090	159.00816357	171.24238716	168.79139131	162.11188949	160.70839726	174.98457867	164.67353140
15.35500000	110.44658849	157.64462848	173.98019469	162.94666442	166.34869280	168.51844154	171.55413311	158.99928173	171.25484091	168.80426181	162.15973440	160.70337011	175.03354718	164.70623970
15.36000000	110.47319628	157.63418840	173.97434821	162.93278929	166.33540260	168.51281327	171.54755208	158.99010547	171.26767562	168.81848901	162.20720868	160.69805100	175.08353038	164.73943656
15.36500000	110.50015895	157.62426630	173.96813267	162.91944295	166.32202236	168.50716393	171.54117016	158.98067373	171.28089906	168.83407893	162.25421703	160.69246234	175.13448067	164.77305634
15.37000000	110.52745662	157.61485262	173.96156068	162.90666932	166.30860025	168.50152854	171.53498895	158.97102723	171.29451948	168.85103353	162.30066891	160.68662934	175.18635198	164.80703141
15.37500000	110.55506924	157.60593772	173.95464609	162.89451297	166.29518184	168.49594433	171.52900933	158.96120825	171.30854547	168.86935066	162.34647881	160.68057980	175.23909977	164.84129230
15.38000000	110.58297656	157.59751180	173.94740394	162.88301900	166.28181023	168.49045062	171.52323151	158.95126044	171.32298589	168.88902404	162.39156640	160.67434399	175.29268097	164.87576782
15.38500000	110.61115811	157.58956480	173.93985037	162.87223282	166.26852596	168.48508857	171.51765501	158.94122863	171.33784974	168.91004327	162.43585667	160.66795447	175.34705390	164.91038526
15.39000000	110.63959315	157.58208633	173.93200259	162.86220012	166.25536708	168.47990102	171.51227876	158.93115861	171.35314605	168.93239387	162.47928008	160.66144583	175.40217821	164.94507049
15.39500000	110.66826066	157.57506562	173.92387877	162.85296666	166.24236918	168.47493229	171.50710108	158.92109692	171.36888381	168.95605733	162.52177261	160.65485458	175.45801474	164.97974821
15.40000000	110.69713930	157.56849139	173.91549798	162.84457813	166.22956538	168.47022792	171.50211970	158.91109069	171.38507182	168.98101118	162.56327589	160.64821887	175.51452547	165.01434207
15.40500000	110.72620740	157.56235184	173.90688011	162.83708002	166.21698634	168.46583452	171.49733186	158.90118735	171.40171860	169.00722910	162.60373714	160.64157826	175.57167336	165.04877489
15.41000000	110.75544295	157.55663459	173.89804577	162.83051747	166.20466031	168.46179949	171.49273427	158.89143451	171.41883230	169.03468103	162.64310922	160.63497353	175.62942221	165.08296887
15.41500000	110.78482356	157.55132659	173.88901623	162.82493509	166.19261308	168.45817080	171.48832318	158.88187969	171.43642059	169.06333331	162.68135060	160.62844641	175.68773651	165.11684575
15.42000000	110.81432651	157.54641411	173.87981333	162.82037683	166.18086803	168.45499680	171.48409439	158.87257014	171.45449054	169.09314882	162.71842530	160.62203931	175.74658126	165.15032710
15.42500000	110.84392872	157.54188270	173.87045939	162.81688583	166.16944612	168.45232593	171.48004331	158.86355264	171.47304858	169.12408720	162.75430278	160.61579514	175.80592178	165.18333445
15.43000000	110.87360676	157.53771714	173.86097715	162.81450421	166.15836583	168.45020652	171.47616497	158.85487326	171.49210034	169.15610501	162.78895785	160.60975695	175.86572349	165.21578964
15.43500000	110.90333688	157.53390145	173.85138970	162.81327297	166.14764324	168.44868652	171.47245403	158.84657719	171.51165061	169.18915591	162.82237055	160.60396777	175.92595166	165.24761493
15.44000000	110.93309505	157.53041886	173.84172042	162.81323183	166.13729188	168.44781331	171.46890485	158.83870854	171.53170326	169.22319093	162.85452594	160.59847028	175.98657118	165.27873338
15.44500000	110.96285697	157.52725179	173.83199288	162.81441902	166.12732284	168.44763343	171.46551150	158.83131010	171.55226111	169.25815868	162.88541399	160.59330660	176.04754629	165.30906899
15.45000000	110.99259813	157.52438192	173.82223086	162.81687117	166.11774461	168.44819235	171.46226774	158.82442318	171.57332594	169.29400560	162.91502932	160.58851802	176.10884024	165.33854705
15.45500000	111.02229389	157.52179012	173.81245826	162.82062316	166.10856312	168.44953427	171.45916711	158.81808742	171.59489836	169.33067616	162.94337102	160.58414472	176.17041500	165.36709438
15.46000000	111.05191952	157.51945654	173.80269905	162.82570793	166.09978165	168.45170186	171.45620290	158.81234054	171.61697777	169.36811320	162.97044238	160.58022560	176.23223091	165.39463956
15.46500000	111.08145029	157.51736062	173.79297732	162.83215637	166.09140081	168.45473609	171.45336819	158.80721824	171.63956233	169.40625813	162.99625069	160.57679795	176.29424631	165.42111329
15.47000000	111.11086156	157.51548114	173.78331718	162.83999713	166.08341844	168.45867597	171.45065585	158.80275394	171.66264889	169.44505121	163.02080693	160.57389730	176.35641715	165.44644860
15.47500000	111.14012890	157.51379627	173.77374281	162.84925653	166.07582956	168.46355838	171.44805853	158.79897866	171.68623299	169.48443182	163.04412555	160.57155715	176.41869660	165.47058115
15.48000000	111.16922817	157.51228364	173.76427845	162.85995840	166.06862634	168.46941791	171.44556872	158.79592083	171.71030876	169.52433873	163.06622413	160.56980882	176.48103459	165.49344954
15.48500000	111.19813570	157.51092039	173.75494838	162.87212393	166.06179797	168.47628662	171.44317870	158.79360611	171.73486899	169.56471035	163.08712315	160.56868118	176.54337739	165.51499552
15.49000000	111.22682839	157.50968329	173.74577699	162.88577159	166.05533062	168.48419392	171.44088058	158.79205732	171.75990507	169.60548500	163.10684566	160.56820054	176.60566714	165.53516435
15.49500000	111.25528389	157.50854879	173.73678878	162.90091696	166.04920739	168.49316640	171.43866628	158.79129420	171.78540696	169.64660117	163.12541700	160.56839046	176.66784137	165.55390500
15.50000000	111.28348073	157.50749314	173.72800839	162.91757270	166.04340817	168.50322769	171.43652751	158.79133337	171.81136326	169.68799776	163.14286452	160.56927159	176.72983253	165.57117044
15.50500000	111.31139857	157.50649249	173.71946068	162.93574834	166.03790964	168.51439836	171.43445581	158.79218819	171.83776116	169.72961432	163.15921726	160.57086157	176.79156749	165.58691792
15.51000000	111.33901833	157.50552298	173.71117073	162.95545031	166.03268517	168.52669577	171.43244252	158.79386866	171.86458651	169.77139131	163.17450570	160.57317488	176.85296708	165.60110917
15.51500000	111.36632241	157.50456087	173.70316392	162.97668176	166.02770475	168.54013399	171.43047878	158.79638136	171.89182381	169.81327029	163.18876146	160.57622278	176.91394560	165.61371071
15.52000000	111.39329493	157.50358267	173.69546601	162.99944254	166.02293495	168.55472376	171.42855551	158.79972940	171.91945624	169.85519414	163.20201700	160.58001323	176.97441037	165.62469400
15.52500000	111.41992194	157.50256523	173.68810314	163.02372914	166.01833885	168.57047236	171.42666344	158.80391236	171.94746574	169.89710728	163.21430543	160.58455082	177.03426133	165.63403570
15.53000000	111.44619166	157.50148590	173.68110198	163.04953460	166.01387602	168.58738363	171.42479307	158.80892626	171.97583303	169.93895585	163.22566017	160.58983675	177.09339067	165.64171785
15.53500000	111.47209474	157.50032265	173.67448971	163.07684850	166.00950245	168.60545789	171.42293469	158.81476363	172.00453767	169.98068787	163.23611479	160.59586880	177.15168253	165.64772806
15.54000000	111.49762450	157.49905420	173.66829417	163.10565693	166.00517057	168.62469195	171.42107837	158.82141345	172.03355810	170.02225343	163.24570274	160.60264138	177.20901281	165.65205964
15.54500000	111.52277723	157.49766016	173.66254384	163.13594245	166.00082921	168.64507913	171.41921399	158.82886123	172.06287176	170.06360479	163.25445714	160.61014549	177.26524902	165.65471174
15.55000000	111.54755241	157.49612113	173.65726798	163.16768406	165.99642359	168.66660924	171.41733118	158.83708908	172.09245511	170.10469658	163.26241064	160.61836885	177.32025039	165.65568947
15.55500000	111.57195305	157.49441890	173.65249665	163.20085726	165.99189539	168.68926864	171.41541941	158.84607580	172.12228371	170.14548585	163.26959514	160.62729588	177.37386802	165.65500399
15.56000000	111.59598590	157.49253652	173.64826076	163.23543400	165.98718273	168.71304031	171.41346795	158.85579696	172.15233234	170.18593222	163.27604176	160.63690786	177.42594534	165.65267252
15.56500000	111.61966180	157.49045847	173.64459214	163.27138273	165.98222027	168.73790388	171.41146590	158.86622504	172.18257502	170.22599791	163.28178058	160.64718299	177.47631874	165.64871839
15.57000000	111.64299592	157.48817080	173.64152359	163.30866842	165.97693922	168.76383571	171.40940218	158.87732956	172.21298518	170.26564787	163.28684059	160.65809651	177.52481854	165.64317102
15.57500000	111.66600807	157.48566122	173.63908888	163.34725258	165.97126752	168.79080903	171.40726563	158.88907728	172.24353565	170.30484981	163.29124954	160.66962087	177.57127019	165.63606592
15.58000000	111.68872293	157.48291926	173.63732279	163.38709334	165.96512985	168.81879399	171.40504496	158.90143232	172.27419885	170.34357419	163.29503387	160.68172585	177.61549590	165.62744455
15.58500000	111.71117037	157.47993642	173.63626114	163.42814553	165.95844785	168.84775785	171.40272881	158.91435641	172.30494681	170.38179434	163.29821860	160.69437876	177.65731658	165.61735429
15.59000000	111.73338568	157.47670623	173.63594078	163.47036066	165.95114022	168.87766504	171.40030580	158.92780904	172.33575130	170.41948637	163.30082730	160.70754456	177.69655416	165.60584825
15.59500000	111.75540986	157.47322443	173.63639957	163.51368712	165.94312292	168.90847734	171.39776456	158.94174771	172.36658390	170.45662924	163.30288204	160.72118612	177.73303432	165.59298518
15.60000000	111.77728980	157.46948908	173.63767637	163.55807017	165.93430936	168.94015405	171.39509376	158.95612815	172.39741611	170.49320467	163.30440332	160.73526437	177.76658945	165.57882921
15.60500000	111.79907854	157.46550067	173.63981102	163.60345210	165.92461059	168.97265212	171.39228219	158.97090455	172.42821944	170.52919719	163.30541007	160.74973853	177.79706201	165.56344969
15.61000000	111.82083548	157.46126222	173.64284425	163.64977231	165.91393556	169.00592633	171.38931880	158.98602981	172.45896551	170.56459402	163.30591964	160.76456631	177.82430797	165.54692092
15.61500000	111.84262653	157.45677946	173.64681767	163.69696745	165.90219139	169.03992949	171.38619274	159.00145575	172.48962610	170.59938506	163.30594777	160.77970415	177.84820033	165.52932194
15.62000000	111.86452432	157.45206084	173.65177364	163.74497150	165.88928357	169.07461260	171.38289343	159.01713339	172.52017326	170.63356279	163.30550864	160.79510739	177.86863263	165.51073617
15.62500000	111.88660830	157.44711775	173.65775524	163.79371598	165.87511631	169.10992504	171.37941063	159.03301319	172.55057941	170.66712223	163.30461484	160.81073058	177.88552208	165.49125120
15.63000000	111.90896486	157.44196454	173.66480612	163.84313001	165.85959281	169.14581480	171.37573451	159.04904529	172.58081736	170.70006080	163.30327741	160.82652761	177.89881237	165.47095843
15.63500000	111.93168744	157.43661869	173.67297040	163.89314052	165.84261557	169.18222863	171.37185565	159.06517975	172.61086045	170.73237828	163.30150588	160.84245201	177.90847584	165.44995273
15.64000000	111.95487654	157.43110086	173.68229255	163.94367237	165.82408671	169.21911225	171.36776520	159.08136677	172.64068256	170.76407668	163.29930829	160.85845711	177.91451493	165.42833216
15.64500000	111.97863976	157.42543504	173.69281726	163.99464854	165.80390832	169.25641059	171.36345487	159.09755697	172.67025822	170.79516008	163.29669126	160.87449630	177.91696283	165.40619755
15.65000000	112.00309180	157.41964863	173.70458925	164.04599028	165.78198279	169.29406795	171.35891702	159.11370155	172.69956262	170.82563460	163.29365998	160.89052320	177.91588320	165.38365221
15.65500000	112.02835439	157.41377254	173.71765316	164.09761729	165.75821315	169.33202823	171.35414472	159.12975258	172.72857171	170.85550821	163.29021836	160.90649190	177.91136908	165.36080151
15.66000000	112.05455621	157.40784127	173.73205336	164.14944792	165.73250346	169.37023512	171.34913180	159.14566312	172.75726221	170.88479059	163.28636900	160.92235714	177.90354096	165.33775256
15.66500000	112.08183277	157.40189304	173.74783377	164.20139931	165.70475914	169.40863229	171.34387289	159.16138750	172.78561168	170.91349304	163.28211330	160.93807451	177.89254416	165.31461384
15.67000000	112.11032625	157.39596986	173.76503766	164.25338765	165.67488736	169.44716361	171.33836353	159.17688145	172.81359855	170.94162831	163.27745154	160.95360060	177.87854577	165.29149482
15.67500000	112.14018530	157.39011762	173.78370750	164.30532832	165.64279739	169.48577333	171.33260014	159.19210229	172.84120217	170.96921046	163.27238293	160.96889320	177.86173105	165.26850558
15.68000000	112.17156480	157.38438617	173.80388472	164.35713614	165.60840099	169.52440627	171.32658009	159.20700909	172.86840279	170.99625473	163.26690571	160.98391147	177.84229986	165.24575648
15.68500000	112.20462560	157.37882944	173.82560955	164.40872552	165.57161278	169.56300800	171.32030175	159.22156283	172.89518166	171.02277737	163.26101725	160.99861605	177.82046290	165.22335776
15.69000000	112.23953420	157.37350546	173.84892078	164.46001073	165.53235061	169.60152503	171.31376448	159.23572650	172.92152101	171.04879550	163.25471411	161.01296923	177.79643814	165.20141925
15.69500000	112.27646243	157.36847651	173.87385558	164.51090607	165.49053595	169.63990495	171.30696870	159.24946529	172.94740407	171.07432701	163.24799214	161.02693506	177.77044756	165.18004991
15.70000000	112.31558704	157.36380911	173.90044927	164.56132610	165.44609424	169.67809664	171.29991583	159.26274662	172.97281510	171.09939035	163.24084661	161.04047949	177.74271405	165.15935760
15.70500000	112.35708933	157.35957415	173.92873515	164.61118588	165.39895529	169.71605034	171.29260835	159.27554030	172.99773941	171.12400443	163.23327231	161.05357047	177.71345887	165.13944865
15.71000000	112.40115467	157.35584694	173.95874427	164.66040116	165.34905363	169.75371789	171.28504979	159.28781861	173.02216336	171.14818847	163.22526360	161.06617801	177.68289932	165.12042759
15.71500000	112.44797209	157.35270725	173.99050524	164.70888861	165.29632888	169.79105277	171.27724468	159.29955633	173.04607439	171.17196190	163.21681459	161.07827431	177.65124695	165.10239678
15.72000000	112.49773376	157.35023938	174.02404401	164.75656608	165.24072611	169.82801026	171.26919856	159.31073087	173.06946100	171.19534418	163.20791925	161.08983382	177.61870603	165.08545613
15.72500000	112.55063449	157.34853218	174.05938373	164.80335279	165.18219620	169.86454754	171.26091794	159.32132226	173.09231278	171.21835471	163.19857145	161.10083329	177.58547246	165.06970274
15.73000000	112.60687120	157.34767913	174.09654452	164.84916955	165.12069617	169.90062378	171.25241026	159.33131325	173.11462042	171.24101271	163.18876518	161.11125182	177.55173292	165.05523068
15.73500000	112.66664239	157.34777832	174.13554330	164.89393905	165.05618953	169.93620021	171.24368385	159.34068929	173.13637568	171.26333712	163.17849458	161.12107093	177.51766426	165.04213062
15.74000000	112.73014757	157.34893252	174.17639367	164.93758602	164.98864659	169.97124020	171.23474787	159.34943860	173.15757145	171.28534647	163.16775412	161.13027456	177.48343320	165.03048963
15.74500000	112.79758671	157.35124918	174.21910568	164.98003748	164.91804479	170.00570929	171.22561224	159.35755212	173.17820168	171.30705882	163.15653870	161.13884909	177.44919616	165.02039084
15.75000000	112.86915966	157.35484041	174.26368575	165.02122301	164.84436898	170.03957523	171.21628759	159.36502360	173.19826145	171.32849163	163.14484377	161.14678337	177.41509920	165.01191325
15.75500000	112.94506558	157.35982302	174.31013652	165.06107491	164.76761170	170.07280804	171.20678519	159.37184949	173.21774693	171.34966172	163.13266544	161.15406874	177.38127818	165.00513144
15.76000000	113.02550236	157.36631850	174.35845672	165.09952844	164.68777343	170.10537998	171.19711682	159.37802902	173.23665539	171.37058518	163.12000062	161.16069894	177.34785888	165.00011539
15.76500000	113.11066609	157.37445296	174.40864107	165.13652209	164.60486287	170.13726556	171.18729476	159.38356408	173.25498518	171.39127732	163.10684712	161.16667020	177.31495731	164.99693019
15.77000000	113.20075043	157.38435714	174.46068025	165.17199769	164.51889708	170.16844156	171.17733162	159.38845928	173.27273574	171.41175260	163.09320379	161.17198114	177.28267998	164.99563594
15.77500000	113.29594610	157.39616638	174.51456077	165.20590072	164.42990174	170.19888697	171.16724029	159.39272182	173.28990763	171.43202460	163.07907058	161.17663274	177.25112423	164.99628748
15.78000000	113.39644035	157.41002052	174.57026495	165.23818042	164.33791125	170.22858302	171.15703386	159.39636149	173.30650243	171.45210598	163.06444871	161.18062834	177.22037861	164.99893426
15.78500000	113.50241639	157.42606387	174.62777092	165.26879004	164.24296888	170.25751306	171.14672544	159.39939057	173.32252283	171.47200846	163.04934071	161.18397354	177.19052321	165.00362018
15.79000000	113.61405292	157.44444515	174.68705258	165.29768696	164.14512687	170.28566261	171.13632813	159.40182379	173.33797254	171.49174281	163.03375055	161.18667617	177.16163001	165.01038346
15.79500000	113.73152359	157.46531737	174.74807966	165.32483289	164.04444644	170.31301926	171.12585490	159.40367822	173.35285635	171.51131885	163.01768372	161.18874622	177.13376329	165.01925653
15.80000000	113.85499659	157.48883779	174.81081772	165.35019402	163.94099785	170.33957264	171.11531843	159.40497321	173.36718003	171.53074546	163.00114727	161.19019575	177.10697995	165.03026590
15.80500000	113.98463415	157.51516775	174.87522827	165.37374111	163.83486037	170.36531437	171.10473107	159.40573025	173.38095038	171.55003059	162.98414992	161.19103881	177.08132984	165.04343215
15.81000000	114.12059214	157.54447261	174.94126883	165.39544968	163.72612216	170.39023799	171.09410470	159.40597289	173.39417517	171.56918128	162.96670210	161.19129138	177.05685612	165.05876980
15.81500000	114.26301968	157.57692159	175.00889303	165.41530001	163.61488021	170.41433896	171.08345062	159.40572661	173.40686311	171.58820377	162.94881597	161.19097125	177.03359558	165.07628735
15.82000000	114.41205876	157.61268765	175.07805082	165.43327732	163.50124018	170.43761454	171.07277948	159.40501871	173.41902385	171.60710343	162.93050545	161.19009792	177.01157892	165.09598724
15.82500000	114.56784388	157.65194732	175.14868855	165.44937176	163.38531614	170.46006379	171.06210113	159.40387816	173.43066792	171.62588496	162.91178629	161.18869249	176.99083107	165.11786584
15.83000000	114.73050178	157.69488055	175.22074926	165.46357850	163.26723037	170.48168755	171.05142457	159.40233544	173.44180671	171.64455235	162.89267598	161.18677761	176.97137144	165.14191353
15.83500000	114.90015112	157.74167051	175.29417280	165.47589768	163.14711307	170.50248834	171.04075785	159.40042245	173.45245242	171.66310902	162.87319382	161.18437726	176.95321425	165.16811476
15.84000000	115.07690224	157.79250342	175.36889616	165.48633449	163.02510195	170.52247037	171.03010794	159.39817229	173.46261800	171.68155787	162.85336085	161.18151673	176.93636872	165.19644811
15.84500000	115.26085696	157.84756833	175.44485367	165.49489909	162.90134191	170.54163951	171.01948072	159.39561914	173.47231715	171.69990140	162.83319982	161.17822244	176.92083936	165.22688640
15.85000000	115.45210834	157.90705688	175.52197733	165.50160657	162.77598457	170.56000327	171.00888083	159.39279808	173.48156421	171.71814179	162.81273515	161.17452187	176.90662621	165.25939687
15.85500000	115.65074056	157.97116309	175.60019708	165.50647688	162.64918781	170.57757078	170.99831165	159.38974488	173.49037414	171.73628102	162.79199284	161.17044336	176.89372505	165.29394126
15.86000000	115.85682876	158.04008306	175.67944119	165.50953475	162.52111522	170.59435280	170.98777522	159.38649589	173.49876248	171.75432094	162.77100043	161.16601606	176.88212766	165.33047607
15.86500000	116.07043897	158.11401473	175.75963654	165.51080957	162.39193560	170.61036171	170.97727217	159.38308780	173.50674525	171.77226339	162.74978689	161.16126975	176.87182198	165.36895268
15.87000000	116.29162798	158.19315756	175.84070903	165.51033522	162.26182233	170.62561152	170.96680168	159.37955748	173.51433889	171.79011033	162.72838250	161.15623475	176.86279238	165.40931765
15.87500000	116.52044332	158.27771218	175.92258391	165.50814998	162.13095278	170.64011792	170.95636144	159.37594181	173.52156026	171.80786390	162.70681880	161.15094176	176.85501983	165.45151287
15.88000000	116.75692323	158.36788012	176.00518625	165.50429627	161.99950762	170.65389824	170.94594760	159.37227745	173.52842649	171.82552652	162.68512842	161.14542175	176.84848211	165.49547590
15.88500000	117.00109668	158.46386338	176.08844123	165.49882054	161.86767021	170.66697153	170.93555474	159.36860069	173.53495496	171.84310104	162.66334497	161.13970584	176.84315400	165.54114019
15.89000000	117.25298331	158.56586407	176.17227463	165.49177297	161.73562587	170.67935856	170.92517587	159.36494726	173.54116325	171.86059076	162.64150293	161.13382517	176.83900747	165.58843535
15.89500000	117.51259357	158.67408399	176.25661319	165.48320732	161.60356123	170.69108189	170.91480238	159.36135213	173.54706901	171.87799955	162.61963749	161.12781078	176.83601186	165.63728753
15.90000000	117.77992868	158.78872418	176.34138504	165.47318064	161.47166346	170.70216586	170.90442405	159.35784938	173.55268998	171.89533192	162.59778441	161.12169348	176.83413409	165.68761963
15.90500000	118.05498079	158.90998447	176.42652007	165.46175302	161.34011963	170.71263667	170.89402907	159.35447197	173.55804384	171.91259307	162.57597990	161.11550376	176.83333878	165.73935170
15.91000000	118.33773299	159.03806299	176.51195033	165.44898734	161.20911596	170.72252240	170.88360402	159.35125164	173.56314822	171.92978897	162.55426041	161.10927167	176.83358849	165.79240121
15.91500000	118.62815947	159.17315560	176.59761042	165.43494902	161.07883717	170.73185301	170.87313388	159.34821871	173.56802056	171.94692640	162.53266255	161.10302671	176.83484385	165.84668343
15.92000000	118.92622559	159.31545539	176.68343782	165.41970569	160.94946577	170.74066046	170.86260208	159.34540194	173.57267812	171.96401297	162.51122289	161.09679771	176.83706373	165.90211172
15.92500000	119.23188802	159.46515207	176.76937326	165.40332697	160.82118143	170.74897865	170.85199052	159.34282841	173.57713789	171.98105718	162.48997782	161.09061279	176.84020545	165.95859789
15.93000000	119.54509489	159.62243135	176.85536099	165.38588416	160.69416031	170.75684347	170.84127958	159.34052336	173.58141653	171.99806842	162.46896339	161.08449918	176.84422486	166.01605254
15.93500000	119.86578588	159.78747432	176.94134910	165.36744997	160.56857451	170.76429283	170.83044821	159.33851010	173.58553031	172.01505696	162.44821515	161.07848323	176.84907659	166.07438539
15.94000000	120.19389242	159.96045671	177.02728972	165.34809829	160.44459145	170.77136664	170.81947394	159.33680987	173.58949509	172.03203400	162.42776802	161.07259026	176.85471413	166.13350557
15.94500000	120.52933781	160.14154826	177.11313925	165.32790385	160.32237335	170.77810682	170.80833295	159.33544176	173.59332625	172.04901160	162.40765610	161.06684450	176.86109003	166.19332202
15.95000000	120.87203739	160.33091191	177.19885849	165.30694203	160.20207671	170.78455728	170.79700013	159.33442259	173.59703865	172.06600269	162.38791255	161.06126906	176.86815605	166.25374373
15.95500000	121.22189868	160.52870306	177.28441278	165.28528860	160.08385189	170.79076386	170.78544915	159.33376687	173.60064659	172.08302107	162.36856943	161.05588580	176.87586327	166.31468009
15.96000000	121.57882157	160.73506876	177.36977204	165.26301947	159.96784263	170.79677434	170.77365254	159.33348668	173.60416380	172.10008129	162.34965754	161.05071533	176.88416228	166.37604115
15.96500000	121.94269848	160.95014688	177.45491076	165.24021048	159.85418571	170.80263833	170.76158178	159.33359165	173.60760337	172.11719870	162.33120632	161.04577695	176.89300331	166.43773796
15.97000000	122.31341453	161.17406523	177.53980795	165.21693719	159.74301060	170.80840724	170.74920736	159.33408889	173.61097775	172.13438933	162.31324366	161.04108858	176.90233634	166.49968278
15.97500000	122.69084771	161.40694072	177.62444702	165.19327466	159.63443913	170.81413415	170.73649891	159.33498298	173.61429872	172.15166986	162.29579581	161.03666676	176.91211130	166.56178937
15.98000000	123.07486904	161.64887839	177.70881560	165.16929733	159.52858529	170.81987374	170.72342529	159.33627593	173.61757738	172.16905756	162.27888723	161.03252660	176.92227817	166.62397324
15.98500000	123.46534277	161.89997058	177.79290524	165.14507879	159.42555496	170.82568216	170.70995473	159.33796716	173.62082415	172.18657019	162.26254049	161.02868176	176.93278713	166.68615188
15.99000000	123.86212655	162.16029589	177.87671115	165.12069165	159.32544573	170.83161690	170.69605491	159.34005354	173.62404872	172.20422596	162.24677612	161.02514443	176.94358871	166.74824495
15.99500000	124.26507158	162.42991831	177.96023172	165.09620743	159.22834681	170.83773662	170.68169313	159.34252940	173.62726010	172.22204343	162.23161251	161.02192536	176.95463389	166.81017449
16.00000000	124.67402281	162.70888624	178.04346807	165.07169640	159.13433889	170.84410102	170.66683646	159.34538654	173.63046659	172.24004144	162.21706583	161.01903379	176.96587428	166.87186514
16.00500000	125.08881908	162.99723154	178.12642343	165.04722748	159.04349407	170.85077064	170.65145186	159.34861431	173.63367580	172.25823901	162.20314990	161.01647753	176.97726220	166.93324422
16.01000000	125.50929334	163.29496858	178.20910246	165.02286815	158.95587586	170.85780666	170.63550634	159.35219967	173.63689465	172.27665527	162.18987610	161.01426292	176.98875088	166.99424197
16.01500000	125.93527277	163.60209331	178.29151045	164.99868440	158.87153913	170.86527071	170.61896718	159.35612724	173.64012941	172.29530936	162.17725332	161.01239486	177.00029452	167.05479158
16.02000000	126.36657896	163.91858238	178.37365228	164.97474060	158.79053021	170.87322466	170.60180205	159.36037943	173.64338569	172.31422034	162.16528782	161.01087686	177.01184843	167.11482938
16.02500000	126.80302809	164.24439222	178.45553130	164.95109951	158.71288691	170.88173037	170.58397921	159.36493652	173.64666847	172.33340711	162.15398322	161.00971101	177.02336917	167.17429488
16.03000000	127.24443104	164.57945818	178.53714793	164.92782217	158.63863860	170.89084947	170.56546772	159.36977678	173.64998215	172.35288830	162.14334041	161.00889810	177.03481464	167.23313083
16.03500000	127.69059363	164.92369380	178.61849782	164.90496793	158.56780637	170.90064314	170.54623761	159.37487659	173.65333055	172.37268221	162.13335751	161.00843759	177.04614422	167.29128331
16.04000000	128.14131668	165.27699000	178.69956971	164.88259439	158.50040314	170.91117180	170.52626011	159.38021061	173.65671697	172.39280670	162.12402980	161.00832770	177.05731883	167.34870171
16.04500000	128.59639624	165.63921440	178.78034246	164.86075741	158.43643383	170.92249493	170.50550780	159.38575189	173.66014420	172.41327911	162.11534975	161.00856544	177.06830108	167.40533878
16.05000000	129.05562371	166.01021075	178.86078121	164.83951109	158.37589555	170.93467076	170.48395485	159.39147204	173.66361457	172.43411616	162.10730694	161.00914670	177.07905531	167.46115061
16.05500000	129.51878597	166.38979836	178.94083196	164.81890776	158.31877781	170.94775607	170.46157720	159.39734138	173.66712998	172.45533392	162.09988810	161.01006625	177.08954774	167.51609660
16.06000000	129.98566558	166.77777168	179.02041399	164.79899803	158.26506273	170.96180589	170.43835276	159.40332915	173.67069196	172.47694765	162.09307710	161.01131789	177.09974651	167.57013943
16.06500000	130.45604091	167.17389995	179.09940861	164.77983079	158.21472529	170.97687330	170.41426159	159.40940362	173.67430167	172.49897180	162.08685501	161.01289447	177.10962178	167.62324500
16.07000000	130.92968627	167.57792699	179.17764216	164.76145322	158.16773359	170.99300914	170.38928609	159.41553230	173.67795999	172.52141987	162.08120009	161.01478795	177.11914579	167.67538236
16.07500000	131.40637212	167.98957106	179.25485953	164.74391084	158.12404907	171.01026184	170.36341118	159.42168210	173.68166751	172.54430439	162.07608791	161.01698954	177.12829292	167.72652364
16.08000000	131.88586521	168.40852490	179.33068141	164.72724751	158.08362688	171.02867712	170.33662444	159.42781951	173.68542461	172.56763681	162.07149141	161.01948972	177.13703975	167.77664396
16.08500000	132.36792874	168.83445584	179.40453384	164.71150550	158.04641607	171.04829787	170.30891627	159.43391076	173.68923144	172.59142745	162.06738101	161.02227834	177.14536511	167.82572128
16.09000000	132.85232258	169.26700607	179.47552937	164.69672548	158.01235995	171.06916384	170.28028006	159.43992201	173.69308803	172.61568545	162.06372473	161.02534473	177.15325011	167.87373634
16.09500000	133.33880342	169.70579308	179.54226729	164.68294658	157.98139638	171.09131156	170.25071227	159.44581947	173.69699425	172.64041865	162.06048834	161.02867775	177.16067815	167.92067249
16.10000000	133.82712501	170.15041013	179.60251350	164.67020644	157.95345807	171.11477407	170.22021256	159.45156964	173.70094988	172.66563359	162.05763558	161.03226586	177.16763496	167.96651558
16.10500000	134.31703833	170.60042698	179.65277706	164.65854119	157.92847289	171.13958081	170.18878389	159.45713937	173.70495462	172.69133544	162.05512825	161.03609726	177.17410856	168.01125379
16.11000000	134.80829187	171.05539059	179.68809430	164.64798550	157.90636422	171.16575748	170.15643259	159.46249609	173.70900812	172.71752790	162.05292656	161.04015989	177.18008926	168.05487749
16.11500000	135.30063184	171.51482601	179.70299371	164.63857262	157.88705124	171.19332587	170.12316843	159.46760792	173.71310998	172.74421318	162.05098923	161.04444159	177.18556965	168.09737907
16.12000000	135.79380244	171.97823733	179.69440618	164.63033438	157.87044928	171.22230378	170.08900465	159.47244382	173.71725979	172.77139196	162.04927387	161.04893009	177.19054450	168.13875276
16.12500000	136.28754616	172.44510855	179.66409084	164.62330121	157.85647012	171.25270491	170.05395801	159.47697371	173.72145713	172.79906329	162.04773719	161.05361315	177.19501074	168.17899447
16.13000000	136.78160403	172.91490447	179.61716779	164.61750213	157.84502231	171.28453878	170.01804879	159.48116863	173.72570156	172.82722460	162.04633530	161.05847858	177.19896738	168.21810161
16.13500000	137.27571600	173.38707136	179.55892582	164.61296480	157.83601152	171.31781067	169.98130075	159.48500082	173.72999263	172.85587159	162.04502405	161.06351431	177.20241535	168.25607288
16.14000000	137.76962120	173.86103732	179.49329692	164.60971547	157.82934086	171.35252157	169.94374116	159.48844386	173.73432991	172.88499825	162.04375936	161.06870846	177.20535749	168.29290808
16.14500000	138.26305839	174.33621183	179.42286039	164.60777902	157.82491118	171.38866819	169.90540070	159.49147276	173.73871292	172.91459677	162.04249751	161.07404937	177.20779831	168.32860795
16.15000000	138.75576623	174.81198429	179.34925877	164.60717891	157.82262140	171.42624290	169.86631341	159.49406410	173.74314117	172.94465755	162.04119557	161.07952568	177.20974392	168.36317390
16.15500000	139.24748378	175.28772039	179.27355313	164.60793719	157.82236883	171.46523377	169.82651663	159.49619606	173.74761414	172.97516913	162.03981169	161.08512631	177.21120184	168.39660790
16.16000000	139.73795083	175.76275475	179.19645231	164.61007445	157.82404946	171.50562462	169.78605087	159.49784854	173.75213121	173.00611818	162.03830551	161.09084056	177.21218084	168.42891219
16.16500000	140.22690838	176.23637657	179.11844990	164.61360983	157.82755830	171.54739505	169.74495968	159.49900324	173.75669172	173.03748948	162.03663849	161.09665807	177.21269073	168.46008914
16.17000000	140.71409910	176.70780143	179.03990510	164.61856097	157.83278967	171.59052050	169.70328955	159.49964371	173.76129487	173.06926591	162.03477431	161.10256891	177.21274222	168.49014102
16.17500000	141.19926776	177.17611373	178.96109115	164.62494397	157.83963745	171.63497237	169.66108973	159.49975541	173.76593972	173.10142844	162.03267919	161.10856355	177.21234666	168.51906982
16.18000000	141.68216173	177.64014084	178.88222479	164.63277338	157.84799544	171.68071809	169.61841205	159.49932576	173.77062517	173.13395612	162.03032229	161.11463291	177.21151586	168.54687706
16.18500000	142.16253147	178.09814836	178.80348473	164.64206209	157.85775758	171.72772127	169.57531077	159.49834421	173.77534989	173.16682612	162.02767600	161.12076830	177.21026189	168.57356363
16.19000000	142.64013106	178.54698575	178.72502344	164.65282136	157.86881824	171.77594183	169.53184234	159.49680222	173.78011233	173.20001372	162.02471630	161.12696150	177.20859687	168.59912957
16.19500000	143.11471864	178.97912148	178.64697481	164.66506074	157.88107248	171.82533613	169.48806522	159.49469331	173.78491063	173.23349234	162.02142304	161.13320474	177.20653277	168.62357399
16.20000000	143.58605701	179.36864201	178.56945919	164.67878800	157.89441630	171.87585721	169.44403963	159.49201311	173.78974263	173.26723363	162.01778022	161.13949063	177.20408119	168.64689487
16.20500000	144.05391407	179.59074524	178.49258684	164.69400908	157.90874686	171.92745489	169.39982736	159.48875929	173.79460580	173.30120746	162.01377627	161.14581224	177.20125318	168.66908896
16.21000000	144.51806336	179.42193253	178.41646017	164.71072807	157.92396273	171.98007604	169.35549147	159.48493163	173.79949721	173.33538204	162.00940422	161.15216304	177.19805907	168.69015169
16.21500000	144.97828457	179.06060225	178.34117530	164.72894710	157.93996407	172.03366474	169.31109609	159.48053198	173.80441347	173.36972400	162.00466193	161.15853689	177.19450828	168.71007707
16.22000000	145.43436399	178.66026458	178.26682308	164.74866631	157.95665288	172.08816257	169.26670610	159.47556423	173.80935074	173.40419846	161.99955221	161.16492801	177.19060918	168.72885764
16.22500000	145.88609505	178.25279828	178.19348979	164.76988377	157.97393313	172.14350876	169.22238696	159.47003431	173.81430465	173.43876919	161.99408295	161.17133099	177.18636895	168.74648444
16.23000000	146.33327872	177.84682101	178.12125756	164.79259546	157.99171096	172.19964054	169.17820433	159.46395017	173.81927028	173.47339870	161.98826713	161.17774076	177.18179343	168.76294699
16.23500000	146.77572397	177.44565971	178.05020462	164.81679515	158.00989485	172.25649330	169.13422390	159.45732167	173.82424213	173.50804843	161.98212293	161.18415254	177.17688704	168.77823332
16.24000000	147.21324816	177.05096810	177.98040548	164.84247437	158.02839572	172.31400092	169.09051103	159.45016062	173.82921410	173.54267886	161.97567363	161.19056186	177.17165268	168.79233002
16.24500000	147.64567745	176.66373191	177.91193096	164.86962237	158.04712714	172.37209603	169.04713052	159.44248066	173.83417945	173.57724975	161.96894755	161.19696449	177.16609170	168.80522230
16.25000000	148.07284713	176.28461974	177.84484816	164.89822602	158.06600534	172.43071025	169.00414633	159.43429722	173.83913078	173.61172028	161.96197798	161.20335645	177.16020379	168.81689407
16.25500000	148.49460188	175.91412684	177.77922051	164.92826978	158.08494944	172.48977454	168.96162129	159.42562744	173.84406002	173.64604927	161.95480297	161.20973397	177.15398701	168.82732813
16.26000000	148.91079612	175.55264139	177.71510763	164.95973564	158.10388142	172.54921942	168.91961681	159.41649012	173.84895843	173.68019540	161.94746513	161.21609347	177.14743777	168.83650624
16.26500000	149.32129416	175.20047808	177.65256530	164.99260306	158.12272628	172.60897530	168.87819264	159.40690558	173.85381656	173.71411742	161.94001143	161.22243151	177.14055084	168.84440937
16.27000000	149.72597038	174.85789654	177.59164538	165.02684893	158.14141209	172.66897271	168.83740657	159.39689560	173.85862428	173.74777435	161.93249285	161.22874480	177.13331942	168.85101786
16.27500000	150.12470938	174.52511211	177.53239574	165.06244754	158.15987002	172.72914268	168.79731421	159.38648332	173.86337077	173.78112578	161.92496412	161.23503016	177.12573517	168.85631163
16.28000000	150.51740604	174.20230261	177.47486022	165.09937051	158.17803439	172.78941690	168.75796868	159.37569313	173.86804453	173.81413201	161.91748330	161.24128447	177.11778832	168.86027047
16.28500000	150.90396551	173.88961289	177.41907854	165.13758678	158.19584274	172.84972808	168.71942040	159.36455053	173.87263341	173.84675434	161.91011147	161.24750470	177.10946777	168.86287425
16.29000000	151.28430316	173.58715808	177.36508633	165.17706258	158.21323579	172.91001020	168.68171685	159.35308205	173.87712458	173.87895528	161.90291225	161.25368783	177.10076121	168.86410325
16.29500000	151.65834452	173.29502607	177.31291506	165.21776141	158.23015749	172.97019872	168.64490232	159.34131509	173.88150465	173.91069875	161.89595140	161.25983085	177.09165527	168.86393836
16.30000000	152.02602508	173.01327951	177.26259209	165.25964403	158.24655503	173.03023088	168.60901773	159.32927781	173.88575960	173.94195030	161.88929635	161.26593075	177.08213567	168.86236147
16.30500000	152.38729005	172.74195756	177.21414066	165.30266846	158.26237878	173.09004591	168.57410042	159.31699899	173.88987490	173.97267729	161.88301576	161.27198448	177.07218743	168.85935567
16.31000000	152.74209411	172.48107739	177.16757994	165.34678997	158.27758234	173.14958525	168.54018396	159.30450791	173.89383551	174.00284910	161.87717901	161.27798892	177.06179502	168.85490564
16.31500000	153.09040102	172.23063555	177.12292514	165.39196111	158.29212246	173.20879273	168.50729801	159.29183418	173.89762595	174.03243725	161.87185576	161.28394090	177.05094259	168.84899788
16.32000000	153.43218325	171.99060931	177.08018752	165.43813175	158.30595903	173.26761480	168.47546815	159.27900760	173.90123035	174.06141559	161.86711540	161.28983713	177.03961417	168.84162103
16.32500000	153.76742147	171.76095780	177.03937454	165.48524908	158.31905506	173.32600066	168.44471577	159.26605808	173.90463250	174.08976035	161.86302663	161.29567424	177.02779391	168.83276615
16.33000000	154.09610406	171.54162325	177.00048996	165.53325769	158.33137658	173.38390241	168.41505797	159.25301542	173.90781595	174.11745034	161.85965695	161.30144869	177.01546628	168.82242698
16.33500000	154.41822649	171.33253200	176.96353398	165.58209964	158.34289267	173.44127519	168.38650747	159.23990923	173.91076403	174.14446694	161.85707221	161.30715685	177.00261632	168.81060020
16.34000000	154.73379071	171.13359560	176.92850340	165.63171449	158.35357531	173.49807726	168.35907256	159.22676877	173.91345998	174.17079420	161.85533612	161.31279488	176.98922986	168.79728566
16.34500000	155.04280445	170.94471181	176.89539176	165.68203944	158.36339940	173.55427008	168.33275708	159.21362282	173.91588698	174.19641883	161.85450986	161.31835882	176.97529374	168.78248661
16.35000000	155.34528050	170.76576547	176.86418953	165.73300937	158.37234264	173.60981839	168.30756039	159.20049957	173.91802826	174.22133025	161.85465164	161.32384450	176.96079605	168.76620985
16.35500000	155.64123591	170.59662948	176.83488431	165.78455703	158.38038550	173.66469018	168.28347741	159.18742648	173.91986717	174.24552056	161.85581628	161.32924757	176.94572631	168.74846592
16.36000000	155.93069119	170.43716560	176.80746097	165.83661307	158.38751110	173.71885677	168.26049867	159.17443018	173.92138726	174.26898446	161.85805488	161.33456351	176.93007571	168.72926923
16.36500000	156.21366946	170.28722523	176.78190194	165.88910626	158.39370520	173.77229275	168.23861035	159.16153637	173.92257237	174.29171925	161.86141446	161.33978755	176.91383723	168.70863816
16.37000000	156.49019559	170.14665021	176.75818732	165.94196360	158.39895605	173.82497594	168.21779442	159.14876970	173.92340675	174.31372468	161.86593765	161.34491476	176.89700589	168.68659508
16.37500000	156.76029524	170.01527346	176.73629515	165.99511048	158.40325437	173.87688732	168.19802874	159.13615368	173.92387506	174.33500290	161.87166239	161.34993998	176.87957884	168.66316647
16.38000000	157.02399403	169.89291965	176.71620161	166.04847087	158.40659324	173.92801098	168.17928720	159.12371064	173.92396254	174.35555834	161.87862175	161.35485783	176.86155551	168.63838281
16.38500000	157.28131651	169.77940583	176.69788123	166.10196751	158.40896802	173.97833398	168.16153993	159.11146158	173.92365505	174.37539754	161.88684364	161.35966273	176.84293773	168.61227864
16.39000000	157.53228531	169.67454199	176.68130707	166.15552206	158.41037628	174.02784625	168.14475344	159.09942620	173.92293915	174.39452905	161.89635070	161.36434889	176.82372978	168.58489244
16.39500000	157.77692014	169.57813156	176.66645097	166.20905537	158.41081772	174.07654043	168.12889088	159.08762276	173.92180219	174.41296325	161.90716013	161.36891030	176.80393850	168.55626651
16.40000000	158.01523690	169.48997193	176.65328372	166.26248767	158.41029408	174.12441174	168.11391225	159.07606809	173.92023239	174.43071225	161.91928361	161.37334075	176.78357331	168.52644691
16.40500000	158.24724672	169.40985489	176.64177525	166.31573878	158.40880906	174.17145780	168.09977466	159.06477753	173.91821887	174.44778964	161.93272724	161.37763384	176.76264621	168.49548322
16.41000000	158.47295511	169.33756707	176.63189483	166.36872834	158.40636825	174.21767845	168.08643260	159.05376493	173.91575175	174.46421043	161.94749151	161.38178297	176.74117182	168.46342843
16.41500000	158.69236105	169.27289032	176.62361124	166.42137609	158.40297908	174.26307557	168.07383823	159.04304259	173.91282219	174.47999084	161.96357131	161.38578135	176.71916733	168.43033869
16.42000000	158.90545615	169.21560210	176.61689293	166.47360205	158.39865070	174.30765290	168.06194164	159.03262129	173.90942247	174.49514814	161.98095598	161.38962203	176.69665248	168.39627311
16.42500000	159.11222390	169.16547581	176.61170818	166.52532684	158.39339396	174.35141580	168.05069118	159.02251031	173.90554597	174.50970057	161.99962938	161.39329791	176.67364947	168.36129352
16.43000000	159.31263886	169.12228113	176.60802523	166.57647188	158.38722131	174.39437110	168.04003376	159.01271737	173.90118730	174.52366713	162.01957001	161.39680173	176.65018294	168.32546421
16.43500000	159.50666599	169.08578433	176.60581241	166.62695966	158.38014675	174.43652687	168.02991520	159.00324874	173.89634225	174.53706752	162.04075114	161.40012610	176.62627987	168.28885172
16.44000000	159.69426002	169.05574857	176.60503826	166.67671402	158.37218577	174.47789224	168.02028048	158.99410920	173.89100786	174.54992199	162.06314099	161.40326356	176.60196946	168.25152452
16.44500000	159.87536487	169.03193417	176.60567163	166.72566036	158.36335529	174.51847716	168.01107412	158.98530213	173.88518240	174.56225127	162.08670288	161.40620652	176.57728306	168.21355278
16.45000000	160.04991316	169.01409891	176.60768174	166.77372596	158.35367362	174.55829227	168.00224047	158.97682953	173.87886543	174.57407646	162.11139549	161.40894737	176.55225406	168.17500807
16.45500000	160.21782580	169.00199826	176.61103829	166.82084015	158.34316037	174.59734865	167.99372405	158.96869208	173.87205776	174.58541896	162.13717307	161.41147842	176.52691774	168.13596315
16.46000000	160.37901167	168.99538566	176.61571151	166.86693464	158.33183645	174.63565766	167.98546988	158.96088922	173.86476144	174.59630043	162.16398568	161.41379202	176.50131119	168.09649164
16.46500000	160.53336736	168.99401277	176.62167216	166.91194369	158.31972400	174.67323080	167.97742373	158.95341922	173.85697976	174.60674273	162.19177947	161.41588051	176.47547316	168.05666777
16.47000000	160.68077708	168.99762973	176.62889161	166.95580440	158.30684631	174.71007949	167.96953250	158.94627927	173.84871726	174.61676789	162.22049694	161.41773629	176.44944394	168.01656614
16.47500000	160.82111259	169.00598537	176.63734184	166.99845690	158.29322786	174.74621493	167.96174449	158.93946553	173.83997962	174.62639805	162.25007728	161.41935186	176.42326522	167.97626146
16.48000000	160.95423330	169.01882751	176.64699546	167.03984456	158.27889420	174.78164798	167.95400967	158.93297327	173.83077371	174.63565548	162.28045661	161.42071985	176.39697996	167.93582827
16.48500000	161.07998644	169.03590314	176.65782566	167.07991420	158.26387193	174.81638901	167.94628000	158.92679699	173.82110748	174.64456254	162.31156831	161.42183306	176.37063227	167.89534070
16.49000000	161.19820742	169.05695873	176.66980623	167.11861628	158.24818868	174.85044774	167.93850967	158.92093044	173.81098996	174.65314168	162.34334334	161.42268449	176.34426723	167.85487226
16.49500000	161.30872019	169.08174044	176.68291156	167.15590505	158.23187306	174.88383320	167.93065534	158.91536681	173.80043119	174.66141544	162.37571058	161.42326742	176.31793080	167.81449555
16.50000000	161.41133783	169.10999436	176.69711654	167.19173872	158.21495460	174.91655355	167.92267642	158.91009882	173.78944214	174.66940643	162.40859708	161.42357541	176.29166966	167.77428207
16.50500000	161.50586322	169.14146680	176.71239659	167.22607956	158.19746372	174.94861607	167.91453525	158.90511880	173.77803470	174.67713733	162.44192846	161.42360242	176.26553103	167.73430195
16.51000000	161.59208983	169.17590447	176.72872755	167.25889407	158.17943170	174.98002703	167.90619731	158.90041884	173.76622157	174.68463086	162.47562917	161.42334277	176.23956259	167.69462378
16.51500000	161.66980265	169.21305482	176.74608570	167.29015302	158.16089064	175.01079163	167.89763143	158.89599087	173.75401618	174.69190982	162.50962283	161.42279130	176.21381228	167.65531434
16.52000000	161.73877921	169.25266618	176.76444764	167.31983156	158.14187336	175.04091399	167.88880987	158.89182676	173.74143270	174.69899702	162.54383257	161.42194333	176.18832816	167.61643843
16.52500000	161.79879075	169.29448812	176.78379029	167.34790925	158.12241344	175.07039708	167.87970856	158.88791842	173.72848587	174.70591529	162.57818127	161.42079478	176.16315828	167.57805862
16.53000000	161.84960350	169.33827159	176.80409079	167.37437012	158.10254510	175.09924269	167.87030711	158.88425790	173.71519098	174.71268741	162.61259194	161.41934220	176.13835049	167.54023509
16.53500000	161.89098001	169.38376927	176.82532650	167.39920268	158.08230318	175.12745144	167.86058896	158.88083745	173.70156381	174.71933613	162.64698798	161.41758283	176.11395228	167.50302539
16.54000000	161.92268065	169.43073573	176.84747487	167.42239991	158.06172310	175.15502275	167.85054142	158.87764957	173.68762050	174.72588406	162.68129345	161.41551466	176.09001063	167.46648429
16.54500000	161.94446514	169.47892768	176.87051346	167.44395921	158.04084079	175.18195487	167.84015569	158.87468710	173.67337755	174.73235366	162.71543338	161.41313648	176.06657186	167.43066355
16.55000000	161.95609412	169.52810426	176.89441982	167.46388241	158.01969265	175.20824488	167.82942689	158.87194325	173.65885167	174.73876715	162.74933403	161.41044794	176.04368140	167.39561178
16.55500000	161.95733090	169.57802721	176.91917150	167.48217570	157.99831547	175.23388873	167.81835403	158.86941162	173.64405978	174.74514644	162.78292312	161.40744958	176.02138365	167.36137421
16.56000000	161.94794307	169.62846112	176.94474596	167.49884949	157.97674642	175.25888127	167.80693995	158.86708622	173.62901890	174.75151305	162.81613013	161.40414291	175.99972182	167.32799259
16.56500000	161.92770429	169.67917366	176.97112057	167.51391841	157.95502294	175.28321628	167.79519128	158.86496149	173.61374608	174.75788801	162.84888646	161.40053041	175.97873770	167.29550497
16.57000000	161.89639597	169.72993577	176.99827251	167.52740111	157.93318273	175.30688654	167.78311835	158.86303226	173.59825836	174.76429179	162.88112570	161.39661560	175.95847151	167.26394560
16.57500000	161.85380902	169.78052192	177.02617879	167.53932020	157.91126367	175.32988390	167.77073500	158.86129375	173.58257269	174.77074414	162.91278380	161.39240308	175.93896172	167.23334474
16.58000000	161.79974547	169.83071027	177.05481619	167.54970207	157.88930378	175.35219931	167.75805853	158.85974152	173.56670586	174.77726407	162.94379927	161.38789853	175.92024486	167.20372859
16.58500000	161.73402013	169.88028292	177.08416121	167.55857676	157.86734113	175.37382291	167.74510947	158.85837145	173.55067449	174.78386965	162.97411336	161.38310875	175.90235532	167.17511915
16.59000000	161.65646212	169.92902610	177.11419012	167.56597777	157.84541381	175.39474410	167.73191142	158.85717964	173.53449488	174.79057794	163.00367017	161.37804169	175.88532525	167.14753410
16.59500000	161.56691634	169.97673039	177.14487882	167.57194189	157.82355988	175.41495163	167.71849084	158.85616238	173.51818306	174.79740488	163.03241684	161.37270644	175.86918429	167.12098677
16.60000000	161.46524482	170.02319091	177.17620294	167.57650902	157.80181727	175.43443368	167.70487680	158.85531603	173.50175469	174.80436518	163.06030365	161.36711329	175.85395949	167.09548604
16.60500000	161.35132801	170.06820756	177.20813771	167.57972194	157.78022376	175.45317794	167.69110079	158.85463698	173.48522500	174.81147218	163.08728412	161.36127365	175.83967513	167.07103631
16.61000000	161.22506587	170.11158523	177.24065801	167.58162613	157.75881692	175.47117170	167.67719641	158.85412153	173.46860878	174.81873778	163.11331511	161.35520015	175.82635258	167.04763746
16.61500000	161.08637891	170.15313403	177.27373832	167.58226955	157.73763403	175.48840195	167.66319911	158.85376577	173.45192033	174.82617232	163.13835687	161.34890654	175.81401018	167.02528489
16.62000000	160.93520906	170.19266950	177.30735268	167.58170236	157.71671200	175.50485547	167.64914594	158.85356553	173.43517341	174.83378450	163.16237315	161.34240776	175.80266310	167.00396949
16.62500000	160.77152044	170.23001290	177.34147470	167.57997677	157.69608736	175.52051893	167.63507523	158.85351621	173.41838121	174.84158130	163.18533117	161.33571987	175.79232327	166.98367771
16.63000000	160.59529998	170.26499140	177.37607750	167.57714674	157.67579615	175.53537897	167.62102630	158.85361272	173.40155636	174.84956788	163.20720175	161.32886004	175.78299928	166.96439162
16.63500000	160.40655789	170.29743839	177.41113364	167.57326775	157.65587387	175.54942233	167.60703915	158.85384934	173.38471084	174.85774755	163.22795921	161.32184655	175.77469633	166.94608900
16.64000000	160.20532811	170.32719371	177.44661515	167.56839658	157.63635541	175.56263590	167.59315417	158.85421961	173.36785601	174.86612172	163.24758147	161.31469870	175.76741615	166.92874347
16.64500000	159.99166853	170.35410399	177.48249340	167.56259102	157.61727496	175.57500685	167.57941181	158.85471624	173.35100258	174.87468982	163.26605000	161.30743687	175.76115700	166.91232460
16.65000000	159.76566119	170.37802285	177.51873907	167.55590966	157.59866594	175.58652272	167.56585232	158.85533098	173.33416057	174.88344934	163.28334983	161.30008238	175.75591364	166.89679811
16.65500000	159.52741234	170.39881131	177.55532208	167.54841162	157.58056094	175.59717151	167.55251538	158.85605453	173.31733935	174.89239574	163.29946948	161.29265751	175.75167734	166.88212603
16.66000000	159.27705248	170.41633800	177.59221147	167.54015632	157.56299161	175.60694177	167.53943989	158.85687647	173.30054758	174.90152255	163.31440097	161.28518543	175.74843591	166.86826691
16.66500000	159.01473621	170.43047952	177.62937532	167.53120321	157.54598859	175.61582270	167.52666360	158.85778513	173.28379325	174.91082129	163.32813976	161.27769014	175.74617376	166.85517604
16.67000000	158.74064212	170.44112076	177.66678064	167.52161157	157.52958142	175.62380425	167.51422290	158.85876756	173.26708368	174.92028158	163.34068472	161.27019644	175.74487194	166.84280574
16.67500000	158.45497260	170.44815518	177.70439321	167.51144022	157.51379844	175.63087719	167.50215252	158.85980942	173.25042550	174.92989111	163.35203805	161.26272984	175.74450823	166.83110559
16.68000000	158.15795349	170.45148518	177.74217749	167.50074736	157.49866672	175.63703318	167.49048530	158.86089500	173.23382469	174.93963578	163.36220526	161.25531652	175.74505725	166.82002269
16.68500000	157.84983383	170.45102235	177.78009641	167.48959029	157.48421192	175.64226489	167.47925197	158.86200710	173.21728657	174.94949969	163.37119507	161.24798325	175.74649057	166.80950202
16.69000000	157.53088547	170.44668779	177.81811121	167.47802521	157.47045823	175.64656605	167.46848090	158.86312708	173.20081586	174.95946529	163.37901938	161.24075733	175.74877684	166.79948669
16.69500000	157.20140263	170.43841240	177.85618129	167.46610704	157.45742830	175.64993154	167.45819799	158.86423482	173.18441666	174.96951340	163.38569320	161.23366653	175.75188195	166.78991828
16.70000000	156.86170145	170.42613711	177.89426397	167.45388920	157.44514306	175.65235743	167.44842640	158.86530876	173.16809252	174.97962338	163.39123455	161.22673897	175.75576916	166.78073718
16.70500000	156.51211944	170.40981314	177.93231431	167.44142346	157.43362171	175.65384108	167.43918650	158.86632591	173.15184645	174.98977321	163.39566439	161.22000310	175.76039931	166.77188288
16.71000000	156.15301495	170.38940217	177.97028486	167.42875973	157.42288158	175.65438115	167.43049570	158.86726192	173.13568097	174.99993960	163.39900658	161.21348760	175.76573098	166.76329436
16.71500000	155.78476655	170.36487656	178.00812550	167.41594594	157.41293807	175.65397770	167.42236839	158.86809113	173.11959814	175.01009816	163.40128772	161.20722128	175.77172070	166.75491039
16.72000000	155.40777230	170.33621941	178.04578314	167.40302787	157.40380453	175.65263220	167.41481583	158.86878669	173.10359962	175.02022346	163.40253712	161.20123305	175.77832316	166.74666989
16.72500000	155.02244906	170.30342467	178.08320156	167.39004908	157.39549224	175.65034759	167.40784617	158.86932063	173.08768674	175.03028925	163.40278663	161.19555180	175.78549138	166.73851222
16.73000000	154.62923166	170.26649718	178.12032113	167.37705073	157.38801029	175.64712827	167.40146439	158.86966399	173.07186050	175.04026853	163.40207061	161.19020632	175.79317699	166.73037759
16.73500000	154.22857203	170.22545261	178.15707868	167.36407154	157.38136555	175.64298018	167.39567233	158.86978700	173.05612168	175.05013375	163.40042573	161.18522526	175.80133040	166.72220731
16.74000000	153.82093828	170.18031746	178.19340724	167.35114770	157.37556259	175.63791079	167.39046872	158.86965916	173.04047088	175.05985690	163.39789089	161.18063700	175.80990107	166.71394415
16.74500000	153.40681366	170.13112882	178.22923597	167.33831282	157.37060369	175.63192907	167.38584930	158.86924948	173.02490858	175.06940971	163.39450709	161.17646962	175.81883769	166.70553261
16.75000000	152.98669548	170.07793429	178.26448996	167.32559788	157.36648875	175.62504556	167.38180681	158.86852663	173.00943521	175.07876374	163.39031726	161.17275077	175.82808843	166.69691925
16.75500000	152.56109398	170.02079165	178.29909024	167.31303122	157.36321532	175.61727234	167.37833120	158.86745917	172.99405122	175.08789054	163.38536612	161.16950764	175.83760120	166.68805292
16.76000000	152.13053106	169.95976864	178.33295377	167.30063853	157.36077858	175.60862298	167.37540973	158.86601572	172.97875712	175.09676181	163.37970004	161.16676687	175.84732380	166.67888505
16.76500000	151.69553900	169.89494255	178.36599350	167.28844284	157.35917133	175.59911256	167.37302710	158.86416524	172.96355359	175.10534947	163.37336687	161.16455447	175.85720420	166.66936988
16.77000000	151.25665910	169.82639987	178.39811863	167.27646461	157.35838405	175.58875764	167.37116570	158.86187722	172.94844149	175.11362585	163.36641577	161.16289573	175.86719068	166.65946466
16.77500000	150.81444027	169.75423581	178.42923486	167.26472171	157.35840490	175.57757623	167.36980575	158.85912194	172.93342196	175.12156375	163.35889704	161.16181520	175.87723213	166.64912985
16.78000000	150.36943752	169.67855388	178.45924489	167.25322950	157.35921978	175.56558772	167.36892555	158.85587076	172.91849648	175.12913661	163.35086197	161.16133656	175.88727812	166.63832929
16.78500000	149.92221044	169.59946533	178.48804902	167.24200091	157.36081238	175.55281288	167.36850169	158.85209633	172.90366687	175.13631856	163.34236262	161.16148259	175.89727916	166.62703036
16.79000000	149.47332167	169.51708868	178.51554594	167.23104653	157.36316426	175.53927377	167.36850932	158.84777290	172.88893541	175.14308455	163.33345170	161.16227510	175.90718687	166.61520405
16.79500000	149.02333528	169.43154907	178.54163372	167.22037467	157.36625495	175.52499370	167.36892240	158.84287654	172.87430485	175.14941041	163.32418235	161.16373485	175.91695407	166.60282512
16.80000000	148.57281516	169.34297782	178.56621095	167.20999150	157.37006199	175.50999720	167.36971395	158.83738544	172.85977842	175.15527297	163.31460795	161.16588149	175.92653499	166.58987207
16.80500000	148.12232341	169.25151173	178.58917817	167.19990115	157.37456106	175.49430989	167.37085634	158.83128017	172.84535994	175.16065012	163.30478198	161.16873352	175.93588536	166.57632730
16.81000000	147.67241872	169.15729261	178.61043937	167.19010584	157.37972609	175.47795849	167.37232157	158.82454392	172.83105375	175.16552086	163.29475781	161.17230819	175.94496255	166.56217703
16.81500000	147.22365474	169.06046664	178.62990370	167.18060598	157.38552940	175.46097068	167.37408154	158.81716273	172.81686481	175.16986540	163.28458851	161.17662148	175.95372567	166.54741133
16.82000000	146.77657856	168.96118382	178.64748732	167.17140032	157.39194174	175.44337509	167.37610832	158.80912576	172.80279867	175.17366517	163.27432672	161.18168805	175.96213569	166.53202410
16.82500000	146.33172908	168.85959744	178.66311527	167.16248610	157.39893253	175.42520117	167.37837444	158.80042548	172.78886146	175.17690294	163.26402438	161.18752115	175.97015547	166.51601302
16.83000000	145.88963558	168.75586354	178.67672330	167.15385912	157.40646990	175.40647915	167.38085315	158.79105789	172.77505992	175.17956280	163.25373263	161.19413261	175.97774990	166.49937948
16.83500000	145.45081624	168.65014037	178.68825971	167.14551396	157.41452087	175.38723996	167.38351867	158.78102268	172.76140138	175.18163024	163.24350162	161.20153277	175.98488594	166.48212847
16.84000000	145.01577676	168.54258793	178.69768689	167.13744405	157.42305149	175.36751514	167.38634642	158.77032340	172.74789369	175.18309221	163.23338028	161.20973045	175.99153267	166.46426850
16.84500000	144.58500905	168.43336747	178.70498266	167.12964183	157.43202699	175.34733679	167.38931329	158.75896759	172.73454528	175.18393713	163.22341622	161.21873289	175.99766133	166.44581151
16.85000000	144.15898999	168.32264109	178.71014125	167.12209887	157.44141190	175.32673747	167.39239785	158.74696692	172.72136504	175.18415492	163.21365549	161.22854574	176.00324542	166.42677268
16.85500000	143.73818031	168.21057127	178.71317385	167.11480601	157.45117018	175.30575012	167.39558052	158.73433723	172.70836231	175.18373707	163.20414249	161.23917299	176.00826066	166.40717032
16.86000000	143.32302348	168.09732051	178.71410873	167.10775344	157.46126545	175.28440804	167.39884376	158.72109864	172.69554684	175.18267663	163.19491974	161.25061696	176.01268504	166.38702573
16.86500000	142.91394481	167.98305097	178.71299087	167.10093087	157.47166102	175.26274474	167.40217224	158.70727555	172.68292871	175.18096828	163.18602778	161.26287825	176.01649886	166.36636302
16.87000000	142.51135052	167.86792411	178.70988118	167.09432762	157.48232013	175.24079395	167.40555297	158.69289669	172.67051830	175.17860832	163.17750500	161.27595572	176.01968469	166.34520893
16.87500000	142.11562701	167.75210035	178.70485527	167.08793270	157.49320601	175.21858949	167.40897542	158.67799507	172.65832616	175.17559474	163.16938750	161.28984646	176.02222742	166.32359270
16.88000000	141.72714016	167.63573886	178.69800192	167.08173495	157.50428208	175.19616525	167.41243160	158.66260792	172.64636300	175.17192718	163.16170898	161.30454577	176.02411422	166.30154585
16.88500000	141.34623478	167.51899717	178.68942126	167.07572311	157.51551205	175.17355511	167.41591610	158.64677669	172.63463959	175.16760701	163.15450059	161.32004712	176.02533454	166.27910204
16.89000000	140.97323410	167.40203103	178.67922283	167.06988589	157.52686004	175.15079285	167.41942617	158.63054688	172.62316666	175.16263733	163.14779089	161.33634217	176.02588009	166.25629685
16.89500000	140.60843942	167.28499409	178.66752355	167.06421210	157.53829073	175.12791214	167.42296171	158.61396793	172.61195481	175.15702297	163.14160566	161.35342071	176.02574478	166.23316764
16.90000000	140.25212979	167.16803771	178.65444563	167.05869067	157.54976947	175.10494645	167.42652524	158.59709309	172.60101449	175.15077054	163.13596792	161.37127069	176.02492476	166.20975335
16.90500000	139.90456179	167.05131079	178.64011468	167.05331075	157.56126238	175.08192901	167.43012190	158.57997921	172.59035582	175.14388839	163.13089779	161.38987817	176.02341828	166.18609434
16.91000000	139.56596946	166.93495952	178.62465787	167.04806173	157.57273647	175.05889273	167.43375932	158.56268655	172.57998856	175.13638669	163.12641246	161.40922739	176.02122572	166.16223217
16.91500000	139.23656420	166.81912723	178.60820225	167.04293336	157.58415974	175.03587017	167.43744759	158.54527853	172.56992199	175.12827737	163.12252618	161.42930069	176.01834950	166.13820950
16.92000000	138.91653483	166.70395424	178.59087336	167.03791572	157.59550126	175.01289348	167.44119912	158.52782150	172.56016486	175.11957415	163.11925020	161.45007860	176.01479400	166.11406988
16.92500000	138.60604767	166.58957766	178.57279393	167.03299934	157.60673128	174.98999436	167.44502849	158.51038439	172.55072525	175.11029254	163.11659277	161.47153980	176.01056553	166.08985756
16.93000000	138.30524672	166.47613124	178.55408285	167.02817516	157.61782131	174.96720398	167.44895232	158.49303849	172.54161052	175.10044981	163.11455916	161.49366118	176.00567222	166.06561737
16.93500000	138.01425390	166.36374527	178.53485433	167.02343460	157.62874417	174.94455297	167.45298905	158.47585707	172.53282724	175.09006503	163.11315168	161.51641783	176.00012396	166.04139456
16.94000000	137.73316927	166.25254637	178.51521724	167.01876960	157.63947411	174.92207134	167.45715880	158.45891503	172.52438106	175.07915897	163.11236969	161.53978312	175.99393229	166.01723458
16.94500000	137.46207141	166.14265739	178.49527459	167.01417260	157.64998683	174.89978846	167.46148311	158.44228858	172.51627670	175.06775416	163.11220969	161.56372872	175.98711032	165.99318298
16.95000000	137.20101778	166.03419725	178.47512314	167.00963658	157.66025957	174.87773300	167.46598474	158.42605482	172.50851784	175.05587477	163.11266535	161.58822463	175.97967262	165.96928524
16.95500000	136.95004512	165.92728083	178.45485320	167.00515507	157.67027114	174.85593291	167.47068742	158.41029139	172.50110706	175.04354666	163.11372760	161.61323930	175.97163512	165.94558660
16.96000000	136.70916990	165.82201881	178.43454845	167.00072214	157.68000199	174.83441535	167.47561562	158.39507605	172.49404580	175.03079725	163.11538472	161.63873961	175.96301499	165.92213189
16.96500000	136.47838883	165.71851757	178.41428585	166.99633243	157.68943424	174.81320665	167.48079430	158.38048630	172.48733431	175.01765552	163.11762243	161.66469099	175.95383059	165.89896541
16.97000000	136.25767935	165.61687902	178.39413573	166.99198114	157.69855173	174.79233230	167.48624864	158.36659894	172.48097158	175.00415192	163.12042398	161.69105751	175.94410126	165.87613077
16.97500000	136.04700018	165.51720053	178.37416176	166.98766400	157.70734004	174.77181691	167.49200382	158.35348973	172.47495535	174.99031831	163.12377032	161.71780189	175.93384730	165.85367070
16.98000000	135.84629190	165.41957474	178.35442108	166.98337731	157.71578655	174.75168412	167.49808475	158.34123291	172.46928204	174.97618782	163.12764020	161.74488570	175.92308981	165.83162695
16.98500000	135.65547749	165.32408951	178.33496449	166.97911787	157.72388040	174.73195665	167.50451584	158.32990089	172.46394676	174.96179487	163.13201029	161.77226935	175.91185062	165.81004010
16.99000000	135.47446300	165.23082776	178.31583653	166.97488302	157.73161257	174.71265618	167.51132076	158.31956382	172.45894327	174.94717493	163.13685535	161.79991224	175.90015213	165.78894945
16.99500000	135.30313817	165.13986737	178.29707571	166.97067060	157.73897585	174.69380339	167.51852223	158.31028923	172.45426402	174.93236453	163.14214840	161.82777288	175.88801726	165.76839285
17.00000000	135.14137703	165.05128106	178.27871474	166.96647894	157.74596487	174.67541787	167.52614186	158.30214170	172.44990013	174.91740106	163.14786082	161.85580896	175.87546933	165.74840658
17.00500000	134.98903862	164.96513633	178.26078071	166.96230679	157.75257608	174.65751812	167.53419987	158.29518251	172.44584139	174.90232268	163.15396258	161.88397752	175.86253194	165.72902525
17.01000000	134.84596764	164.88149532	178.24329530	166.95815337	157.75880773	174.64012149	167.54271505	158.28946934	172.44207633	174.88716817	163.16042239	161.91223499	175.84922892	165.71028165
17.01500000	134.71199515	164.80041473	178.22627508	166.95401828	157.76465992	174.62324419	167.55170450	158.28505600	172.43859221	174.87197680	163.16720786	161.94053741	175.83558419	165.69220663
17.02000000	134.58693930	164.72194579	178.20973173	166.94990151	157.77013449	174.60690123	167.56118361	158.28199216	172.43537511	174.85678815	163.17428570	161.96884048	175.82162175	165.67482906
17.02500000	134.47060603	164.64613411	178.19367226	166.94580337	157.77523505	174.59110636	167.57116586	158.28032313	172.43240990	174.84164199	163.18162189	161.99709972	175.80736550	165.65817570
17.03000000	134.36278982	164.57301967	178.17809931	166.94172450	157.77996693	174.57587213	167.58166285	158.28008966	172.42968041	174.82657812	163.18918187	162.02527061	175.79283927	165.64227115
17.03500000	134.26327443	164.50263680	178.16301143	166.93766578	157.78433716	174.56120978	167.59268415	158.28132778	172.42716939	174.81163615	163.19693071	162.05330870	175.77806668	165.62713778
17.04000000	134.17183371	164.43501406	178.14840331	166.93362834	157.78835439	174.54712924	167.60423732	158.28406864	172.42485866	174.79685541	163.20483333	162.08116977	175.76307110	165.61279569
17.04500000	134.08823229	164.37017429	178.13426607	166.92961349	157.79202884	174.53363914	167.61632785	158.28833843	172.42272915	174.78227472	163.21285464	162.10880994	175.74787563	165.59926269
17.05000000	134.01222645	164.30813460	178.12058758	166.92562271	157.79537228	174.52074675	167.62895920	158.29415827	172.42076102	174.76793224	163.22095975	162.13618582	175.73250300	165.58655428
17.05500000	133.94356487	164.24890632	178.10735272	166.92165757	157.79839793	174.50845798	167.64213278	158.30154419	172.41893372	174.75386532	163.22911411	162.16325465	175.71697555	165.57468362
17.06000000	133.88198946	164.19249510	178.09454365	166.91771974	157.80112039	174.49677738	167.65584799	158.31050704	172.41722612	174.74011029	163.23728374	162.18997441	175.70131523	165.56366158
17.06500000	133.82723613	164.13890091	178.08214018	166.91381091	157.80355558	174.48570813	167.67010226	158.32105256	172.41561659	174.72670232	163.24543534	162.21630399	175.68554353	165.55349676
17.07000000	133.77903565	164.08811811	178.07011998	166.90993277	157.80572064	174.47525202	167.68489108	158.33318134	172.41408315	174.71367526	163.25353649	162.24220329	175.66968150	165.54419549
17.07500000	133.73711447	164.04013554	178.05845898	166.90608695	157.80763383	174.46540946	167.70020807	158.34688888	172.41260353	174.70106149	163.26155577	162.26763334	175.65374971	165.53576193
17.08000000	133.70119549	163.99493660	178.04713158	166.90227505	157.80931450	174.45617951	167.71604503	158.36216566	172.41115530	174.68889175	163.26946292	162.29255647	175.63776827	165.52819810
17.08500000	133.67099894	163.95249943	178.03611103	166.89849851	157.81078289	174.44755986	167.73239201	158.37899717	172.40971602	174.67719502	163.27722897	162.31693637	175.62175683	165.52150397
17.09000000	133.64624320	163.91279697	178.02536969	166.89475866	157.81206011	174.43954686	167.74923738	158.39736406	172.40826332	174.66599840	163.28482635	162.34073827	175.60573462	165.51567753
17.09500000	133.62664555	163.87579719	178.01487933	166.89105665	157.81316800	174.43213556	167.76656789	158.41724221	172.40677502	174.65532697	163.29222901	162.36392898	175.58972041	165.51071491
17.10000000	133.61192306	163.84146321	178.00461145	166.88739344	157.81412898	174.42531970	167.78436872	158.43860287	172.40522926	174.64520369	163.29941252	162.38647706	175.57373258	165.50661048
17.10500000	133.60179333	163.80975357	177.99453753	166.88376974	157.81496602	174.41909176	167.80262360	158.46141277	172.40360462	174.63564933	163.30635412	162.40835289	175.55778914	165.50335695
17.11000000	133.59597531	163.78062240	177.98462934	166.88018606	157.81570243	174.41344301	167.82131482	158.48563432	172.40188021	174.62668238	163.31303285	162.42952875	175.54190778	165.50094550
17.11500000	133.59419006	163.75401967	177.97485918	166.87664263	157.81636178	174.40836354	167.84042334	158.51122570	172.40003581	174.61831896	163.31942955	162.44997894	175.52610588	165.49936596
17.12000000	133.59616151	163.72989145	177.96520014	166.87313939	157.81696778	174.40384227	167.85992880	158.53814108	172.39805196	174.61057280	163.32552693	162.46967985	175.51040057	165.49860688
17.12500000	133.60161717	163.70818016	177.95562631	166.86967602	157.81754412	174.39986706	167.87980965	158.56633080	172.39591006	174.60345519	163.33130959	162.48860999	175.49480880	165.49865575
17.13000000	133.61028890	163.68882491	177.94611303	166.86625190	157.81811439	174.39642472	167.90004312	158.59574152	172.39359250	174.59697497	163.33676406	162.50675013	175.47934736	165.49949912
17.13500000	133.62191352	163.67176172	177.93663706	166.86286609	157.81870191	174.39350106	167.92060533	158.62631642	172.39108273	174.59113849	163.34187877	162.52408331	175.46403295	165.50112275
17.14000000	133.63623352	163.65692390	177.92717677	166.85951737	157.81932962	174.39108096	167.94147133	158.65799541	172.38836535	174.58594964	163.34664406	162.54059487	175.44888224	165.50351182
17.14500000	133.65299768	163.64424233	177.91771226	166.85620421	157.82001996	174.38914845	167.96261514	158.69071533	172.38542622	174.58140985	163.35105217	162.55627254	175.43391192	165.50665107
17.15000000	133.67196167	163.63364580	177.90822552	166.85292480	157.82079477	174.38768672	167.98400975	158.72441013	172.38225253	174.57751815	163.35509721	162.57110646	175.41913879	165.51052494
17.15500000	133.69288858	163.62506134	177.89870048	166.84967702	157.82167513	174.38667822	168.00562725	158.75901110	172.37883287	174.57427116	163.35877512	162.58508918	175.40457977	165.51511781
17.16000000	133.71554949	163.61841455	177.88912316	166.84645849	157.82268129	174.38610470	168.02743877	158.79444706	172.37515728	174.57166317	163.36208364	162.59821568	175.39025200	165.52041409
17.16500000	133.73972391	163.61362997	177.87948162	166.84326660	157.82383256	174.38594727	168.04941460	158.83064457	172.37121735	174.56968622	163.36502226	162.61048340	175.37617286	165.52639840
17.17000000	133.76520027	163.61063135	177.86976607	166.84009847	157.82514721	174.38618651	168.07152417	158.86752812	172.36700625	174.56833013	163.36759218	162.62189220	175.36236007	165.53305575
17.17500000	133.79177630	163.60934206	177.85996882	166.83695104	157.82664239	174.38680246	168.09373612	158.90502036	172.36251876	174.56758259	163.36979626	162.63244438	175.34883166	165.54037163
17.18000000	133.81925940	163.60968535	177.85008425	166.83382107	157.82833406	174.38777473	168.11601832	158.94304228	172.35775133	174.56742926	163.37163900	162.64214462	175.33560609	165.54833217
17.18500000	133.84746696	163.61158471	177.84010880	166.83070517	157.83023692	174.38908255	168.13833790	158.98151342	172.35270211	174.56785385	163.37312642	162.65099999	175.32270221	165.55692425
17.19000000	133.87622665	163.61496417	177.83004085	166.82759984	157.83236435	174.39070483	168.16066133	159.02035206	172.34737094	174.56883823	163.37426612	162.65901987	175.31013932	165.56613561
17.19500000	133.90537663	163.61974860	177.81988067	166.82450154	157.83472839	174.39262022	168.18295441	159.05947541	172.34175940	174.57036251	163.37506715	162.66621591	175.29793718	165.57595491
17.20000000	133.93476576	163.62586396	177.80963029	166.82140666	157.83733967	174.39480716	168.20518235	159.09879978	172.33587077	174.57240518	163.37554005	162.67260199	175.28611600	165.58637182
17.20500000	133.96425374	163.63323762	177.79929340	166.81831164	157.84020743	174.39724395	168.22730979	159.13824082	172.32971005	174.57494318	163.37569677	162.67819412	175.27469641	165.59737707
17.21000000	133.99371120	163.64179856	177.78887519	166.81521298	157.84333947	174.39990880	168.24930089	159.17771362	172.32328395	174.57795206	163.37555066	162.68301039	175.26369950	165.60896250
17.21500000	134.02301980	163.65147764	177.77838225	166.81210729	157.84674220	174.40277991	168.27111931	159.21713296	172.31660083	174.58140608	163.37511644	162.68707086	175.25314674	165.62112105
17.22000000	134.05207219	163.66220779	177.76782236	166.80899131	157.85042058	174.40583545	168.29272833	159.25641345	172.30967072	174.58527831	163.37441021	162.69039750	175.24305994	165.63384678
17.22500000	134.08077205	163.67392419	177.75720438	166.80586201	157.85437821	174.40905372	168.31409087	159.29546966	172.30250522	174.58954080	163.37344941	162.69301406	175.23346124	165.64713486
17.23000000	134.10903396	163.68656446	177.74653808	166.80271660	157.85861729	174.41241312	168.33516957	159.33421637	172.29511748	174.59416464	163.37225282	162.69494599	175.22437301	165.66098152
17.23500000	134.13678337	163.70006880	177.73583399	166.79955256	157.86313871	174.41589221	168.35592680	159.37256864	172.28752216	174.59912017	163.37084056	162.69622031	175.21581780	165.67538402
17.24000000	134.16395639	163.71438010	177.72510321	166.79636769	157.86794206	174.41946980	168.37632482	159.41044204	172.27973532	174.60437705	163.36923404	162.69686551	175.20781828	165.69034058
17.24500000	134.19049969	163.72944407	177.71435728	166.79316018	157.87302566	174.42312496	168.39632574	159.44775273	172.27177439	174.60990439	163.36745604	162.69691144	175.20039713	165.70585030
17.25000000	134.21637021	163.74520928	177.70360807	166.78992857	157.87838663	174.42683707	168.41589166	159.48441770	172.26365805	174.61567091	163.36553060	162.69638915	175.19357696	165.72191308
17.25500000	134.24153500	163.76162725	177.69286756	166.78667185	157.88402095	174.43058590	168.43498474	159.52035481	172.25540620	174.62164508	163.36348310	162.69533079	175.18738023	165.73852953
17.26000000	134.26597087	163.77865246	177.68214776	166.78338942	157.88992346	174.43435160	168.45356725	159.55548304	172.24703979	174.62779522	163.36134018	162.69376951	175.18182913	165.75570082
17.26500000	134.28966415	163.79624241	177.67146060	166.78008115	157.89608798	174.43811476	168.47160165	159.58972255	172.23858081	174.63408965	163.35912979	162.69173926	175.17694549	165.77342861
17.27000000	134.31261034	163.81435756	177.66081778	166.77674736	157.90250730	174.44185648	168.48905070	159.62299486	172.23005212	174.64049684	163.35688109	162.68927471	175.17275067	165.79171488
17.27500000	134.33481374	163.83296136	177.65023069	166.77338885	157.90917329	174.44555838	168.50587754	159.65522298	172.22147736	174.64698554	163.35462453	162.68641110	175.16926545	165.81056182
17.28000000	134.35628710	163.85202016	177.63971032	166.77000688	157.91607687	174.44920262	168.52204575	159.68633151	172.21288088	174.65352488	163.35239173	162.68318412	175.16650992	165.82997166
17.28500000	134.37705119	163.87150322	177.62926721	166.76660316	157.92320814	174.45277200	168.53751947	159.71624684	172.20428758	174.66008455	163.35021548	162.67962973	175.16450337	165.84994659
17.29000000	134.39713441	163.89138256	177.61891134	166.76317985	157.93055636	174.45624991	168.55226350	159.74489720	172.19572279	174.66663491	163.34812974	162.67578409	175.16326419	165.87048854
17.29500000	134.41657236	163.91163298	177.60865213	166.75973955	157.93811003	174.45962045	168.56624337	159.77221283	172.18721220	174.67314711	163.34616952	162.67168340	175.16280970	165.89159906
17.30000000	134.43540735	163.93223186	177.59849836	166.75628526	157.94585690	174.46286839	168.57942545	159.79812609	172.17878170	174.67959322	163.34437089	162.66736374	175.16315614	165.91327920
17.30500000	134.45368797	163.95315912	177.58845820	166.75282033	157.95378400	174.46597922	168.59177706	159.82257156	172.17045728	174.68594635	163.34277090	162.66286100	175.16431846	165.93552933
17.31000000	134.47146859	163.97439710	177.57853916	166.74934850	157.96187772	174.46893922	168.60326656	159.84548618	172.16226491	174.69218074	163.34140753	162.65821070	175.16631029	165.95834901
17.31500000	134.48880890	163.99593042	177.56874809	166.74587378	157.97012375	174.47173543	168.61386343	159.86680932	172.15423041	174.69827191	163.34031960	162.65344792	175.16914377	165.98173682
17.32000000	134.50577338	164.01774587	177.55909123	166.74240049	157.97850721	174.47435569	168.62353842	159.88648293	172.14637933	174.70419671	163.33954673	162.64860713	175.17282952	166.00569030
17.32500000	134.52243085	164.03983226	177.54957417	166.73893317	157.98701259	174.47678869	168.63226359	159.90445159	172.13873687	174.70993343	163.33912923	162.64372210	175.17737648	166.03020574
17.33000000	134.53885391	164.06218029	177.54020196	166.73547657	157.99562380	174.47902396	168.64001247	159.92066266	172.13132773	174.71546190	163.33910803	162.63882582	175.18279185	166.05527809
17.33500000	134.55511847	164.08478239	177.53097908	166.73203558	158.00432424	174.48105190	168.64676011	159.93506629	172.12417601	174.72076352	163.33952460	162.63395032	175.18908099	166.08090084
17.34000000	134.57130323	164.10763261	177.52190953	166.72861525	158.01309677	174.48286379	168.65248318	159.94761560	172.11730511	174.72582136	163.34042083	162.62912665	175.19624735	166.10706593
17.34500000	134.58748921	164.13072645	177.51299685	166.72522069	158.02192373	174.48445183	168.65716010	159.95826670	172.11073763	174.73062023	163.34183893	162.62438474	175.20429239	166.13376360
17.35000000	134.60375917	164.15406070	177.50424421	166.72185710	158.03078704	174.48580912	168.66077109	159.96697877	172.10449526	174.73514668	163.34382133	162.61975332	175.21321546	166.16098237
17.35500000	134.62019720	164.17763331	177.49565445	166.71852969	158.03966816	174.48692968	168.66329827	159.97371418	172.09859871	174.73938907	163.34641058	162.61525983	175.22301382	166.18870887
17.36000000	134.63688820	164.20144323	177.48723016	166.71524368	158.04854818	174.48780848	168.66472575	159.97843850	172.09306760	174.74333757	163.34964918	162.61093036	175.23368249	166.21692784
17.36500000	134.65391738	164.22549024	177.47897372	166.71200427	158.05740781	174.48844140	168.66503970	159.98112063	172.08792037	174.74698425	163.35357947	162.60678958	175.24521425	166.24562204
17.37000000	134.67136982	164.24977483	177.47088741	166.70881664	158.06622748	174.48882530	168.66422842	159.98173282	172.08317426	174.75032299	163.35824350	162.60286065	175.25759956	166.27477219
17.37500000	134.68933001	164.27429803	177.46297340	166.70568592	158.07498735	174.48895795	168.66228241	159.98025076	172.07884516	174.75334956	163.36368288	162.59916519	175.27082654	166.30435693
17.38000000	134.70788140	164.29906126	177.45523390	166.70261720	158.08366737	174.48883809	168.65919445	159.97665362	172.07494761	174.75606158	163.36993862	162.59572322	175.28488090	166.33435283
17.38500000	134.72710597	164.32406616	177.44767112	166.69961551	158.09224735	174.48846537	168.65495962	159.97092414	172.07149474	174.75845852	163.37705098	162.59255312	175.29974594	166.36473429
17.39000000	134.74708385	164.34931449	177.44028742	166.69668580	158.10070702	174.48784040	168.64957540	159.96304865	172.06849817	174.76054165	163.38505929	162.58967158	175.31540250	166.39547362
17.39500000	134.76789290	164.37480790	177.43308526	166.69383302	158.10902607	174.48696469	168.64304167	159.95301717	172.06596803	174.76231405	163.39400178	162.58709359	175.33182896	166.42654099
17.40000000	134.78960835	164.40054784	177.42606732	166.69106203	158.11718425	174.48584070	168.63536075	159.94082342	172.06391289	174.76378053	163.40391543	162.58483238	175.34900123	166.45790446
17.40500000	134.81230245	164.42653539	177.41923645	166.68837768	158.12516144	174.48447175	168.62653746	159.92646490	172.06233974	174.76494761	163.41483575	162.58289946	175.36689271	166.48953004
17.41000000	134.83604416	164.45277111	177.41259576	166.68578479	158.13293770	174.48286206	168.61657913	159.90994295	172.06125397	174.76582344	163.42679661	162.58130457	175.38547434	166.52138167
17.41500000	134.86089884	164.47925485	177.40614858	166.68328817	158.14049335	174.48101673	168.60549559	159.89126275	172.06065936	174.76641776	163.43983006	162.58005568	175.40471458	166.55342136
17.42000000	134.88692796	164.50598566	177.39989848	166.68089265	158.14780910	174.47894167	168.59329920	159.87043343	172.06055809	174.76674185	163.45396612	162.57915901	175.42457944	166.58560919
17.42500000	134.91418888	164.53296158	177.39384926	166.67860305	158.15486607	174.47664364	168.58000486	159.84746808	172.06095069	174.76680838	163.46923261	162.57861901	175.44503250	166.61790339
17.43000000	134.94273460	164.56017955	177.38800492	166.67642425	158.16164588	174.47413018	168.56562998	159.82238380	172.06183613	174.76663144	163.48565494	162.57843842	175.46603496	166.65026051
17.43500000	134.97261359	164.58763517	177.38236962	166.67436117	158.16813078	174.47140957	168.55019447	159.79520174	172.06321175	174.76622637	163.50325590	162.57861825	175.48754565	166.68263541
17.44000000	135.00386962	164.61532264	177.37694765	166.67241880	158.17430368	174.46849087	168.53372075	159.76594715	172.06507336	174.76560969	163.52205552	162.57915786	175.50952114	166.71498149
17.44500000	135.03654164	164.64323457	177.37174338	166.67060220	158.18014827	174.46538379	168.51623365	159.73464938	172.06741521	174.76479905	163.54207084	162.58005493	175.53191575	166.74725072
17.45000000	135.07066365	164.67136183	177.36676116	166.66891651	158.18564909	174.46209871	168.49776044	159.70134197	172.07023005	174.76381308	163.56331574	162.58130556	175.55468166	166.77939385
17.45500000	135.10626466	164.69969342	177.36200530	166.66736698	158.19079160	174.45864667	168.47833077	159.66606261	172.07350919	174.76267134	163.58580077	162.58290430	175.57776900	166.81136052
17.46000000	135.14336863	164.72821635	177.35747993	166.66595896	158.19556228	174.45503923	168.45797657	159.62885321	172.07724251	174.76139418	163.60953293	162.58484418	175.60112591	166.84309944
17.46500000	135.18199447	164.75691553	177.35318896	166.66469790	158.19994869	174.45128853	168.43673208	159.58975990	172.08141854	174.76000269	163.63451559	162.58711682	175.62469871	166.87455854
17.47000000	135.22215610	164.78577359	177.34913595	166.66358934	158.20393957	174.44740720	168.41463368	159.54883300	172.08602452	174.75851854	163.66074826	162.58971245	175.64843197	166.90568516
17.47500000	135.26386245	164.81477087	177.34532402	166.66263894	158.20752486	174.44340830	168.39171989	159.50612710	172.09104645	174.75696395	163.68822645	162.59262002	175.67226869	166.93642623
17.48000000	135.30711759	164.84388526	177.34175574	166.66185244	158.21069581	174.43930531	168.36803126	159.46170098	172.09646917	174.75536152	163.71694157	162.59582724	175.69615039	166.96672848
17.48500000	135.35192086	164.87309219	177.33843305	166.66123565	158.21344501	174.43511204	168.34361029	159.41561760	172.10227641	174.75373418	163.74688079	162.59932068	175.72001735	166.99653860
17.49000000	135.39826700	164.90236453	177.33535709	166.66079444	158.21576647	174.43084262	168.31850129	159.36794411	172.10845092	174.75210508	163.77802691	162.60308588	175.74380871	167.02580350
17.49500000	135.44614632	164.93167259	177.33252815	166.66053471	158.21765561	174.42651142	168.29275033	159.31875174	172.11497450	174.75049749	163.81035829	162.60710740	175.76746269	167.05447049
17.50000000	135.49554496	164.96098408	177.32994553	166.66046238	158.21910936	174.42213300	168.26640510	159.26811581	172.12182811	174.74893468	163.84384877	162.61136892	175.79091679	167.08248749
17.50500000	135.54644510	164.99026417	177.32760743	166.66058332	158.22012613	174.41772208	168.23951476	159.21611559	172.12899196	174.74743986	163.87846759	162.61585336	175.81410797	167.10980328
17.51000000	135.59882523	165.01947550	177.32551087	166.66090335	158.22070587	174.41329345	168.21212986	159.16283426	172.13644560	174.74603609	163.91417938	162.62054297	175.83697286	167.13636768
17.51500000	135.65266045	165.04857825	177.32365157	166.66142816	158.22085004	174.40886195	168.18430216	159.10835874	172.14416801	174.74474612	163.95094413	162.62541942	175.85944802	167.16213182
17.52000000	135.70792280	165.07753024	177.32202388	166.66216331	158.22056166	174.40444242	168.15608450	159.05277965	172.15213772	174.74359238	163.98871718	162.63046390	175.88147014	167.18704833
17.52500000	135.76458157	165.10628702	177.32062065	166.66311412	158.21984524	174.40004959	168.12753063	158.99619106	172.16033286	174.74259683	164.02744929	162.63565727	175.90297629	167.21107159
17.53000000	135.82260368	165.13480210	177.31943322	166.66428566	158.21870685	174.39569811	168.09869510	158.93869040	172.16873132	174.74178091	164.06708664	162.64098009	175.92390413	167.23415793
17.53500000	135.88195407	165.16302702	177.31845129	166.66568266	158.21715398	174.39140244	168.06963301	158.88037825	172.17731081	174.74116542	164.10757095	162.64641278	175.94419221	167.25626585
17.54000000	135.94259607	165.19091166	177.31766291	166.66730949	158.21519562	174.38717682	168.04039993	158.82135812	172.18604900	174.74077046	164.14883955	162.65193571	175.96378016	167.27735627
17.54500000	136.00449182	165.21840439	177.31705440	166.66917003	158.21284216	174.38303524	168.01105167	158.76173625	172.19492355	174.74061532	164.19082553	162.65752931	175.98260897	167.29739269
17.55000000	136.06760273	165.24545238	177.31661032	166.67126766	158.21010533	174.37899136	167.98164412	158.70162134	172.20391228	174.74071842	164.23345790	162.66317413	176.00062122	167.31634144
17.55500000	136.13188985	165.27200188	177.31631347	166.67360519	158.20699821	174.37505848	167.95223309	158.64112432	172.21299324	174.74109725	164.27666173	162.66885099	176.01776133	167.33417184
17.56000000	136.19731436	165.29799853	177.31614485	166.67618475	158.20353511	174.37124953	167.92287410	158.58035806	172.22214479	174.74176826	164.32035839	162.67454107	176.03397578	167.35085643
17.56500000	136.26383798	165.32338768	177.31608371	166.67900779	158.19973154	174.36757698	167.89362221	158.51943708	172.23134571	174.74274681	164.36446577	162.68022597	176.04921338	167.36637110
17.57000000	136.33142347	165.34811479	177.31610753	166.68207496	158.19560414	174.36405286	167.86453189	158.45847723	172.24057525	174.74404713	164.40889846	162.68588783	176.06342543	167.38069531
17.57500000	136.40003501	165.37212575	177.31619206	166.68538609	158.19117059	174.36068867	167.83565677	158.39759540	172.24981326	174.74568223	164.45356812	162.69150939	176.07656597	167.39381220
17.58000000	136.46963870	165.39536733	177.31631142	166.68894011	158.18644955	174.35749542	167.80704952	158.33690918	172.25904024	174.74766388	164.49838363	162.69707410	176.08859199	167.40570876
17.58500000	136.54020296	165.41778757	177.31643813	166.69273503	158.18146060	174.35448352	167.77876167	158.27653652	172.26823741	174.75000252	164.54325147	162.70256619	176.09946356	167.41637596
17.59000000	136.61169901	165.43933618	177.31654321	166.69676786	158.17622411	174.35166286	167.75084345	158.21659536	172.27738678	174.75270730	164.58807600	162.70797071	176.10914404	167.42580885
17.59500000	136.68410123	165.45996501	177.31659628	166.70103457	158.17076122	174.34904269	167.72334362	158.15720330	172.28647120	174.75578598	164.63275970	162.71327363	176.11760022	167.43400667
17.60000000	136.75738759	165.47962850	177.31656574	166.70553011	158.16509371	174.34663169	167.69630931	158.09847723	172.29547442	174.75924495	164.67720360	162.71846189	176.12480243	167.44097292
17.60500000	136.83154006	165.49828406	177.31641883	166.71024830	158.15924394	174.34443789	167.66978591	158.04053298	172.30438114	174.76308917	164.72130746	162.72352345	176.13072470	167.44671543
17.61000000	136.90654495	165.51589258	177.31612185	166.71518189	158.15323477	174.34246870	167.64381688	157.98348493	172.31317704	174.76732225	164.76497020	162.72844735	176.13534477	167.45124639
17.61500000	136.98239324	165.53241884	177.31564031	166.72032250	158.14708946	174.34073089	167.61844364	157.92744564	172.32184881	174.77194633	164.80809015	162.73322372	176.13864425	167.45458235
17.62000000	137.05908096	165.54783195	177.31493917	166.72566062	158.14083158	174.33923060	167.59370546	157.87252555	172.33038419	174.77696222	164.85056537	162.73784383	176.14060857	167.45674427
17.62500000	137.13660943	165.56210578	177.31398298	166.73118566	158.13448498	174.33797332	167.56963930	157.81883256	172.33877198	174.78236930	164.89229398	162.74230013	176.14122708	167.45775742
17.63000000	137.21498553	165.57521938	177.31273614	166.73688591	158.12807363	174.33696387	167.54627973	157.76647171	172.34700204	174.78816562	164.93317444	162.74658627	176.14049303	167.45765140
17.63500000	137.29422197	165.58715734	177.31116316	166.74274862	158.12162160	174.33620646	167.52365880	157.71554483	172.35506533	174.79434788	164.97310586	162.75069705	176.13840350	167.45646001
17.64000000	137.37433744	165.59791022	177.30922885	166.74875999	158.11515294	174.33570465	167.50180598	157.66615028	172.36295386	174.80091152	165.01198828	162.75462853	176.13495942	167.45422115
17.64500000	137.45535681	165.60747487	177.30689861	166.75490523	158.10869162	174.33546135	167.48074804	157.61838253	172.37066073	174.80785072	165.04972295	162.75837793	176.13016547	167.45097672
17.65000000	137.53731124	165.61585479	177.30413869	166.76116865	158.10226147	174.33547886	167.46050903	157.57233200	172.37818008	174.81515845	165.08621260	162.76194367	176.12403001	167.44677245
17.65500000	137.62023827	165.62306039	177.30091642	166.76753366	158.09588606	174.33575884	167.44111014	157.52808467	172.38550709	174.82282656	165.12136173	162.76532536	176.11656497	167.44165771
17.66000000	137.70418188	165.62910935	177.29720048	166.77398290	158.08958865	174.33630235	167.42256975	157.48572191	172.39263794	174.83084581	165.15507681	162.76852372	176.10778571	167.43568532
17.66500000	137.78919246	165.63402677	177.29296119	166.78049830	158.08339212	174.33710982	167.40490328	157.44532020	172.39956982	174.83920594	165.18726660	162.77154065	176.09771090	167.42891130
17.67000000	137.87532682	165.63784545	177.28817070	166.78706114	158.07731889	174.33818110	167.38812329	157.40695096	172.40630084	174.84789574	165.21784230	162.77437908	176.08636237	167.42139462
17.67500000	137.96264809	165.64060609	177.28280328	166.79365219	158.07139089	174.33951541	167.37223937	157.37068032	172.41283001	174.85690312	165.24671788	162.77704301	176.07376492	167.41319695
17.68000000	138.05122557	165.64235736	177.27683552	166.80025178	158.06562946	174.34111142	167.35725820	157.33656899	172.41915723	174.86621518	165.27381020	162.77953745	176.05994617	167.40438230
17.68500000	138.14113461	165.64315611	177.27024656	166.80683993	158.06005528	174.34296720	167.34318354	157.30467211	172.42528319	174.87581829	165.29903931	162.78186834	176.04493632	167.39501676
17.69000000	138.23245636	165.64306739	177.26301823	166.81339641	158.05468839	174.34508022	167.33001630	157.27503915	172.43120937	174.88569815	165.32232861	162.78404251	176.02876801	167.38516811
17.69500000	138.32527755	165.64216453	177.25513528	166.81990091	158.04954806	174.34744742	167.31775455	157.24771381	172.43693794	174.89583988	165.34360507	162.78606763	176.01147607	167.37490552
17.70000000	138.41969014	165.64052914	177.24658551	166.82633309	158.04465282	174.35006513	167.30639359	157.22273392	172.44247176	174.90622806	165.36279940	162.78795214	175.99309733	167.36429915
17.70500000	138.51579102	165.63825110	177.23735986	166.83267274	158.04002038	174.35292914	167.29592606	157.20013148	172.44781429	174.91684685	165.37984629	162.78970517	175.97367043	167.35341978
17.71000000	138.61368159	165.63542855	177.22745254	166.83889988	158.03566760	174.35603468	167.28634197	157.17993258	172.45296952	174.92768001	165.39468453	162.79133648	175.95323555	167.34233845
17.71500000	138.71346735	165.63216774	177.21686108	166.84499485	158.03161051	174.35937640	167.27762884	157.16215741	172.45794198	174.93871098	165.40725724	162.79285641	175.93183427	167.33112606
17.72000000	138.81525741	165.62858298	177.20558636	166.85093841	158.02786423	174.36294843	167.26977180	157.14682032	172.46273660	174.94992294	165.41751199	162.79427576	175.90950932	167.31985301
17.72500000	138.91916399	165.62479651	177.19363266	166.85671189	158.02444303	174.36674432	167.26275369	157.13392983	172.46735873	174.96129889	165.42540100	162.79560575	175.88630442	167.30858877
17.73000000	139.02530184	165.62093832	177.18100761	166.86229725	158.02136027	174.37075708	167.25655519	157.12348872	172.47181402	174.97282164	165.43088127	162.79685794	175.86226404	167.29740159
17.73500000	139.13378767	165.61714597	177.16772216	166.86767718	158.01862844	174.37497918	167.25115500	157.11549411	172.47610841	174.98447392	165.43391474	162.79804413	175.83743328	167.28635806
17.74000000	139.24473951	165.61356441	177.15379053	166.87283520	158.01625914	174.37940254	167.24652990	157.10993756	172.48024810	174.99623842	165.43446843	162.79917632	175.81185765	167.27552280
17.74500000	139.35827603	165.61034574	177.13923013	166.87775573	158.01426311	174.38401855	167.24265494	157.10680518	172.48423941	175.00809778	165.43251455	162.80026660	175.78558294	167.26495813
17.75000000	139.47451586	165.60764897	177.12406141	166.88242421	158.01265024	174.38881807	167.23950360	157.10607775	172.48808883	175.02003467	165.42803064	162.80132710	175.75865506	167.25472374
17.75500000	139.59357681	165.60563976	177.10830782	166.88682709	158.01142961	174.39379145	167.23704788	157.10773090	172.49180294	175.03203183	165.42099969	162.80236991	175.73111992	167.24487638
17.76000000	139.71557514	165.60449015	177.09199559	166.89095200	158.01060948	174.39892848	167.23525851	157.11173523	172.49538833	175.04407204	165.41141020	162.80340701	175.70302328	167.23546961
17.76500000	139.84062474	165.60437827	177.07515364	166.89478773	158.01019738	174.40421850	167.23410506	157.11805647	172.49885164	175.05613824	165.39925633	162.80445018	175.67441067	167.22655356
17.77000000	139.96883632	165.60548805	177.05781338	166.89832430	158.01020006	174.40965029	167.23355613	157.12665565	172.50219946	175.06821345	165.38453793	162.80551095	175.64532728	167.21817465
17.77500000	140.10031654	165.60800886	177.04000857	166.90155303	158.01062360	174.41521220	167.23357942	157.13748929	172.50543830	175.08028089	165.36726060	162.80660054	175.61581788	167.21037545
17.78000000	140.23516711	165.61213523	177.02177510	166.90446655	158.01147340	174.42089207	167.23414198	157.15050955	172.50857462	175.09232393	165.34743580	162.80772980	175.58592676	167.20319448
17.78500000	140.37348395	165.61806650	177.00315088	166.90705881	158.01275424	174.42667728	167.23521025	157.16566446	172.51161472	175.10432616	165.32508083	162.80890913	175.55569764	167.19666607
17.79000000	140.51535621	165.62600645	176.98417556	166.90932518	158.01447031	174.43255478	167.23675027	157.18289803	172.51456479	175.11627135	165.30021886	162.81014841	175.52517365	167.19082026
17.79500000	140.66086537	165.63616296	176.96489044	166.91126235	158.01662521	174.43851109	167.23872776	157.20215050	172.51743085	175.12814354	165.27287896	162.81145701	175.49439731	167.18568269
17.80000000	140.81008431	165.64874763	176.94533820	166.91286842	158.01922206	174.44453230	167.24110831	157.22335847	172.52021874	175.13992702	165.24309607	162.81284368	175.46341044	167.18127458
17.80500000	140.96307628	165.66397537	176.92556279	166.91414289	158.02226347	174.45060415	167.24385743	157.24645513	172.52293411	175.15160635	165.21091095	162.81431650	175.43225422	167.17761266
17.81000000	141.11989401	165.68206404	176.90560918	166.91508659	158.02575159	174.45671199	167.24694071	157.27137041	172.52558241	175.16316641	165.17637019	162.81588289	175.40096913	167.17470924
17.81500000	141.28057871	165.70323402	176.88552322	166.91570172	158.02968816	174.46284083	167.25032393	157.29803118	172.52816888	175.17459239	165.13952607	162.81754950	175.36959495	167.17257217
17.82000000	141.44515909	165.72770775	176.86535144	166.91599181	158.03407448	174.46897538	167.25397316	157.32636141	172.53069855	175.18586981	165.10043651	162.81932225	175.33817078	167.17120496
17.82500000	141.61365043	165.75570933	176.84514092	166.91596168	158.03891151	174.47510004	167.25785485	157.35628237	172.53317623	175.19698460	165.05916496	162.82120621	175.30673506	167.17060681
17.83000000	141.78605358	165.78746397	176.82493905	166.91561742	158.04419984	174.48119898	167.26193592	157.38771281	172.53560651	175.20792305	165.01578027	162.82320563	175.27532554	167.17077278
17.83500000	141.96235405	165.82319758	176.80479345	166.91496633	158.04993971	174.48725613	167.26618386	157.42056914	172.53799376	175.21867189	164.97035655	162.82532390	175.24397934	167.17169387
17.84000000	142.14252107	165.86313616	176.78475174	166.91401688	158.05613103	174.49325524	167.27056681	157.45476560	172.54034216	175.22921828	164.92297296	162.82756351	175.21273292	167.17335723
17.84500000	142.32650672	165.90750527	176.76486144	166.91277865	158.06277341	174.49917988	167.27505362	157.49021447	172.54265566	175.23954986	164.87371358	162.82992604	175.18162215	167.17574628
17.85000000	142.51424500	165.95652945	176.74516979	166.91126230	158.06986611	174.50501351	167.27961393	157.52682629	172.54493800	175.24965474	164.82266717	162.83241215	175.15068227	167.17884095
17.85500000	142.70565105	166.01043155	176.72572364	166.90947947	158.07740811	174.51073953	167.28421823	157.56450997	172.54719275	175.25952156	164.76992694	162.83502154	175.11994796	167.18261789
17.86000000	142.90062033	166.06943204	176.70656929	166.90744275	158.08539805	174.51634124	167.28883794	157.60317309	172.54942327	175.26913950	164.71559031	162.83775297	175.08945333	167.18705068
17.86500000	143.09902788	166.13374831	176.68775237	166.90516561	158.09383425	174.52180198	167.29344541	157.64272205	172.55163275	175.27849830	164.65975864	162.84060424	175.05923195	167.19211009
17.87000000	143.30072764	166.20359388	176.66931774	166.90266230	158.10271470	174.52710510	167.29801402	157.68306230	172.55382420	175.28758824	164.60253695	162.84357216	175.02931685	167.19776434
17.87500000	143.50555183	166.27917751	176.65130933	166.89994783	158.11203703	174.53223401	167.30251822	157.72409855	172.55600045	175.29640024	164.54403360	162.84665259	174.99974056	167.20397937
17.88000000	143.71331039	166.36070237	176.63377006	166.89703784	158.12179850	174.53717224	167.30693354	157.76573501	172.55816419	175.30492581	164.48436003	162.84984044	174.97053511	167.21071911
17.88500000	143.92379056	166.44836505	176.61674172	166.89394859	158.13199601	174.54190348	167.31123666	157.80787562	172.56031793	175.31315707	164.42363034	162.85312963	174.94173207	167.21794580
17.89000000	144.13675645	166.54235452	176.60026490	166.89069681	158.14262602	174.54641160	167.31540542	157.85042425	172.56246401	175.32108682	164.36196100	162.85651315	174.91336253	167.22562023
17.89500000	144.35194886	166.64285108	176.58437886	166.88729971	158.15368458	174.55068068	167.31941887	157.89328496	172.56460464	175.32870846	164.29947050	162.85998304	174.88545715	167.23370210
17.90000000	144.56908505	166.75002522	176.56912144	166.88377483	158.16516728	174.55469510	167.32325730	157.93636227	172.56674183	175.33601611	164.23627891	162.86353041	174.85804616	167.24215032
17.90500000	144.78785879	166.86403637	176.55452901	166.88014001	158.17706923	174.55843950	167.32690222	157.97956135	172.56887745	175.34300449	164.17250758	162.86714550	174.83115940	167.25092326
17.91000000	145.00794044	166.98503166	176.54063636	166.87641327	158.18938505	174.56189890	167.33033646	158.02278830	172.57101319	175.34966906	164.10827869	162.87081763	174.80482629	167.25997912
17.91500000	145.22897720	167.11314464	176.52747668	166.87261281	158.20210882	174.56505866	167.33354410	158.06595038	172.57315057	175.35600591	164.04371486	162.87453529	174.77907591	167.26927623
17.92000000	145.45059358	167.24849383	176.51508141	166.86875685	158.21523409	174.56790457	167.33651055	158.10895626	172.57529091	175.36201183	163.97893879	162.87828613	174.75393696	167.27877332
17.92500000	145.67239195	167.39118136	176.50348027	166.86486361	158.22875384	174.57042283	167.33922256	158.15171626	172.57743532	175.36768428	163.91407280	162.88205701	174.72943781	167.28842984
17.93000000	145.89395330	167.54129149	176.49270116	166.86095124	158.24266046	174.57260012	167.34166818	158.19414261	172.57958471	175.37302138	163.84923843	162.88583402	174.70560652	167.29820627
17.93500000	146.11483823	167.69888911	176.48277011	166.85703771	158.25694574	174.57442362	167.34383683	158.23614966	172.58173976	175.37802192	163.78455608	162.88960251	174.68247079	167.30806437
17.94000000	146.33458804	167.86401825	176.47371129	166.85314080	158.27160086	174.57588101	167.34571928	158.27765416	172.58390092	175.38268533	163.72014456	162.89334718	174.66005805	167.31796750
17.94500000	146.55272612	168.03670047	176.46554691	166.84927801	158.28661639	174.57696053	167.34730764	158.31857544	172.58606835	175.38701166	163.65612070	162.89705203	174.63839542	167.32788085
17.95000000	146.76875944	168.21693338	176.45829729	166.84546648	158.30198224	174.57765094	167.34859539	158.35883571	172.58824198	175.39100159	163.59259901	162.90070048	174.61750968	167.33777171
17.95500000	146.98218032	168.40468899	176.45198074	166.84172299	158.31768769	174.57794163	167.34957739	158.39836021	172.59042142	175.39465637	163.52969122	162.90427535	174.59742734	167.34760972
17.96000000	147.19246837	168.59991219	176.44661366	166.83806385	158.33372138	174.57782255	167.35024985	158.43707748	172.59260600	175.39797780	163.46750602	162.90775896	174.57817457	167.35736705
17.96500000	147.39909258	168.80251911	176.44221047	166.83450491	158.35007130	174.57728426	167.35061036	158.47491959	172.59479474	175.40096821	163.40614864	162.91113313	174.55977718	167.36701868
17.97000000	147.60151371	169.01239553	176.43878367	166.83106147	158.36672479	174.57631794	167.35065789	158.51182231	172.59698630	175.40363045	163.34572055	162.91437922	174.54226061	167.37654250
17.97500000	147.79918675	169.22939524	176.43634384	166.82774827	158.38366853	174.57491540	167.35039278	158.54772532	172.59917905	175.40596778	163.28631916	162.91747821	174.52564988	167.38591954
17.98000000	147.99156358	169.45333839	176.43489969	166.82457947	158.40088860	174.57306905	167.34981674	158.58257245	172.60137098	175.40798391	163.22803754	162.92041070	174.50996957	167.39513408
17.98500000	148.17809581	169.68400975	176.43445808	166.82156859	158.41837038	174.57077198	167.34893289	158.61631179	172.60355974	175.40968292	163.17096412	162.92315697	174.49524370	167.40417374
17.99000000	148.35823772	169.92115689	176.43502412	166.81872855	158.43609868	174.56801786	167.34774570	158.64889596	172.60574259	175.41106925	163.11518251	162.92569703	174.48149571	167.41302962
17.99500000	148.53144928	170.16448825	176.43660117	166.81607159	158.45405764	174.56480104	167.34626103	158.68028220	172.60791646	175.41214760	163.06077129	162.92801064	174.46874838	167.42169632
18.00000000	148.69719931	170.41367096	176.43919100	166.81360932	158.47223081	174.56111647	167.34448612	158.71043258	172.61007788	175.41292295	163.00780377	162.93007735	174.45702370	167.43017195
18.00500000	148.85496861	170.66832853	176.44279376	166.81135270	158.49060113	174.55695974	167.34242957	158.73931408	172.61222300	175.41340052	162.95634790	162.93187655	174.44634281	167.43845818
18.01000000	149.00425317	170.92803802	176.44740817	166.80931203	158.50915095	174.55232707	167.34010137	158.76689880	172.61434762	175.41358566	162.90646610	162.93338749	174.43672588	167.44656017
18.01500000	149.14456732	171.19232692	176.45303156	166.80749701	158.52786205	174.54721528	167.33751285	158.79316399	172.61644713	175.41348389	162.85821522	162.93458934	174.42819199	167.45448654
18.02000000	149.27544680	171.46066931	176.45965998	166.80591669	158.54671565	174.54162181	167.33467667	158.81809222	172.61851658	175.41310083	162.81164638	162.93546120	174.42075901	167.46224923
18.02500000	149.39645177	171.73248133	176.46728832	166.80457957	158.56569245	174.53554470	167.33160685	158.84167138	172.62055060	175.41244216	162.76680502	162.93598212	174.41444349	167.46986344
18.03000000	149.50716965	172.00711566	176.47591040	166.80349358	158.58477264	174.52898260	167.32831869	158.86389482	172.62254349	175.41151358	162.72373081	162.93613119	174.40926049	167.47734746
18.03500000	149.60721778	172.28385483	176.48551911	166.80266612	158.60393591	174.52193471	167.32482879	158.88476132	172.62448915	175.41032083	162.68245769	162.93588750	174.40522352	167.48472249
18.04000000	149.69624588	172.56190306	176.49610648	166.80210412	158.62316152	174.51440085	167.32115500	158.90427514	172.62638115	175.40886959	162.64301386	162.93523022	174.40234433	167.49201247
18.04500000	149.77393824	172.84037639	176.50766384	166.80181405	158.64242831	174.50638138	167.31731640	158.92244603	172.62821268	175.40716549	162.60542189	162.93413861	174.40063283	167.49924382
18.05000000	149.84001559	173.11829069	176.52018192	166.80180201	158.66171476	174.49787724	167.31333324	158.93928915	172.62997658	175.40521410	162.56969872	162.93259205	174.40009697	167.50644525
18.05500000	149.89423671	173.39454745	176.53365093	166.80207373	158.68099900	174.48888992	167.30922691	158.95482508	172.63166534	175.40302089	162.53585577	162.93057008	174.40074257	167.51364745
18.06000000	149.93639966	173.66791692	176.54806070	166.80263467	158.70025889	174.47942146	167.30501988	158.96907968	172.63327113	175.40059121	162.50389905	162.92805242	174.40257326	167.52088282
18.06500000	149.96634269	173.93701873	176.56340080	166.80349004	158.71947207	174.46947444	167.30073566	158.98208404	172.63478579	175.39793031	162.47382926	162.92501900	174.40559032	167.52818520
18.07000000	149.98394473	174.20030028	176.57966058	166.80464487	158.73861600	174.45905198	167.29639870	158.99387429	172.63620082	175.39504327	162.44564190	162.92145000	174.40979259	167.53558950
18.07500000	149.98912553	174.45601371	176.59682933	166.80610406	158.75766804	174.44815775	167.29203435	159.00449151	172.63750743	175.39193504	162.41932747	162.91732588	174.41517640	167.54313139
18.08000000	149.98184549	174.70219342	176.61489633	166.80787246	158.77660551	174.43679592	167.28766874	159.01398146	172.63869653	175.38861043	162.39487152	162.91262741	174.42173544	167.55084698
18.08500000	149.96210502	174.93663738	176.63385094	166.80995492	158.79540576	174.42497123	167.28332874	159.02239445	172.63975875	175.38507408	162.37225494	162.90733570	174.42946071	167.55877245
18.09000000	149.92994365	175.15689773	176.65368269	166.81235631	158.81404623	174.41268892	167.27904181	159.02978502	172.64068445	175.38133048	162.35145400	162.90143226	174.43834043	167.56694368
18.09500000	149.88543877	175.36028833	176.67438130	166.81508165	158.83250458	174.39995479	167.27483592	159.03621172	172.64146374	175.37738398	162.33244065	162.89489898	174.44836002	167.57539592
18.10000000	149.82870410	175.54391987	176.69593680	166.81813611	158.85075870	174.38677514	167.27073943	159.04173678	172.64208653	175.37323875	162.31518264	162.88771828	174.45950202	167.58416342
18.10500000	149.75988792	175.70477423	176.71833956	166.82152505	158.86878683	174.37315685	167.26678095	159.04642580	172.64254248	175.36889885	162.29964372	162.87987303	174.47174608	167.59327904
18.11000000	149.67917099	175.83982843	176.74158029	166.82525414	158.88656765	174.35910731	167.26298923	159.05034741	172.64282111	175.36436820	162.28578392	162.87134669	174.48506891	167.60277397
18.11500000	149.58676439	175.94623143	176.76565011	166.82932931	158.90408036	174.34463447	167.25939300	159.05357284	172.64291177	175.35965059	162.27355968	162.86212332	174.49944435	167.61267733
18.12000000	149.48290710	176.02152366	176.79054057	166.83375687	158.92130474	174.32974684	167.25602082	159.05617561	172.64280372	175.35474972	162.26292413	162.85218766	174.51484329	167.62301584
18.12500000	149.36786357	176.06387055	176.81624365	166.83854348	158.93822127	174.31445349	167.25290093	159.05823104	172.64248613	175.34966919	162.25382732	162.84152516	174.53123376	167.63381353
18.13000000	149.24192115	176.07226522	176.84275175	166.84369619	158.95481117	174.29876404	167.25006107	159.05981583	172.64194811	175.34441255	162.24621641	162.83012206	174.54858094	167.64509146
18.13500000	149.10538748	176.04665121	176.87005769	166.84922249	158.97105651	174.28268872	167.24752832	159.06100762	172.64117881	175.33898327	162.24003596	162.81796548	174.56684724	167.65686737
18.14000000	148.95858790	175.98793132	176.89815467	166.85513025	158.98694029	174.26623833	167.24532891	159.06188452	172.64016742	175.33338483	162.23522813	162.80504344	174.58599237	167.66915550
18.14500000	148.80186286	175.89785892	176.92703627	166.86142778	159.00244644	174.24942429	167.24348805	159.06252459	172.63890325	175.32762068	162.23173294	162.79134501	174.60597340	167.68196635
18.15000000	148.63556542	175.77884100	176.95669638	166.86812376	159.01755995	174.23225861	167.24202973	159.06300540	172.63737575	175.32169431	162.22948851	162.77686034	174.62674492	167.69530644
18.15500000	148.46005877	175.63370081	176.98712913	166.87522728	159.03226692	174.21475394	167.24097652	159.06340350	172.63557462	175.31560924	162.22843130	162.76158075	174.64825914	167.70917822
18.16000000	148.27571387	175.46544787	177.01832887	166.88274772	159.04655453	174.19692354	167.24034940	159.06379393	172.63348983	175.30936906	162.22849631	162.74549884	174.67046602	167.72357989
18.16500000	148.08290724	175.27708833	177.05029007	166.89069478	159.06041117	174.17878137	167.24016753	159.06424975	172.63111172	175.30297745	162.22961737	162.72860860	174.69331346	167.73850532
18.17000000	147.88201877	175.07148924	177.08300723	166.89907839	159.07382640	174.16034199	167.24044811	159.06484148	172.62843105	175.29643820	162.23172735	162.71090546	174.71674746	167.75394404
18.17500000	147.67342981	174.85129566	177.11647480	166.90790865	159.08679101	174.14162068	167.24120612	159.06563672	172.62543909	175.28975522	162.23475837	162.69238642	174.74071231	167.76988116
18.18000000	147.45752125	174.61889065	177.15068709	166.91719573	159.09929700	174.12263340	167.24245422	159.06669958	172.62212767	175.28293254	162.23864204	162.67305018	174.76515080	167.78629746
18.18500000	147.23467187	174.37638602	177.18563818	166.92694981	159.11133763	174.10339680	167.24420249	159.06809033	172.61848928	175.27597435	162.24330970	162.65289716	174.79000444	167.80316939
18.19000000	147.00525673	174.12563254	177.22132177	166.93718100	159.12290734	174.08392826	167.24645831	159.06986491	172.61451717	175.26888499	162.24869258	162.63192971	174.81521369	167.82046921
18.19500000	146.76964575	173.86824096	177.25773112	166.94789919	159.13400181	174.06424587	167.24922623	159.07207457	172.61020537	175.26166895	162.25472206	162.61015212	174.84071821	167.83816507
18.20000000	146.52820248	173.60560783	177.29485894	166.95911398	159.14461793	174.04436847	167.25250775	159.07476552	172.60554884	175.25433087	162.26132985	162.58757076	174.86645710	167.85622121
18.20500000	146.28128288	173.33894225	177.33269723	166.97083454	159.15475374	174.02431563	167.25630127	159.07797857	172.60054348	175.24687556	162.26844820	162.56419421	174.89236915	167.87459810
18.21000000	146.02923436	173.06929144	177.37123723	166.98306952	159.16440843	174.00410770	167.26060195	159.08174889	172.59518629	175.23930794	162.27601004	162.54003326	174.91839312	167.89325268
18.21500000	145.77239483	172.79756403	177.41046929	166.99582691	159.17358231	173.98376577	167.26540163	159.08610573	172.58947537	175.23163307	162.28394923	162.51510111	174.94446801	167.91213853
18.22000000	145.51109197	172.52455056	177.45038278	167.00911392	159.18227678	173.96331170	167.27068876	159.09107222	172.58341005	175.22385613	162.29220068	162.48941336	174.97053330	167.93120617
18.22500000	145.24564253	172.25094128	177.49096596	167.02293684	159.19049427	173.94276810	167.27644839	159.09666525	172.57699094	175.21598239	162.30070054	162.46298812	174.99652923	167.95040331
18.23000000	144.97635173	171.97734127	177.53220596	167.03730095	159.19823821	173.92215837	167.28266209	159.10289534	172.57022000	175.20801720	162.30938633	162.43584610	175.02239706	167.96967510
18.23500000	144.70351284	171.70428338	177.57408861	167.05221039	159.20551301	173.90150664	167.28930801	159.10976655	172.56310062	175.19996595	162.31819711	162.40801063	175.04807936	167.98896442
18.24000000	144.42740673	171.43223901	177.61659842	167.06766800	159.21232397	173.88083778	167.29636091	159.11727651	172.55563767	175.19183407	162.32707362	162.37950770	175.07352018	168.00821219
18.24500000	144.14830156	171.16162718	177.65971850	167.08367526	159.21867731	173.86017741	167.30379222	159.12541646	172.54783753	175.18362697	162.33595837	162.35036606	175.09866538	168.02735764
18.25000000	143.86645257	170.89282222	177.70343047	167.10023213	159.22458004	173.83955186	167.31157008	159.13417127	172.53970820	175.17535007	162.34479580	162.32061716	175.12346282	168.04633863
18.25500000	143.58210184	170.62616005	177.74771442	167.11733698	159.23004001	173.81898811	167.31965954	159.14351961	172.53125929	175.16700869	162.35353237	162.29029523	175.14786256	168.06509192
18.26000000	143.29547822	170.36194356	177.79254884	167.13498648	159.23506581	173.79851384	167.32802265	159.15343413	172.52250207	175.15860809	162.36211665	162.25943727	175.17181710	168.08355346
18.26500000	143.00679724	170.10044700	177.83791059	167.15317547	159.23966674	173.77815733	167.33661863	159.16388163	172.51344952	175.15015342	162.37049943	162.22808300	175.19528156	168.10165868
18.27000000	142.71626108	169.84191973	177.88377481	167.17189693	159.24385280	173.75794742	167.34540407	159.17482336	172.50411631	175.14164965	162.37863380	162.19627490	175.21821385	168.11934276
18.27500000	142.42405862	169.58658926	177.93011490	167.19114186	159.24763463	173.73791350	167.35433319	159.18621525	172.49451886	175.13310160	162.38647522	162.16405811	175.24057483	168.13654088
18.28000000	142.13036549	169.33466384	177.97690245	167.21089921	159.25102349	173.71808542	167.36335802	159.19800830	172.48467530	175.12451387	162.39398158	162.13148043	175.26232846	168.15318849
18.28500000	141.83534422	169.08633455	178.02410718	167.23115583	159.25403119	173.69849343	167.37242872	159.21014889	172.47460552	175.11589082	162.40111325	162.09859224	175.28344193	168.16922154
18.29000000	141.53914431	168.84177709	178.07169682	167.25189641	159.25667012	173.67916813	167.38149384	159.22257917	172.46433109	175.10723652	162.40783318	162.06544642	175.30388578	168.18457667
18.29500000	141.24190251	168.60115321	178.11963709	167.27310341	159.25895318	173.66014037	167.39050063	159.23523748	172.45387532	175.09855474	162.41410688	162.03209827	175.32363396	168.19919151
18.30000000	140.94374295	168.36461185	178.16789151	167.29475706	159.26089372	173.64144118	167.39939537	159.24805879	172.44326317	175.08984892	162.41990249	161.99860541	175.34266398	168.21300481
18.30500000	140.64477741	168.13229017	178.21642132	167.31683527	159.26250558	173.62310168	167.40812368	159.26097510	172.43252122	175.08112209	162.42519080	161.96502764	175.36095690	168.22595666
18.31000000	140.34510563	167.90431424	178.26518520	167.33931366	159.26380299	173.60515294	167.41663089	159.27391593	172.42167767	175.07237689	162.42994530	161.93142687	175.37849748	168.23798869
18.31500000	140.04481554	167.68079969	178.31413913	167.36216553	159.26480058	173.58762596	167.42486237	159.28680879	172.41076223	175.06361549	162.43414213	161.89786691	175.39527413	168.24904425
18.32000000	139.74398368	167.46185218	178.36323604	167.38536182	159.26551331	173.57055147	167.43276391	159.29957963	172.39980610	175.05483957	162.43776018	161.86441341	175.41127905	168.25906856
18.32500000	139.44267546	167.24756773	178.41242544	167.40887114	159.26595646	173.55395987	167.44028204	159.31215334	172.38884188	175.04605026	162.44078102	161.83113359	175.42650818	168.26800891
18.33000000	139.14094562	167.03803302	178.46165297	167.43265976	159.26614561	173.53788107	167.44736439	159.32445417	172.37790350	175.03724811	162.44318890	161.79809619	175.44096124	168.27581479
18.33500000	138.83883862	166.83332552	178.51085984	167.45669165	159.26609654	173.52234440	167.45396008	159.33640624	172.36702612	175.02843307	162.44497082	161.76537119	175.45464177	168.28243809
18.34000000	138.53638904	166.63351367	178.55998208	167.48092845	159.26582525	173.50737845	167.46002002	159.34793396	172.35624607	175.01960436	162.44611639	161.73302969	175.46755715	168.28783325
18.34500000	138.23362210	166.43865692	178.60894976	167.50532956	159.26534789	173.49301094	167.46549726	159.35896249	172.34560071	175.01076050	162.44661792	161.70114367	175.47971857	168.29195740
18.35000000	137.93055410	166.24880573	178.65768589	167.52985210	159.26468073	173.47926857	167.47034730	159.36941814	172.33512837	175.00189924	162.44647034	161.66978583	175.49114103	168.29477055
18.35500000	137.62719297	166.06400160	178.70610517	167.55445103	159.26384008	173.46617692	167.47452843	159.37922881	172.32486819	174.99301746	162.44567116	161.63902933	175.50184341	168.29623571
18.36000000	137.32353880	165.88427701	178.75411248	167.57907912	159.26284228	173.45376026	167.47800200	159.38832433	172.31486003	174.98411115	162.44422047	161.60894764	175.51184841	168.29631910
18.36500000	137.01958438	165.70965539	178.80160109	167.60368704	159.26170364	173.44204140	167.48073267	159.39663685	172.30514432	174.97517538	162.44212085	161.57961424	175.52118255	168.29499028
18.37000000	136.71531583	165.54015106	178.84845051	167.62822344	159.26044037	173.43104160	167.48268872	159.40410117	172.29576198	174.96620416	162.43937739	161.55110246	175.52987623	168.29222232
18.37500000	136.41071318	165.37576916	178.89452401	167.65263494	159.25906854	173.42078039	167.48384226	159.41065507	172.28675423	174.95719047	162.43599758	161.52348524	175.53796364	168.28799194
18.38000000	136.10575101	165.21650559	178.93966573	167.67686628	159.25760401	173.41127542	167.48416943	159.41623957	172.27816247	174.94812611	162.43199130	161.49683487	175.54548284	168.28227970
18.38500000	135.80039915	165.06234698	178.98369746	167.70086034	159.25606240	173.40254233	167.48365062	159.42079919	172.27002813	174.93900173	162.42737075	161.47122279	175.55247569	168.27507014
18.39000000	135.49462330	164.91327065	179.02641514	167.72455822	159.25445898	173.39459464	167.48227059	159.42428222	172.26239253	174.92980669	162.42215041	161.44671933	175.55898786	168.26635192
18.39500000	135.18838578	164.76924458	179.06758514	167.74789937	159.25280865	173.38744357	167.48001868	159.42664087	172.25529674	174.92052904	162.41634696	161.42339352	175.56506882	168.25611797
18.40000000	134.88164620	164.63022739	179.10694077	167.77082161	159.25112587	173.38109796	167.47688886	159.42783148	172.24878137	174.91115545	162.40997925	161.40131279	175.57077179	168.24436564
18.40500000	134.57436225	164.49616842	179.14417940	167.79326130	159.24942457	173.37556412	167.47287987	159.42781468	172.24288647	174.90167117	162.40306824	161.38054279	175.57615374	168.23109679
18.41000000	134.26649040	164.36700770	179.17896100	167.81515338	159.24771811	173.37084573	167.46799525	159.42655545	172.23765135	174.89205994	162.39563691	161.36114714	175.58127529	168.21631793
18.41500000	133.95798667	164.24267611	179.21090903	167.83643150	159.24601921	173.36694373	167.46224341	159.42402328	172.23311440	174.88230396	162.38771025	161.34318721	175.58620070	168.20004028
18.42000000	133.64880740	164.12309541	179.23961526	167.85702812	159.24433990	173.36385625	167.45563764	159.42019219	172.22931293	174.87238382	162.37931517	161.32672186	175.59099776	168.18227987
18.42500000	133.33891005	164.00817841	179.26464979	167.87687465	159.24269144	173.36157847	167.44819607	159.41504082	172.22628304	174.86227848	162.37048044	161.31180727	175.59573769	168.16305756
18.43000000	133.02825390	163.89782918	179.28557764	167.89590153	159.24108426	173.36010258	167.43994169	159.40855237	172.22405941	174.85196523	162.36123662	161.29849667	175.60049506	168.14239909
18.43500000	132.71680088	163.79194316	179.30198227	167.91403840	159.23952791	173.35941773	167.43090224	159.40071467	172.22267515	174.84141960	162.35161600	161.28684017	175.60534760	168.12033504
18.44000000	132.40451632	163.69040752	179.31349472	167.93121419	159.23803104	173.35950994	167.42111015	159.39152009	172.22216166	174.83061542	162.34165257	161.27688451	175.61037609	168.09690080
18.44500000	132.09136969	163.59310132	179.31982521	167.94735731	159.23660129	173.36036206	167.41060245	159.38096552	172.22254844	174.81952472	162.33138185	161.26867290	175.61566413	168.07213653
18.45000000	131.77733531	163.49989594	179.32079161	167.96239570	159.23524530	173.36195381	167.39942061	159.36905228	172.22386294	174.80811776	162.32084093	161.26224479	175.62129797	168.04608701
18.45500000	131.46239314	163.41065535	179.31633891	167.97625710	159.23396866	173.36426165	167.38761040	159.35578601	172.22613041	174.79636300	162.31006829	161.25763570	175.62736622	168.01880152
18.46000000	131.14652936	163.32523653	179.30654504	167.98886910	159.23277587	173.36725892	167.37522172	159.34117660	172.22937374	174.78422717	162.29910376	161.25487705	175.63395964	167.99033368
18.46500000	130.82973712	163.24348992	179.29161159	168.00015934	159.23167032	173.37091572	167.36230842	159.32523802	172.23361333	174.77167520	162.28798841	161.25399596	175.64117081	167.96074123
18.47000000	130.51201710	163.16525985	179.27184203	168.01005567	159.23065429	173.37519908	167.34892805	159.30798815	172.23886696	174.75867036	162.27676446	161.25501514	175.64909382	167.93008579
18.47500000	130.19337811	163.09038509	179.24761250	168.01848630	159.22972891	173.38007289	167.33514169	159.28944868	172.24514959	174.74517420	162.26547514	161.25795270	175.65782392	167.89843261
18.48000000	129.87383761	163.01869934	179.21934138	168.02538000	159.22889420	173.38549808	167.32101363	159.26964488	172.25247333	174.73114673	162.25416459	161.26282201	175.66745713	167.86585025
18.48500000	129.55342218	162.95003185	179.18746208	168.03066623	159.22814904	173.39143260	167.30661116	159.24860542	172.26084724	174.71654643	162.24287774	161.26963163	175.67808986	167.83241027
18.49000000	129.23216794	162.88420800	179.15240197	168.03427538	159.22749121	173.39783163	167.29200428	159.22636216	172.27027727	174.70133036	162.23166016	161.27838514	175.68981846	167.79818692
18.49500000	128.91012093	162.82104995	179.11456801	168.03613887	159.22691740	173.40464763	167.27726539	159.20294996	172.28076612	174.68545434	162.22055789	161.28908105	175.70273877	167.76325670
18.50000000	128.58733737	162.76037731	179.07433829	168.03618939	159.22642322	173.41183051	167.26246898	159.17840644	172.29231318	174.66887302	162.20961733	161.30171277	175.71694561	167.72769805
18.50500000	128.26388386	162.70200780	179.03205840	168.03436106	159.22600330	173.41932780	167.24769137	159.15277175	172.30491443	174.65154010	162.19888504	161.31626848	175.73253230	167.69159093
18.51000000	127.93983758	162.64575799	178.98804101	168.03058963	159.22565125	173.42708483	167.23301033	159.12608833	172.31856237	174.63340850	162.18840756	161.33273109	175.74959007	167.65501642
18.51500000	127.61528632	162.59144402	178.94256750	168.02481267	159.22535978	173.43504489	167.21850475	159.09840069	172.33324594	174.61443057	162.17823126	161.35107823	175.76820754	167.61805628
18.52000000	127.29032844	162.53888234	178.89589073	168.01696971	159.22512071	173.44314950	167.20425436	159.06975513	172.34895051	174.59455830	162.16840212	161.37128219	175.78847010	167.58079257
18.52500000	126.96507285	162.48789043	178.84823824	168.00700250	159.22492507	173.45133863	167.19033932	159.04019955	172.36565778	174.57374361	162.15896556	161.39330995	175.81045924	167.54330718
18.53000000	126.63963877	162.43828758	178.79981556	167.99485514	159.22476315	173.45955090	167.17683991	159.00978313	172.38334581	174.55193861	162.14996622	161.41712316	175.83425196	167.50568146
18.53500000	126.31415550	162.38989560	178.75080929	167.98047429	159.22462457	173.46772390	167.16383620	158.97855614	172.40198895	174.52909587	162.14144777	161.44267820	175.85992002	167.46799574
18.54000000	125.98876207	162.34253959	178.70138990	167.96380937	159.22449838	173.47579444	167.15140767	158.94656968	172.42155789	174.50516874	162.13345270	161.46992619	175.88752924	167.43032893
18.54500000	125.66360685	162.29604858	178.65171420	167.94481271	159.22437314	173.48369885	167.13963288	158.91387542	172.44201961	174.48011167	162.12602213	161.49881310	175.91713872	167.39275814
18.55000000	125.33884701	162.25025631	178.60192737	167.92343975	159.22423703	173.49137324	167.12858916	158.88052540	172.46333744	174.45388057	162.11919559	161.52927977	175.94880004	167.35535820
18.55500000	125.01464802	162.20500180	178.55216475	167.89964925	159.22407791	173.49875383	167.11835226	158.84657175	172.48547110	174.42643311	162.11301083	161.56126207	175.98255643	167.31820135
18.56000000	124.69118298	162.16013005	178.50255324	167.87340342	159.22388349	173.50577727	167.10899600	158.81206651	172.50837670	174.39772907	162.10750365	161.59469099	176.01844181	167.28135678
18.56500000	124.36863191	162.11549254	178.45321251	167.84466814	159.22364136	173.51238092	167.10059201	158.77706141	172.53200687	174.36773073	162.10270768	161.62949277	176.05647993	167.24489031
18.57000000	124.04718107	162.07094781	178.40425586	167.81341309	159.22333919	173.51850315	167.09320938	158.74160763	172.55631080	174.33640321	162.09865423	161.66558907	176.09668331	167.20886401
18.57500000	123.72702211	162.02636195	178.35579102	167.77961199	159.22296479	173.52408369	167.08691443	158.70575566	172.58123431	174.30371476	162.09537211	161.70289712	176.13905215	167.17333587
18.58000000	123.40835123	161.98160895	178.30792065	167.74324270	159.22250626	173.52906388	167.08177036	158.66955508	172.60672004	174.26963716	162.09288750	161.74132993	176.18357324	167.13835946
18.58500000	123.09136838	161.93657114	178.26074275	167.70428743	159.22195212	173.53338698	167.07783705	158.63305443	172.63270747	174.23414602	162.09122376	161.78079647	176.23021871	167.10398366
18.59000000	122.77627631	161.89113943	178.21435098	167.66273288	159.22129143	173.53699843	167.07517082	158.59630105	172.65913314	174.19722104	162.09040135	161.82120190	176.27894470	167.07025233
18.59500000	122.46327968	161.84521353	178.16883485	167.61857042	159.22051390	173.53984613	167.07382416	158.55934092	172.68593078	174.15884638	162.09043768	161.86244781	176.32969000	167.03720407
18.60000000	122.15258417	161.79870217	178.12427977	167.57179621	159.21961004	173.54188069	167.07384559	158.52221858	172.71303147	174.11901082	162.09134700	161.90443247	176.38237449	167.00487199
18.60500000	121.84439557	161.75152312	178.08076715	167.52241136	159.21857130	173.54305559	167.07527941	158.48497703	172.74036383	174.07770807	162.09314034	161.94705105	176.43689753	166.97328344
18.61000000	121.53891889	161.70360325	178.03837434	167.47042206	159.21739014	173.54332747	167.07816560	158.44765761	172.76785426	174.03493690	162.09582541	161.99019595	176.49313621	166.94245988
18.61500000	121.23635746	161.65487849	177.99717460	167.41583970	159.21606020	173.54265624	167.08253962	158.41029998	172.79542709	173.99070137	162.09940653	162.03375707	176.55094345	166.91241666
18.62000000	120.93691214	161.60529371	177.95723700	167.35868099	159.21457635	173.54100524	167.08843232	158.37294204	172.82300488	173.94501091	162.10388460	162.07762208	176.61014600	166.88316292
18.62500000	120.64078044	161.55480256	177.91862626	167.29896806	159.21293485	173.53834139	167.09586983	158.33561991	172.85050864	173.89788042	162.10925704	162.12167674	176.67054230	166.85470145
18.63000000	120.34815583	161.50336729	177.88140270	167.23672855	159.21113341	173.53463525	167.10487349	158.29836792	172.87785811	173.84933034	162.11551780	162.16580524	176.73190025	166.82702864
18.63500000	120.05922695	161.45095842	177.84562199	167.17199569	159.20917126	173.52986113	167.11545976	158.26121861	172.90497201	173.79938666	162.12265734	162.20989048	176.79395484	166.80013441
18.64000000	119.77417696	161.39755447	177.81133510	167.10480834	159.20704924	173.52399707	167.12764022	158.22420271	172.93176837	173.74808088	162.13066261	162.25381443	176.85640584	166.77400226
18.64500000	119.49318294	161.34314161	177.77858804	167.03521105	159.20476985	173.51702490	167.14142152	158.18734923	172.95816484	173.69544995	162.13951714	162.29745845	176.91891551	166.74860921
18.65000000	119.21641530	161.28771331	177.74742180	166.96325408	159.20233730	173.50893022	167.15680540	158.15068543	172.98407896	173.64153618	162.14920101	162.34070366	176.98110643	166.72392598
18.65500000	118.94403728	161.23126989	177.71787215	166.88899344	159.19975752	173.49970233	167.17378870	158.11423695	173.00942858	173.58638706	162.15969096	162.38343124	177.04255974	166.69991702
18.66000000	118.67620452	161.17381814	177.68996951	166.81249081	159.19703820	173.48933420	167.19236340	158.07802777	173.03413212	173.53005514	162.17096041	162.42552281	177.10281389	166.67654069
18.66500000	118.41306465	161.11537089	177.66373887	166.73381358	159.19418879	173.47782236	167.21251672	158.04208038	173.05810898	173.47259778	162.18297960	162.46686080	177.16136427	166.65374948
18.67000000	118.15475698	161.05594659	177.63919960	166.65303477	159.19122047	173.46516681	167.23423113	158.00641578	173.08127986	173.41407690	162.19571563	162.50732874	177.21766401	166.63149021
18.67500000	117.90141222	160.99556888	177.61636544	166.57023295	159.18814614	173.45137088	167.25748448	157.97105357	173.10356718	173.35455874	162.20913265	162.54681168	177.27112643	166.60970436
18.68000000	117.65315225	160.93426614	177.59524437	166.48549219	159.18498037	173.43644114	167.28225011	157.93601207	173.12489539	173.29411355	162.22319192	162.58519652	177.32112961	166.58832836
18.68500000	117.41008997	160.87207115	177.57583861	166.39890188	159.18173936	173.42038717	167.30849698	157.90130835	173.14519139	173.23281526	162.23785199	162.62237236	177.36702353	166.56729401
18.69000000	117.17232918	160.80902063	177.55814454	166.31055669	159.17844085	173.40322151	167.33618979	157.86695835	173.16438487	173.17074115	162.25306886	162.65823082	177.40814023	166.54652884
18.69500000	116.93996452	160.74515492	177.54215269	166.22055631	159.17510408	173.38495940	167.36528913	157.83297694	173.18240866	173.10797149	162.26879615	162.69266645	177.44380715	166.52595664
18.70000000	116.71308139	160.68051760	177.52784782	166.12900537	159.17174965	173.36561869	167.39575167	157.79937800	173.19919914	173.04458919	162.28498526	162.72557702	177.47336383	166.50549787
18.70500000	116.49175602	160.61515518	177.51520889	166.03601314	159.16839945	173.34521962	167.42753030	157.76617451	173.21469653	172.98067938	162.30158560	162.75686387	177.49618129	166.48507025
18.71000000	116.27605547	160.54911680	177.50420914	165.94169341	159.16507654	173.32378472	167.46057435	157.73337862	173.22884521	172.91632907	162.31854479	162.78643223	177.51168337	166.46458930
18.71500000	116.06603772	160.48245392	177.49481623	165.84616415	159.16180503	173.30133857	167.49482973	157.70100170	173.24159410	172.85162673	162.33580882	162.81419156	177.51936855	166.44396890
18.72000000	115.86175173	160.41522013	177.48699228	165.74954731	159.15860996	173.27790774	167.53023919	157.66905441	173.25289686	172.78666192	162.35332238	162.84005583	177.51883044	166.42312188
18.72500000	115.66323762	160.34747087	177.48069409	165.65196847	159.15551713	173.25352056	167.56674250	157.63754675	173.26271220	172.72152489	162.37102898	162.86394383	177.50977500	166.40196067
18.73000000	115.47052674	160.27926327	177.47587326	165.55355658	159.15255300	173.22820704	167.60427663	157.60648816	173.27100410	172.65630620	162.38887127	162.88577948	177.49203264	166.38039787
18.73500000	115.28364188	160.21065595	177.47247642	165.45444356	159.14974452	173.20199875	167.64277605	157.57588747	173.27774201	172.59109636	162.40679123	162.90549205	177.46556393	166.35834689
18.74000000	115.10259737	160.14170885	177.47044542	165.35476399	159.14711900	173.17492864	167.68217288	157.54575304	173.28290102	172.52598542	162.42473046	162.92301649	177.43045828	166.33572256
18.74500000	114.92739933	160.07248313	177.46971763	165.25465470	159.14470391	173.14703103	167.72239714	157.51609270	173.28646200	172.46106268	162.44263041	162.93829362	177.38692608	166.31244171
18.75000000	114.75804577	160.00304099	177.47022620	165.15425439	159.14252678	173.11834144	167.76337701	157.48691385	173.28841168	172.39641628	162.46043262	162.95127038	177.33528523	166.28842376
18.75500000	114.59452685	159.93344561	177.47190037	165.05370318	159.14061503	173.08889653	167.80503903	157.45822344	173.28874271	172.33213291	162.47807903	162.96190004	177.27594389	166.26359131
18.76000000	114.43682500	159.86376102	177.47466578	164.95314220	159.13899579	173.05873407	167.84730836	157.43002801	173.28745369	172.26829746	162.49551218	162.97014240	177.20938120	166.23787060
18.76500000	114.28491517	159.79405199	177.47844488	164.85271312	159.13769580	173.02789279	167.89010900	157.40233366	173.28454913	172.20499276	162.51267551	162.97596393	177.13612771	166.21119211
18.77000000	114.13876500	159.72438398	177.48315728	164.75255771	159.13674121	172.99641241	167.93336408	157.37514612	173.28003943	172.14229927	162.52951359	162.97933797	177.05674707	166.18349095
18.77500000	113.99833500	159.65482304	177.48872016	164.65281736	159.13615746	172.96433356	167.97699603	157.34847069	173.27394075	172.08029479	162.54597238	162.98024482	176.97181973	166.15470730
18.78000000	113.86357879	159.58543569	177.49504873	164.55363259	159.13596915	172.93169769	168.02092692	157.32231231	173.26627487	172.01905426	162.56199951	162.97867185	176.88192936	166.12478687
18.78500000	113.73444322	159.51628890	177.50205663	164.45514255	159.13619990	172.89854710	168.06507862	157.29667549	173.25706909	171.95864950	162.57754447	162.97461358	176.78765206	166.09368115
18.79000000	113.61086864	159.44744993	177.50965643	164.35748458	159.13687222	172.86492488	168.10937312	157.27156435	173.24635595	171.89914901	162.59255890	162.96807173	176.68954814	166.06134780
18.79500000	113.49278908	159.37898628	177.51776011	164.26079369	159.13800739	172.83087482	168.15373271	157.24698262	173.23417306	171.84061777	162.60699676	162.95905525	176.58815636	166.02775088
18.80000000	113.38013240	159.31096557	177.52627955	164.16520211	159.13962536	172.79644145	168.19808029	157.22293362	173.22056286	171.78311708	162.62081463	162.94758032	176.48398999	165.99286107
18.80500000	113.27282056	159.24345542	177.53512703	164.07083878	159.14174464	172.76166994	168.24233957	157.19942027	173.20557230	171.72670444	162.63397184	162.93367029	176.37753462	165.95665587
18.81000000	113.17076975	159.17652335	177.54421573	163.97782891	159.14438217	172.72660607	168.28643532	157.17644506	173.18925256	171.67143340	162.64643070	162.91735565	176.26924703	165.91911970
18.81500000	113.07389068	159.11023664	177.55346025	163.88629355	159.14755331	172.69129619	168.33029361	157.15401009	173.17165877	171.61735346	162.65815669	162.89867394	176.15955499	165.88024406
18.82000000	112.98208874	159.04466220	177.56277710	163.79634913	159.15127167	172.65578713	168.37384205	157.13211704	173.15284967	171.56451001	162.66911858	162.87766961	176.04885775	165.84002751
18.82500000	112.89526421	158.97986636	177.57208519	163.70810707	159.15554911	172.62012618	168.41700996	157.11076717	173.13288727	171.51294431	162.67928863	162.85439388	175.93752688	165.79847575
18.83000000	112.81331253	158.91591480	177.58130630	163.62167338	159.16039562	172.58436098	168.45972864	157.08996133	173.11183650	171.46269341	162.68864268	162.82890459	175.82590735	165.75560155
18.83500000	112.73612453	158.85287227	177.59036554	163.53714831	159.16581930	172.54853946	168.50193156	157.06969995	173.08976492	171.41379020	162.69716028	162.80126595	175.71431887	165.71142473
18.84000000	112.66358666	158.79080248	177.59919180	163.45462600	159.17182630	172.51270975	168.54355451	157.04998304	173.06674232	171.36626338	162.70482476	162.77154838	175.60305719	165.66597208
18.84500000	112.59558124	158.72976782	177.60771808	163.37419419	159.17842078	172.47692007	168.58453584	157.03081021	173.04284041	171.32013755	162.71162333	162.73982819	175.49239545	165.61927718
18.85000000	112.53198678	158.66982920	177.61588190	163.29593392	159.18560487	172.44121865	168.62481657	157.01218063	173.01813250	171.27543328	162.71754713	162.70618735	175.38258550	165.57138032
18.85500000	112.47267821	158.61104581	177.62362561	163.21991933	159.19337866	172.40565359	168.66434060	156.99409308	172.99269315	171.23216713	162.72259123	162.67071316	175.27385919	165.52232828
18.86000000	112.41752722	158.55347484	177.63089661	163.14621737	159.20174018	172.37027277	168.70305477	156.97654593	172.96659785	171.19035181	162.72675471	162.63349797	175.16642954	165.47217416
18.86500000	112.36640253	158.49717129	177.63764762	163.07488772	159.21068536	172.33512370	168.74090906	156.95953712	172.93992277	171.14999627	162.73004061	162.59463880	175.06049192	165.42097714
18.87000000	112.31917027	158.44218765	177.64383677	163.00598256	159.22020805	172.30025344	168.77785666	156.94306420	172.91274439	171.11110584	162.73245593	162.55423701	174.95622509	165.36880225
18.87500000	112.27569428	158.38857367	177.64942779	162.93954650	159.23030004	172.26570838	168.81385404	156.92712433	172.88513929	171.07368235	162.73401163	162.51239792	174.85379222	165.31572008
18.88000000	112.23583646	158.33637608	177.65438995	162.87561651	159.24095102	172.23153420	168.84886107	156.91171427	172.85718389	171.03772430	162.73472252	162.46923042	174.75334182	165.26180657
18.88500000	112.19945717	158.28563831	177.65869812	162.81422185	159.25214863	172.19777566	168.88284103	156.89683039	172.82895414	171.00322700	162.73460724	162.42484659	174.65500866	165.20714266
18.89000000	112.16641557	158.23640021	177.66233269	162.75538408	159.26387846	172.16447650	168.91576068	156.88246868	172.80052537	170.97018276	162.73368818	162.37936131	174.55891455	165.15181401
18.89500000	112.13657007	158.18869779	177.66527938	162.69911709	159.27612408	172.13167929	168.94759028	156.86862475	172.77197205	170.93858103	162.73199135	162.33289179	174.46516916	165.09591070
18.90000000	112.10977865	158.14256292	177.66752914	162.64542713	159.28886708	172.09942527	168.97830359	156.85529385	172.74336758	170.90840861	162.72954630	162.28555720	174.37387078	165.03952690
18.90500000	112.08589934	158.09802306	177.66907787	162.59431292	159.30208710	172.06775426	169.00787785	156.84247087	172.71478414	170.87964981	162.72638600	162.23747826	174.28510698	164.98276055
18.91000000	112.06479062	158.05510103	177.66992617	162.54576576	159.31576183	172.03670448	169.03629379	156.83015037	172.68629252	170.85228663	162.72254667	162.18877678	174.19895535	164.92571299
18.91500000	112.04631182	158.01381475	177.67007904	162.49976968	159.32986714	172.00631245	169.06353557	156.81832654	172.65796197	170.82629896	162.71806763	162.13957527	174.11548409	164.86848867
18.92000000	112.03032357	157.97417697	177.66954551	162.45630162	159.34437706	171.97661288	169.08959075	156.80699330	172.62986009	170.80166476	162.71299115	162.08999649	174.03475267	164.81119477
18.92500000	112.01668825	157.93619508	177.66833832	162.41533162	159.35926386	171.94763849	169.11445022	156.79614421	172.60205269	170.77836023	162.70736222	162.04016310	173.95681244	164.75394085
18.93000000	112.00527038	157.89987092	177.66647352	162.37682304	159.37449815	171.91941998	169.13810813	156.78577257	172.57460373	170.75636004	162.70122841	161.99019717	173.88170718	164.69683849
18.93500000	111.99593708	157.86520055	177.66397009	162.34073287	159.39004889	171.89198588	169.16056183	156.77587139	172.54757517	170.73563748	162.69463960	161.94021987	173.80947365	164.64000098
18.94000000	111.98855847	157.83217410	177.66084953	162.30701193	159.40588353	171.86536248	169.18181176	156.76643345	172.52102699	170.71616469	162.68764778	161.89035101	173.74014218	164.58354289
18.94500000	111.98300811	157.80077568	177.65713549	162.27560520	159.42196805	171.83957372	169.20186139	156.75745127	172.49501705	170.69791281	162.68030681	161.84070873	173.67373716	164.52757975
18.95000000	111.97916342	157.77098319	177.65285338	162.24645216	159.43826708	171.81464115	169.22071708	156.74891717	172.46960108	170.68085218	162.67267213	161.79140907	173.61027754	164.47222773
18.95500000	111.97690604	157.74276827	177.64802999	162.21948709	159.45474400	171.79058383	169.23838806	156.74082329	172.44483264	170.66495255	162.66480056	161.74256570	173.54977733	164.41760320
18.96000000	111.97612224	157.71609626	177.64269317	162.19463943	159.47136101	171.76741830	169.25488623	156.73316161	172.42076307	170.65018324	162.65674996	161.69428952	173.49224606	164.36382246
18.96500000	111.97670328	157.69092611	177.63687144	162.17183415	159.48807930	171.74515854	169.27022612	156.72592399	172.39744153	170.63651333	162.64857899	161.64668836	173.43768925	164.31100134
18.97000000	111.97854579	157.66721045	177.63059372	162.15099213	159.50485912	171.72381591	169.28442478	156.71910221	172.37491490	170.62391184	162.64034680	161.59986672	173.38610878	164.25925488
18.97500000	111.98155207	157.64489555	177.62388903	162.13203054	159.52165991	171.70339919	169.29750167	156.71268795	172.35322786	170.61234793	162.63211276	161.55392543	173.33750336	164.20869700
18.98000000	111.98563039	157.62392143	177.61678623	162.11486325	159.53844043	171.68391447	169.30947853	156.70667290	172.33242285	170.60179101	162.62393610	161.50896144	173.29186887	164.15944016
18.98500000	111.99069534	157.60422191	177.60931378	162.09940122	159.55515890	171.66536526	169.32037934	156.70104876	172.31254007	170.59221098	162.61587568	161.46506753	173.24919876	164.11159504
18.99000000	111.99666802	157.58572477	177.60149954	162.08555293	159.57177311	171.64775242	169.33023014	156.69580727	172.29361754	170.58357835	162.60798965	161.42233213	173.20948434	164.06527024
18.99500000	112.00347633	157.56835188	177.59337059	162.07322476	159.58824056	171.63107422	169.33905901	156.69094024	172.27569106	170.57586437	162.60033514	161.38083906	173.17271515	164.02057194
19.00000000	112.01105514	157.55201939	177.58495308	162.06232145	159.60451858	171.61532639	169.34689591	156.68643963	172.25879429	170.56904123	162.59296800	161.34066739	173.13887921	163.97760365
19.00500000	112.01934651	157.53663792	177.57627208	162.05274647	159.62056452	171.60050210	169.35377261	156.68229754	172.24295872	170.56308218	162.58594247	161.30189127	173.10796329	163.93646591
19.01000000	112.02829980	157.52211285	177.56735149	162.04440247	159.63633581	171.58659209	169.35972261	156.67850626	172.22821373	170.55796161	162.57931091	161.26457977	173.07995317	163.89725599
19.01500000	112.03787182	157.50834456	177.55821396	162.03719166	159.65179012	171.57358467	169.36478102	156.67505833	172.21458659	170.55365523	162.57312356	161.22879673	173.05483385	163.86006766
19.02000000	112.04802690	157.49522872	177.54888081	162.03101623	159.66688553	171.56146582	169.36898447	156.67194652	172.20210252	170.55014017	162.56742822	161.19460070	173.03258974	163.82499092
19.02500000	112.05873695	157.48265664	177.53937201	162.02577875	159.68158060	171.55021926	169.37237104	156.66916389	172.19078471	170.54739501	162.56227003	161.16204485	173.01320483	163.79211176
19.03000000	112.06998149	157.47051561	177.52970615	162.02138253	159.69583455	171.53982656	169.37498014	156.66670385	172.18065432	170.54539996	162.55769124	161.13117685	172.99666283	163.76151192
19.03500000	112.08174766	157.45868927	177.51990041	162.01773204	159.70960733	171.53026717	169.37685247	156.66456012	172.17173054	170.54413688	162.55373099	161.10203888	172.98294732	163.73326867
19.04000000	112.09403014	157.44705800	177.50997058	162.01473323	159.72285979	171.52151860	169.37802985	156.66272680	172.16403062	170.54358933	162.55042507	161.07466756	172.97204180	163.70745465
19.04500000	112.10683111	157.43549935	177.49993109	162.01229393	159.73555379	171.51355647	169.37855519	156.66119837	172.15756986	170.54374268	162.54780576	161.04909398	172.96392983	163.68413758
19.05000000	112.12016014	157.42388844	177.48979501	162.01032415	159.74765229	171.50635464	169.37847241	156.65996972	172.15236168	170.54458407	162.54590169	161.02534363	172.95859507	163.66338019
19.05500000	112.13403408	157.41209846	177.47957413	162.00873642	159.75911947	171.49988531	169.37782627	156.65903618	172.14841764	170.54610251	162.54473761	161.00343652	172.95602130	163.64523995
19.06000000	112.14847685	157.40000107	177.46927895	162.00744611	159.76992084	171.49411916	169.37666236	156.65839350	172.14574742	170.54828887	162.54433435	160.98338713	172.95619249	163.62976900
19.06500000	112.16351928	157.38746693	177.45891881	162.00637173	159.78002332	171.48902547	169.37502695	156.65803789	172.14435893	170.55113584	162.54470862	160.96520453	172.95909278	163.61701396
19.07000000	112.17919893	157.37436615	177.44850187	162.00543515	159.78939535	171.48457222	169.37296693	156.65796603	172.14425823	170.55463799	162.54587299	160.94889240	172.96470648	163.60701582
19.07500000	112.19555975	157.36056880	177.43803526	162.00456194	159.79800699	171.48072625	169.37052968	156.65817507	172.14544963	170.55879171	162.54783575	160.93444916	172.97301809	163.59980982
19.08000000	112.21265190	157.34594543	177.42752508	162.00368155	159.80582995	171.47745334	169.36776300	156.65866267	172.14793571	170.56359520	162.55060093	160.92186801	172.98401222	163.59542537
19.08500000	112.23053140	157.33036751	177.41697651	162.00272755	159.81283769	171.47471841	169.36471500	156.65942694	172.15171728	170.56904839	162.55416818	160.91113712	172.99767360	163.59388599
19.09000000	112.24925985	157.31370803	177.40639388	162.00163784	159.81900550	171.47248558	169.36143398	156.66046654	172.15679347	170.57515291	162.55853286	160.90223969	173.01398699	163.59520918
19.09500000	112.26890403	157.29584195	177.39578076	162.00035483	159.82431053	171.47071834	169.35796835	156.66178060	172.16316170	170.58191206	162.56368595	160.89515409	173.03293716	163.59940644
19.10000000	112.28953562	157.27664672	177.38514001	161.99882557	159.82873185	171.46937968	169.35436653	156.66336879	172.17081775	170.58933066	162.56961417	160.88985405	173.05450880	163.60648321
19.10500000	112.31123076	157.25600283	177.37447389	161.99700197	159.83225048	171.46843216	169.35067681	156.66523130	172.17975571	170.59741502	162.57629996	160.88630879	173.07868646	163.61643885
19.11000000	112.33406965	157.23379425	177.36378412	161.99484084	159.83484944	171.46783814	169.34694729	156.66736881	172.18996808	170.60617282	162.58372161	160.88448316	173.10545450	163.62926662
19.11500000	112.35813620	157.20990899	177.35307199	161.99230404	159.83651376	171.46755980	169.34322573	156.66978255	172.20144572	170.61561301	162.59185334	160.88433787	173.13479693	163.64495376
19.12000000	112.38351754	157.18423955	177.34233838	161.98935855	159.83723051	171.46755931	169.33955947	156.67247428	172.21417791	170.62574572	162.60066541	160.88582965	173.16669740	163.66348146
19.12500000	112.41030362	157.15668345	177.33158391	161.98597655	159.83698880	171.46779897	169.33599533	156.67544626	172.22815236	170.63658207	162.61012429	160.88891140	173.20113906	163.68482489
19.13000000	112.43858674	157.12714364	177.32080897	161.98213543	159.83577977	171.46824126	169.33257944	156.67870127	172.24335523	170.64813414	162.62019279	160.89353244	173.23810447	163.70895335
19.13500000	112.46846113	157.09552902	177.31001380	161.97781787	159.83359661	171.46884902	169.32935722	156.68224263	172.25977112	170.66041474	162.63083029	160.89963872	173.27757549	163.73583023
19.14000000	112.50002246	157.06175486	177.29919857	161.97301178	159.83043453	171.46958552	169.32637320	156.68607413	172.27738315	170.67343731	162.64199292	160.90717295	173.31953318	163.76541319
19.14500000	112.53336738	157.02574319	177.28836345	161.96771033	159.82629076	171.47041456	169.32367094	156.69020008	172.29617293	170.68721578	162.65363379	160.91607490	173.36395763	163.79765422
19.15000000	112.56859306	156.98742328	177.27750869	161.96191193	159.82116448	171.47130060	169.32129293	156.69462528	172.31612062	170.70176439	162.66570324	160.92628156	173.41082790	163.83249977
19.15500000	112.60579673	156.94673199	177.26663465	161.95562014	159.81505683	171.47220882	169.31928048	156.69935499	172.33720492	170.71709754	162.67814915	160.93772738	173.46012182	163.86989087
19.16000000	112.64507521	156.90361410	177.25574191	161.94884363	159.80797088	171.47310525	169.31767361	156.70439494	172.35940313	170.73322963	162.69091714	160.95034449	173.51181587	163.90976330
19.16500000	112.68652445	156.85802271	177.24483129	161.94159610	159.79991152	171.47395680	169.31651096	156.70975131	172.38269116	170.75017491	162.70395098	160.96406290	173.56588505	163.95204771
19.17000000	112.73023906	156.80991954	177.23390393	161.93389617	159.79088550	171.47473142	169.31582969	156.71543071	172.40704360	170.76794729	162.71719282	160.97881076	173.62230267	163.99666982
19.17500000	112.77631189	156.75927516	177.22296135	161.92576728	159.78090132	171.47539810	169.31566541	156.72144014	172.43243369	170.78656018	162.73058356	160.99451458	173.68104019	164.04355061
19.18000000	112.82483359	156.70606932	177.21200546	161.91723756	159.76996916	171.47592698	169.31605206	156.72778702	172.45883342	170.80602636	162.74406319	161.01109943	173.74206704	164.09260647
19.18500000	112.87589215	156.65029113	177.20103869	161.90833967	159.75810088	171.47628942	169.31702185	156.73447912	172.48621354	170.82635775	162.75757115	161.02848920	173.80535040	164.14374947
19.19000000	112.92957253	156.59193925	177.19006393	161.89911066	159.74530991	171.47645804	169.31860518	156.74152456	172.51454365	170.84756532	162.77104669	161.04660680	173.87085504	164.19688749
19.19500000	112.98595622	156.53102203	177.17908467	161.88959182	159.73161122	171.47640682	169.32083060	156.74893180	172.54379220	170.86965889	162.78442919	161.06537442	173.93854301	164.25192454
19.20000000	113.04512091	156.46755767	177.16810499	161.87982845	159.71702119	171.47611110	169.32372469	156.75670957	172.57392658	170.89264700	162.79765861	161.08471373	174.00837349	164.30876090
19.20500000	113.10714006	156.40157425	177.15712958	161.86986974	159.70155763	171.47554764	169.32731206	156.76486691	172.60491318	170.91653676	162.81067575	161.10454615	174.08030248	164.36729342
19.21000000	113.17208263	156.33310979	177.14616383	161.85976849	159.68523964	171.47469468	169.33161525	156.77341309	172.63671745	170.94133372	162.82342272	161.12479301	174.15428256	164.42741576
19.21500000	113.24001266	156.26221225	177.13521378	161.84958099	159.66808759	171.47353199	169.33665476	156.78235758	172.66930396	170.96704175	162.83584320	161.14537585	174.23026260	164.48901861
19.22000000	113.31098908	156.18893946	177.12428622	161.83936673	159.65012301	171.47204086	169.34244895	156.79171008	172.70263652	170.99366290	162.84788284	161.16621662	174.30818748	164.55198998
19.22500000	113.38506534	156.11335905	177.11338865	161.82918819	159.63136857	171.47020414	169.34901404	156.80148041	172.73667820	171.02119732	162.85948957	161.18723786	174.38799779	164.61621546
19.23000000	113.46228920	156.03554834	177.10252934	161.81911065	159.61184799	171.46800630	169.35636410	156.81167856	172.77139148	171.04964320	162.87061392	161.20836302	174.46962947	164.68157845
19.23500000	113.54270247	155.95559411	177.09171730	161.80920188	159.59158597	171.46543341	169.36451100	156.82231460	172.80673827	171.07899661	162.88120929	161.22951658	174.55301352	164.74796049
19.24000000	113.62634086	155.87359244	177.08096229	161.79953197	159.57060814	171.46247314	169.37346447	156.83339865	172.84268006	171.10925151	162.89123225	161.25062435	174.63807562	164.81524148
19.24500000	113.71323373	155.78964842	177.07027486	161.79017300	159.54894102	171.45911483	169.38323204	156.84494090	172.87917798	171.14039970	162.90064281	161.27161362	174.72473577	164.88330000
19.25000000	113.80340399	155.70387584	177.05966630	161.78119885	159.52661190	171.45534943	169.39381905	156.85695152	172.91619293	171.17243073	162.90940456	161.29241342	174.81290789	164.95201354
19.25500000	113.89686798	155.61639690	177.04914863	161.77268490	159.50364886	171.45116953	169.40522872	156.86944065	172.95368564	171.20533196	162.91748494	161.31295471	174.90249944	165.02125886
19.26000000	113.99363534	155.52734175	177.03873461	161.76470777	159.48008065	171.44656938	169.41746209	156.88241836	172.99161679	171.23908851	162.92485540	161.33317058	174.99341094	165.09091219
19.26500000	114.09370896	155.43684814	177.02843770	161.75734506	159.45593667	171.44154481	169.43051812	156.89589463	173.02994711	171.27368329	162.93149147	161.35299645	175.08553559	165.16084961
19.27000000	114.19708495	155.34506090	177.01827202	161.75067506	159.43124691	171.43609329	169.44439363	156.90987928	173.06863749	171.30909704	162.93737291	161.37237028	175.17875870	165.23094727
19.27500000	114.30375263	155.25213148	177.00825236	161.74477650	159.40604187	171.43021387	169.45908344	156.92438199	173.10764904	171.34530837	162.94248379	161.39123269	175.27295724	165.30108178
19.28000000	114.41369451	155.15821742	176.99839409	161.73972822	159.38035253	171.42390719	169.47458029	156.93941219	173.14694322	171.38229383	162.94681249	161.40952722	175.36799929	165.37113044
19.28500000	114.52688636	155.06348179	176.98871313	161.73560895	159.35421029	171.41717540	169.49087497	156.95497908	173.18648193	171.42002795	162.95035171	161.42720043	175.46374343	165.44097162
19.29000000	114.64329730	154.96809257	176.97922594	161.73249698	159.32764691	171.41002220	169.50795633	156.97109157	173.22622756	171.45848338	162.95309850	161.44420206	175.56003817	165.51048505
19.29500000	114.76288984	154.87222208	176.96994942	161.73046989	159.30069443	171.40245275	169.52581132	156.98775820	173.26614310	171.49763093	162.95505411	161.46048521	175.65672126	165.57955218
19.30000000	114.88562002	154.77604632	176.96090088	161.72960430	159.27338515	171.39447365	169.54442504	157.00498717	173.30619223	171.53743971	162.95622400	161.47600643	175.75361903	165.64805649
19.30500000	115.01143755	154.67974428	176.95209795	161.72997552	159.24575156	171.38609292	169.56378079	157.02278622	173.34633932	171.57787723	162.95661769	161.49072585	175.85054566	165.71588386
19.31000000	115.14028600	154.58349735	176.94355858	161.73165732	159.21782623	171.37731992	169.58386012	157.04116262	173.38654956	171.61890952	162.95624863	161.50460729	175.94730244	165.78292291
19.31500000	115.27210291	154.48748851	176.93530089	161.73472164	159.18964184	171.36816533	169.60464291	157.06012311	173.42678897	171.66050123	162.95513405	161.51761834	176.04367701	165.84906533
19.32000000	115.40682006	154.39190174	176.92734318	161.73923833	159.16123103	171.35864105	169.62610737	157.07967381	173.46702445	171.70261577	162.95329481	161.52973041	176.13944261	165.91420627
19.32500000	115.54436365	154.29692125	176.91970383	161.74527483	159.13262638	171.34876021	169.64823014	157.09982024	173.50722381	171.74521545	162.95075516	161.54091885	176.23435737	165.97824466
19.33000000	115.68465458	154.20273076	176.91240121	161.75289596	159.10386035	171.33853707	169.67098632	157.12056715	173.54735580	171.78826157	162.94754260	161.55116291	176.32816360	166.04108356
19.33500000	115.82760864	154.10951284	176.90545365	161.76216364	159.07496518	171.32798695	169.69434953	157.14191854	173.58739009	171.83171457	162.94368760	161.56044585	176.42058727	166.10263053
19.34000000	115.97313684	154.01744814	176.89887937	161.77313661	159.04597287	171.31712620	169.71829196	157.16387756	173.62729735	171.87553413	162.93922341	161.56875488	176.51133761	166.16279795
19.34500000	116.12114566	153.92671472	176.89269639	161.78587023	159.01691506	171.30597210	169.74278443	157.18644642	173.66704915	171.91967931	162.93418581	161.57608118	176.60010695	166.22150330
19.35000000	116.27153736	153.83748735	176.88692252	161.80041622	158.98782302	171.29454281	169.76779645	157.20962636	173.70661801	171.96410866	162.92861286	161.58241990	176.68657093	166.27866957
19.35500000	116.42421029	153.74993680	176.88157523	161.81682241	158.95872752	171.28285731	169.79329625	157.23341752	173.74597739	172.00878035	162.92254465	161.58777007	176.77038914	166.33422547
19.36000000	116.57905922	153.66422922	176.87667168	161.83513255	158.92965881	171.27093530	169.81925085	157.25781889	173.78510160	172.05365225	162.91602306	161.59213459	176.85120636	166.38810575
19.36500000	116.73597563	153.58052546	176.87222863	161.85538610	158.90064655	171.25879716	169.84562611	157.28282823	173.82396583	172.09868209	162.90909147	161.59552017	176.92865453	166.44025146
19.37000000	116.89484814	153.49898044	176.86826240	161.87761798	158.87171969	171.24646386	169.87238677	157.30844195	173.86254610	172.14382753	162.90179452	161.59793718	177.00235560	166.49061017
19.37500000	117.05556277	153.41974258	176.86478884	161.90185846	158.84290646	171.23395689	169.89949652	157.33465509	173.90081918	172.18904627	162.89417785	161.59939963	177.07192546	166.53913618
19.38000000	117.21800336	153.34295320	176.86182333	161.92813291	158.81423429	171.22129821	169.92691804	157.36146115	173.93876260	172.23429619	162.88628784	161.59992500	177.13697901	166.58579072
19.38500000	117.38205190	153.26874599	176.85938070	161.95646168	158.78572972	171.20851017	169.95461304	157.38885207	173.97635458	172.27953544	162.87817135	161.59953418	177.19713646	166.63054205
19.39000000	117.54758894	153.19724653	176.85747527	161.98685994	158.75741836	171.19561545	169.98254236	157.41681811	174.01357396	172.32472250	162.86987546	161.59825124	177.25203091	166.67336560
19.39500000	117.71449392	153.12857177	176.85612084	162.01933752	158.72932482	171.18263699	170.01066596	157.44534774	174.05040018	172.36981635	162.86144724	161.59610339	177.30131698	166.71424403
19.40000000	117.88264558	153.06282964	176.85533062	162.05389883	158.70147266	171.16959791	170.03894302	157.47442762	174.08681324	172.41477652	162.85293348	161.59312072	177.34468036	166.75316727
19.40500000	118.05192234	153.00011866	176.85511732	162.09054273	158.67388434	171.15652152	170.06733199	157.50404243	174.12279362	172.45956321	162.84438046	161.58933612	177.38184777	166.79013247
19.41000000	118.22220266	152.94052758	176.85549307	162.12926248	158.64658117	171.14343116	170.09579065	157.53417486	174.15832226	172.50413736	162.83583375	161.58478505	177.41259678	166.82514401
19.41500000	118.39336541	152.88413508	176.85646950	162.17004562	158.61958324	171.13035026	170.12427616	157.56480551	174.19338050	172.54846075	162.82733793	161.57950536	177.43676487	166.85821335
19.42000000	118.56529028	152.83100955	176.85805768	162.21287399	158.59290943	171.11730218	170.15274515	157.59591278	174.22795007	172.59249611	162.81893645	161.57353714	177.45425696	166.88935893
19.42500000	118.73785813	152.78120886	176.86026818	162.25772366	158.56657736	171.10431024	170.18115379	157.62747286	174.26201303	172.63620717	162.81067138	161.56692246	177.46505078	166.91860599
19.43000000	118.91095130	152.73478020	176.86311105	162.30456497	158.54060333	171.09139766	170.20945783	157.65945965	174.29555174	172.67955874	162.80258323	161.55970523	177.46919950	166.94598636
19.43500000	119.08445405	152.69176004	176.86659582	162.35336253	158.51500236	171.07858748	170.23761274	157.69184469	174.32854886	172.72251680	162.79471080	161.55193096	177.46683137	166.97153822
19.44000000	119.25825281	152.65217400	176.87073156	162.40407527	158.48978817	171.06590254	170.26557375	157.72459718	174.36098731	172.76504857	162.78709101	161.54364658	177.45814633	166.99530580
19.44500000	119.43223656	152.61603694	176.87552678	162.45665653	158.46497315	171.05336547	170.29329596	157.75768388	174.39285028	172.80712255	162.77975873	161.53490021	177.44340990	167.01733909
19.45000000	119.60629712	152.58335296	176.88098953	162.51105416	158.44056839	171.04099859	170.32073445	157.79106917	174.42412120	172.84870861	162.77274669	161.52574095	177.42294476	167.03769353
19.45500000	119.78032946	152.55411553	176.88712734	162.56721062	158.41658369	171.02882393	170.34784434	157.82471502	174.45478374	172.88977801	162.76608534	161.51621869	177.39712093	167.05642957
19.46000000	119.95423194	152.52830767	176.89394722	162.62506315	158.39302760	171.01686317	170.37458097	157.85858099	174.48482187	172.93030346	162.75980279	161.50638392	177.36634501	167.07361239
19.46500000	120.12790659	152.50590216	176.90145563	162.68454394	158.36990743	171.00513758	170.40089995	157.89262433	174.51421979	172.97025918	162.75392468	161.49628746	177.33104944	167.08931139
19.47000000	120.30125936	152.48686176	176.90965849	162.74558034	158.34722929	170.99366803	170.42675731	157.92680000	174.54296205	173.00962087	162.74847420	161.48598033	177.29168220	167.10359987
19.47500000	120.47420031	152.47113960	176.91856112	162.80809504	158.32499815	170.98247493	170.45210965	157.96106073	174.57103348	173.04836578	162.74347198	161.47551352	177.24869757	167.11655452
19.48000000	120.64664381	152.45867945	176.92816824	162.87200637	158.30321788	170.97157819	170.47691422	157.99535717	174.59841933	173.08647272	162.73893613	161.46493778	177.20254805	167.12825505
19.48500000	120.81850871	152.44941619	176.93848390	162.93722853	158.28189131	170.96099720	170.50112910	158.02963799	174.62510520	173.12392206	162.73488221	161.45430347	177.15367775	167.13878367
19.49000000	120.98971849	152.44327617	176.94951147	163.00367188	158.26102029	170.95075075	170.52471332	158.06384999	174.65107721	173.16069570	162.73132328	161.44366035	177.10251710	167.14822470
19.49500000	121.16020137	152.44017777	176.96125356	163.07124326	158.24060572	170.94085707	170.54762702	158.09793832	174.67632193	173.19677711	162.72826989	161.43305738	177.04947893	167.15666411
19.50000000	121.32989041	152.44003180	176.97371199	163.13984628	158.22064769	170.93133370	170.56983156	158.13184664	174.70082655	173.23215129	162.72573023	161.42254260	176.99495565	167.16418904
19.50500000	121.49872358	152.44274213	176.98688774	163.20938169	158.20114545	170.92219753	170.59128969	158.16551732	174.72457888	173.26680474	162.72371009	161.41216292	176.93931746	167.17088741
19.51000000	121.66664378	152.44820616	177.00078087	163.27974772	158.18209756	170.91346471	170.61196568	158.19889168	174.74756741	173.30072544	162.72221305	161.40196399	176.88291131	167.17684742
19.51500000	121.83359890	152.45631546	177.01539048	163.35084043	158.16350190	170.90515060	170.63182548	158.23191024	174.76978142	173.33390283	162.72124053	161.39199002	176.82606059	167.18215719
19.52000000	121.99954176	152.46695632	177.03071461	163.42255407	158.14535573	170.89726978	170.65083682	158.26451295	174.79121104	173.36632773	162.72079190	161.38228366	176.76906521	167.18690431
19.52500000	122.16443011	152.48001039	177.04675025	163.49478149	158.12765581	170.88983597	170.66896937	158.29663955	174.81184731	173.39799236	162.72086464	161.37288586	176.71220209	167.19117544
19.53000000	122.32822652	152.49535526	177.06349319	163.56741448	158.11039839	170.88286197	170.68619484	158.32822977	174.83168224	173.42889024	162.72145444	161.36383575	176.65572589	167.19505594
19.53500000	122.49089833	152.51286508	177.08093802	163.64034418	158.09357928	170.87635968	170.70248712	158.35922369	174.85070893	173.45901616	162.72255535	161.35517050	176.59986988	167.19862949
19.54000000	122.65241750	152.53241123	177.09907803	163.71346142	158.07719392	170.87033999	170.71782235	158.38956207	174.86892159	173.48836617	162.72415994	161.34692526	176.54484694	167.20197777
19.54500000	122.81276047	152.55386286	177.11790519	163.78665714	158.06123741	170.86481278	170.73217905	158.41918661	174.88631563	173.51693746	162.72625939	161.33913302	176.49085060	167.20518006
19.55000000	122.97190799	152.57708755	177.13741006	163.85982273	158.04570457	170.85978689	170.74553818	158.44804034	174.90288774	173.54472838	162.72884371	161.33182454	176.43805606	167.20831300
19.55500000	123.12984493	152.60195188	177.15758177	163.93285040	158.03058992	170.85527005	170.75788322	158.47606792	174.91863590	173.57173834	162.73190182	161.32502830	176.38662120	167.21145028
19.56000000	123.28656004	152.62832201	177.17840795	164.00563354	158.01588780	170.85126888	170.76920021	158.50321593	174.93355949	173.59796782	162.73542176	161.31877040	176.33668763	167.21466233
19.56500000	123.44204571	152.65606429	177.19987470	164.07806706	158.00159235	170.84778883	170.77947779	158.52943325	174.94765931	173.62341825	162.73939077	161.31307450	176.28838157	167.21801610
19.57000000	123.59629774	152.68504572	177.22196659	164.15004771	157.98769752	170.84483419	170.78870727	158.55467131	174.96093762	173.64809204	162.74379545	161.30796182	176.24181479	167.22157485
19.57500000	123.74931501	152.71513453	177.24466658	164.22147443	157.97419715	170.84240806	170.79688259	158.57888444	174.97339818	173.67199249	162.74862189	161.30345107	176.19708544	167.22539789
19.58000000	123.90109922	152.74620067	177.26795605	164.29224863	157.96108495	170.84051231	170.80400032	158.60203009	174.98504627	173.69512378	162.75385581	161.29955843	176.15427880	167.22954042
19.58500000	124.05165456	152.77811625	177.29181479	164.36227450	157.94835456	170.83914759	170.81005970	158.62406916	174.99588874	173.71749091	162.75948267	161.29629755	176.11346806	167.23405339
19.59000000	124.20098739	152.81075599	177.31622097	164.43145927	157.93599952	170.83831334	170.81506254	158.64496617	175.00593397	173.73909967	162.76548774	161.29367952	176.07471499	167.23898332
19.59500000	124.34910588	152.84399762	177.34115119	164.49971348	157.92401332	170.83800777	170.81901325	158.66468955	175.01519192	173.75995662	162.77185626	161.29171289	176.03807054	167.24437217
19.60000000	124.49601972	152.87772225	177.36658048	164.56695123	157.91238944	170.83822784	170.82191871	158.68321179	175.02367409	173.78006902	162.77857349	161.29040371	176.00357548	167.25025731
19.60500000	124.64173972	152.91181475	177.39248232	164.63309038	157.90112131	170.83896933	170.82378830	158.70050964	175.03139351	173.79944486	162.78562482	161.28975547	175.97126090	167.25667138
19.61000000	124.78627748	152.94616400	177.41882872	164.69805282	157.89020237	170.84022683	170.82463375	158.71656422	175.03836475	173.81809275	162.79299579	161.28976923	175.94114875	167.26364227
19.61500000	124.92964503	152.98066321	177.44559023	164.76176459	157.87962606	170.84199374	170.82446912	158.73136116	175.04460382	173.83602198	162.80067221	161.29044359	175.91325233	167.27119313
19.62000000	125.07185447	153.01521014	177.47273601	164.82415610	157.86938587	170.84426231	170.82331067	158.74489068	175.05012821	173.85324242	162.80864017	161.29177476	175.88757674	167.27934233
19.62500000	125.21291763	153.04970735	177.50023390	164.88516230	157.85947530	170.84702368	170.82117683	158.75714763	175.05495676	173.86976451	162.81688606	161.29375662	175.86411929	167.28810351
19.63000000	125.35284571	153.08406233	177.52805052	164.94472276	157.84988790	170.85026790	170.81808807	158.76813154	175.05910965	173.88559928	162.82539665	161.29638080	175.84286993	167.29748566
19.63500000	125.49164895	153.11818768	177.55615131	165.00278184	157.84061728	170.85398397	170.81406681	158.77784657	175.06260832	173.90075825	162.83415904	161.29963668	175.82381168	167.30749317
19.64000000	125.62933629	153.15200121	177.58450065	165.05928879	157.83165710	170.85815989	170.80913737	158.78630149	175.06547538	173.91525347	162.84316070	161.30351158	175.80692092	167.31812599
19.64500000	125.76591507	153.18542605	177.61306196	165.11419780	157.82300113	170.86278266	170.80332580	158.79350964	175.06773454	173.92909746	162.85238944	161.30799073	175.79216786	167.32937971
19.65000000	125.90139070	153.21839067	177.64179782	165.16746809	157.81464316	170.86783838	170.79665986	158.79948878	175.06941055	173.94230319	162.86183342	161.31305744	175.77951684	167.34124574
19.65500000	126.03576639	153.25082893	177.67067004	165.21906393	157.80657709	170.87331225	170.78916889	158.80426100	175.07052902	173.95488407	162.87148106	161.31869317	175.76892666	167.35371152
19.66000000	126.16904284	153.28268008	177.69963983	165.26895470	157.79879690	170.87918867	170.78088372	158.80785255	175.07111641	173.96685392	162.88132105	161.32487763	175.76035099	167.36676067
19.66500000	126.30121805	153.31388873	177.72866789	165.31711485	157.79129662	170.88545121	170.77183656	158.81029365	175.07119987	173.97822692	162.89134230	161.33158889	175.75373865	167.38037326
19.67000000	126.43228700	153.34440478	177.75771457	165.36352393	157.78407036	170.89208274	170.76206097	158.81161832	175.07080715	173.98901764	162.90153385	161.33880350	175.74903396	167.39452600
19.67500000	126.56224152	153.37418338	177.78673996	165.40816651	157.77711231	170.89906541	170.75159168	158.81186412	175.06996648	173.99924095	162.91188483	161.34649660	175.74617706	167.40919253
19.68000000	126.69107003	153.40318478	177.81570407	165.45103218	157.77041668	170.90638077	170.74046456	158.81107192	175.06870645	174.00891205	162.92238439	161.35464201	175.74510423	167.42434364
19.68500000	126.81875744	153.43137426	177.84456693	165.49211542	157.76397776	170.91400977	170.72871653	158.80928563	175.06705590	174.01804641	162.93302166	161.36321242	175.74574821	167.43994759
19.69000000	126.94528495	153.45872198	177.87328875	165.53141557	157.75778984	170.92193282	170.71638542	158.80655193	175.06504380	174.02665974	162.94378561	161.37217946	175.74803853	167.45597036
19.69500000	127.07062999	153.48520281	177.90183007	165.56893667	157.75184726	170.93012987	170.70350992	158.80292000	175.06269913	174.03476798	162.95466505	161.38151383	175.75190180	167.47237592
19.70000000	127.19476613	153.51079619	177.93015186	165.60468737	157.74614434	170.93858044	170.69012949	158.79844116	175.06005078	174.04238727	162.96564855	161.39118546	175.75726202	167.48912656
19.70500000	127.31766299	153.53548595	177.95821570	165.63868079	157.74067539	170.94726368	170.67628422	158.79316862	175.05712739	174.04953389	162.97672435	161.40116361	175.76404091	167.50618313
19.71000000	127.43928630	153.55926008	177.98598391	165.67093434	157.73543472	170.95615841	170.66201480	158.78715713	175.05395729	174.05622424	162.98788032	161.41141701	175.77215819	167.52350538
19.71500000	127.55959784	153.58211061	178.01341966	165.70146957	157.73041659	170.96524321	170.64736237	158.78046270	175.05056838	174.06247482	162.99910395	161.42191399	175.78153190	167.54105217
19.72000000	127.67855552	153.60403334	178.04048715	165.73031200	157.72561518	170.97449642	170.63236847	158.77314223	175.04698799	174.06830218	163.01038223	161.43262262	175.79207870	167.55878179
19.72500000	127.79611348	153.62502767	178.06715167	165.75749088	157.72102464	170.98389626	170.61707489	158.76525324	175.04324283	174.07372289	163.02170170	161.44351082	175.80371417	167.57665225
19.73000000	127.91222218	153.64509637	178.09337982	165.78303902	157.71663903	170.99342084	170.60152361	158.75685354	175.03935886	174.07875348	163.03304841	161.45454649	175.81635311	167.59462146
19.73500000	128.02682854	153.66424539	178.11913954	165.80699256	157.71245233	171.00304821	170.58575668	158.74800095	175.03536124	174.08341046	163.04440788	161.46569768	175.82990981	167.61264754
19.74000000	128.13987618	153.68248364	178.14440028	165.82939074	157.70845843	171.01275645	170.56981609	158.73875294	175.03127420	174.08771020	163.05576515	161.47693264	175.84429839	167.63068901
19.74500000	128.25130561	153.69982276	178.16913311	165.85027566	157.70465112	171.02252371	170.55374369	158.72916641	175.02712102	174.09166899	163.06710477	161.48822001	175.85943308	167.64870503
19.75000000	128.36105446	153.71627692	178.19331078	165.86969207	157.70102411	171.03232825	170.53758107	158.71929740	175.02292393	174.09530292	163.07841085	161.49952891	175.87522848	167.66665560
19.75500000	128.46905782	153.73186263	178.21690787	165.88768707	157.69757099	171.04214854	170.52136943	158.70920078	175.01870406	174.09862791	163.08966707	161.51082905	175.89159989	167.68450171
19.76000000	128.57524856	153.74659849	178.23990083	165.90430989	157.69428532	171.05196327	170.50514945	158.69893007	175.01448140	174.10165962	163.10085678	161.52209085	175.90846355	167.70220555
19.76500000	128.67955765	153.76050505	178.26226808	165.91961164	157.69116054	171.06175142	170.48896120	158.68853715	175.01027473	174.10441350	163.11196300	161.53328557	175.92573695	167.71973065
19.77000000	128.78191459	153.77360455	178.28399009	165.93364502	157.68819007	171.07149235	170.47284398	158.67807209	175.00610164	174.10690470	163.12296854	161.54438538	175.94333909	167.73704199
19.77500000	128.88224778	153.78592075	178.30504939	165.94646413	157.68536728	171.08116579	170.45683621	158.66758291	175.00197844	174.10914804	163.13385607	161.55536347	175.96119075	167.75410616
19.78000000	128.98048505	153.79747874	178.32543068	165.95812412	157.68268553	171.09075199	170.44097527	158.65711541	174.99792017	174.11115805	163.14460819	161.56619417	175.97921475	167.77089142
19.78500000	129.07655403	153.80830477	178.34512081	165.96868102	157.68013822	171.10023168	170.42529743	158.64671302	174.99394060	174.11294891	163.15520755	161.57685299	175.99733619	167.78736781
19.79000000	129.17038271	153.81842603	178.36410882	165.97819145	157.67771875	171.10958621	170.40983765	158.63641666	174.99005222	174.11453441	163.16563693	161.58731673	176.01548271	167.80350721
19.79500000	129.26189995	153.82787048	178.38238598	165.98671237	157.67542063	171.11879755	170.39462949	158.62626458	174.98626621	174.11592801	163.17587934	161.59756356	176.03358472	167.81928342
19.80000000	129.35103598	153.83666671	178.39994575	165.99430085	157.67323748	171.12784836	170.37970499	158.61629228	174.98259252	174.11714274	163.18591815	161.60757307	176.05157561	167.83467217
19.80500000	129.43772296	153.84484373	178.41678377	166.00101382	157.67116305	171.13672208	170.36509452	158.60653244	174.97903981	174.11819127	163.19573717	161.61732634	176.06939195	167.84965117
19.81000000	129.52189555	153.85243085	178.43289788	166.00690787	157.66919128	171.14540293	170.35082669	158.59701483	174.97561554	174.11908584	163.20532079	161.62680601	176.08697372	167.86420015
19.81500000	129.60349145	153.85945747	178.44828804	166.01203898	157.66731634	171.15387601	170.33692821	158.58776628	174.97232595	174.11983832	163.21465407	161.63599627	176.10426443	167.87830083
19.82000000	129.68245196	153.86595297	178.46295629	166.01646236	157.66553261	171.16212731	170.32342383	158.57881065	174.96917612	174.12046013	163.22372284	161.64488298	176.12121132	167.89193696
19.82500000	129.75872256	153.87194654	178.47690672	166.02023219	157.66383477	171.17014381	170.31033620	158.57016883	174.96617000	174.12096228	163.23251381	161.65345362	176.13776550	167.90509429
19.83000000	129.83225343	153.87746706	178.49014538	166.02340149	157.66221783	171.17791347	170.29768580	158.56185876	174.96331049	174.12135540	163.24101467	161.66169737	176.15388207	167.91776060
19.83500000	129.90300005	153.88254296	178.50268023	166.02602186	157.66067711	171.18542534	170.28549089	158.55389546	174.96059943	174.12164965	163.24921418	161.66960509	176.16952017	167.92992562
19.84000000	129.97092363	153.88720207	178.51452102	166.02814340	157.65920827	171.19266954	170.27376742	158.54629107	174.95803769	174.12185480	163.25710227	161.67716934	176.18464316	167.94158106
19.84500000	130.03599171	153.89147155	178.52567925	166.02981446	157.65780738	171.19963734	170.26252899	158.53905495	174.95562523	174.12198019	163.26467007	161.68438437	176.19921859	167.95272058
19.85000000	130.09817857	153.89537776	178.53616803	166.03108156	157.65647085	171.20632119	170.25178679	158.53219374	174.95336113	174.12203474	163.27191005	161.69124609	176.21321827	167.96333972
19.85500000	130.15746567	153.89894616	178.54600202	166.03198926	157.65519551	171.21271472	170.24154962	158.52571146	174.95124371	174.12202693	163.27881601	161.69775211	176.22661829	167.97343595
19.86000000	130.21384211	153.90220122	178.55519730	166.03257998	157.65397856	171.21881283	170.23182386	158.51960966	174.94927050	174.12196482	163.28538317	161.70390163	176.23939898	167.98300853
19.86500000	130.26730492	153.90516636	178.56377127	166.03289398	157.65281758	171.22461162	170.22261346	158.51388751	174.94743841	174.12185604	163.29160821	161.70969545	176.25154494	167.99205859
19.87000000	130.31785943	153.90786389	178.57174256	166.03296922	157.65171051	171.23010850	170.21391997	158.50854195	174.94574371	174.12170779	163.29748927	161.71513593	176.26304489	168.00058898
19.87500000	130.36551947	153.91031491	178.57913087	166.03284132	157.65065566	171.23530214	170.20574260	158.50356785	174.94418214	174.12152683	163.30302600	161.72022689	176.27389168	168.00860432
19.88000000	130.41030761	153.91253936	178.58595693	166.03254349	157.64965162	171.24019246	170.19807821	158.49895815	174.94274897	174.12131949	163.30821953	161.72497361	176.28408216	168.01611091
19.88500000	130.45225528	153.91455591	178.59224232	166.03210653	157.64869730	171.24478070	170.19092145	158.49470404	174.94143906	174.12109164	163.31307250	161.72938269	176.29361701	168.02311669
19.89000000	130.49140284	153.91638199	178.59800938	166.03155876	157.64779186	171.24906931	170.18426477	158.49079513	174.94024692	174.12084875	163.31758901	161.73346205	176.30250066	168.02963120
19.89500000	130.52779957	153.91803379	178.60328112	166.03092605	157.64693464	171.25306200	170.17809856	158.48721960	174.93916679	174.12059580	163.32177460	161.73722077	176.31074112	168.03566550
19.90000000	130.56150358	153.91952625	178.60808106	166.03023182	157.64612519	171.25676370	170.17241122	158.48396440	174.93819268	174.12033736	163.32563620	161.74066907	176.31834974	168.04123216
19.90500000	130.59258163	153.92087313	178.61243316	166.02949708	157.64536315	171.26018048	170.16718930	158.48101541	174.93731844	174.12007755	163.32918211	161.74381813	176.32534107	168.04634513
19.91000000	130.62110895	153.92208703	178.61636169	166.02874048	157.64464824	171.26331956	170.16241763	158.47835760	174.93653784	174.11982004	163.33242187	161.74668009	176.33173259	168.05101971
19.91500000	130.64716885	153.92317941	178.61989109	166.02797834	157.64398019	171.26618921	170.15807944	158.47597525	174.93584456	174.11956807	163.33536624	161.74926787	176.33754451	168.05527245
19.92000000	130.67085231	153.92416072	178.62304592	166.02722473	157.64335873	171.26879873	170.15415654	158.47385206	174.93523232	174.11932445	163.33802706	161.75159506	176.34279946	168.05912106
19.92500000	130.69225753	153.92504040	178.62585069	166.02649160	157.64278349	171.27115834	170.15062946	158.47197136	174.93469488	174.11909156	163.34041718	161.75367585	176.34752229	168.06258430
19.93000000	130.71148928	153.92582703	178.62832977	166.02578880	157.64225398	171.27327910	170.14747765	158.47031621	174.93422610	174.11887135	163.34255035	161.75552490	176.35173974	168.06568189
19.93500000	130.72865832	153.92652835	178.63050729	166.02512425	157.64176957	171.27517287	170.14467961	158.46886965	174.93381997	174.11866539	163.34444105	161.75715717	176.35548014	168.06843436
19.94000000	130.74388056	153.92715138	178.63240703	166.02450404	157.64132942	171.27685213	170.14221311	158.46761472	174.93347066	174.11847483	163.34610443	161.75858789	176.35877315	168.07086293
19.94500000	130.75727633	153.92770251	178.63405230	166.02393256	157.64093248	171.27832997	170.14005540	158.46653472	174.93317258	174.11830045	163.34755611	161.75983234	176.36164941	168.07298935
19.95000000	130.76896942	153.92818758	178.63546584	166.02341262	157.64057746	171.27961991	170.13818336	158.46561325	174.93292033	174.11814269	163.34881204	161.76090583	176.36414023	168.07483577
19.95500000	130.77908616	153.92861198	178.63666975	166.02294562	157.64026281	171.28073581	170.13657371	158.46483438	174.93270881	174.11800165	163.34988840	161.76182349	176.36627731	168.07642453
19.96000000	130.78775441	153.92898070	178.63768533	166.02253168	157.63998673	171.28169172	170.13520322	158.46418272	174.93253320	174.11787711	163.35080138	161.76260024	176.36809237	168.07777804
19.96500000	130.79510249	153.92929843	178.63853305	166.02216981	157.63974717	171.28250181	170.13404891	158.46364357	174.93238898	174.11776859	163.35156703	161.76325061	176.36961688	168.07891854
19.97000000	130.80125810	153.92956962	178.63923242	166.02185804	157.63954185	171.28318019	170.13308823	158.46320298	174.93227195	174.11767538	163.35220117	161.76378867	176.37088174	168.07986798
19.97500000	130.80634715	153.92979853	178.63980193	166.02159361	157.63936827	171.28374078	170.13229923	158.46284781	174.93217825	174.11759654	163.35271915	161.76422791	176.37191701	168.08064775
19.98000000	130.81049272	153.92998927	178.64025895	166.02137313	157.63922376	171.28419721	170.13166080	158.46256585	174.93210433	174.11753097	163.35313575	161.76458119	176.37275157	168.08127859
19.98500000	130.81381385	153.93014582	178.64061970	166.02119269	157.63910552	171.28456265	170.13115278	158.46234581	174.93204697	174.11747745	163.35346504	161.76486060	176.37341296	168.08178033
19.99000000	130.81642447	153.93027207	178.64089915	166.02104806	157.63901066	171.28484974	170.13075615	158.46217740	174.93200330	174.11743468	163.35372025	161.76507740	176.37392704	168.08217176
19.99500000	130.81843237	153.93037182	178.64111099	166.02093482	157.63893625	171.28507039	170.13045318	158.46205134	174.93197077	174.11740129	163.35391364	161.76524199	176.37431788	168.08247044
